                :-) GROMACS - gmx mdrun, 2026.0-conda_forge (-:

Copyright 1991-2026 The GROMACS Authors.
GROMACS is free software; you can redistribute it and/or modify it
under the terms of the GNU Lesser General Public License
as published by the Free Software Foundation; either version 2.1
of the License, or (at your option) any later version.

                         Current GROMACS contributors:
       Mark Abraham           Andrey Alekseenko           Brian Andrews       
        Paul Bauer              Cathrine Bergh              Hugh Bird         
      Eliane Briand               Ania Brown                Yiqi Chen         
      Mahesh Doijade            Giacomo Fiorin          Stefan Fleischmann    
      Sergey Gorelov         Gilles Gouaillardet            Alan Gray         
   Farzaneh Jalalypour         Petter Johansson          Carsten Kutzner      
    Grzegorz Łazarski         Justin A. Lemkul          Magnus Lundborg      
        Julio Maia               Pascal Merz             Vedran Miletić      
      Dmitry Morozov           Lukas Müllender           Szilárd Páll      
 Andrea Pasquadibisceglie     Michele Pellegrino         Nicola Piasentin     
     Daniele Rapetti         Muhammad Umair Sadiq         Hubert Santuz       
      Michael Shirts           Tatiana Shugaeva          Alexey Shvetsov      
     Bálint Soproni            Philip Turner            Alessandra Villa     
        Yang Zhang        

                         Previous GROMACS contributors:
        Emile Apol             Rossen Apostolov           James Barnett       
      Vladimir Basov        Herman J.C. Berendsen          Par Bjelkmar       
      Christian Blau          Viacheslav Bolnykh            Kevin Boyd        
    Aldert van Buuren          Carlo Camilloni           Rudi van Drunen      
      Anton Feenstra           Oliver Fleetwood            Vytas Gapsys       
       Gaurav Garg             Gerrit Groenhof            Bert de Groot       
      Anca Hamuraru           Vincent Hindriksen          Victor Holanda      
     M. Eric Irrgang           Aleksei Iupinov              Joe Jordan        
    Christoph Junghans        Prashanth Kanduri        Dimitrios Karkoulis    
       Peter Kasson             Sebastian Kehl           Sebastian Keller     
        Jiri Kraus               Per Larsson              Viveca Lindahl      
      Erik Marklund           Pieter Meulenhoff           Teemu Murtola       
       Julien Nabet              Sander Pronk             Roland Schulz       
      Alfons Sijbers         David van der Spoel          Peter Tieleman      
      Carsten Uphoff             Jon Vincent             Teemu Virolainen     
    Christian Wennberg     Sebastian Wingbermühle         Maarten Wolf       
      Artem Zhmurov       

                  Coordinated by the GROMACS project leaders:
                           Berk Hess and Erik Lindahl

GROMACS:      gmx mdrun, version 2026.0-conda_forge
Executable:   /root/miniconda3/envs/gromacs/bin.AVX2_256/gmx
Data prefix:  /root/miniconda3/envs/gromacs
Working dir:  /root/collagen
Process ID:   7477
Command line:
  gmx mdrun -v -s 1000pN.tpr -deffnm 1000pN -pf pullfx.xvg -px pullx1.xvg -maxh 24 -dlb yes -ntomp 20 -ntmpi 1 -rdd 3.9

GROMACS version:     2026.0-conda_forge
Precision:           mixed
Memory model:        64 bit
MPI library:         thread_mpi
MPI version:         built in
OpenMP support:      enabled (GMX_OPENMP_MAX_THREADS = 128)
GPU support:         OpenCL
NBNxM GPU setup:     super-cluster 2x2x2 / cluster 8 (cluster-pair splitting on)
SIMD instructions:   AVX2_256
CPU FFT library:     fftw-3.3.11-sse2-avx
GPU FFT library:     clFFT
Multi-GPU FFT:       none
RDTSCP:              disabled
TNG support:         enabled
Hwloc support:       disabled
Tracing support:     disabled
Colvars support:     enabled (version 2025-10-13)
CP2K support:        disabled
Torch support:       disabled
Plumed support:      enabled
C compiler:          /home/conda/feedstock_root/build_artifacts/gromacs_1770909732141/_build_env/bin/x86_64-conda-linux-gnu-cc GNU 14.3.0
C compiler flags:    -fexcess-precision=fast -funroll-all-loops -mavx2 -mfma -Wno-missing-field-initializers -O3 -DNDEBUG
C++ compiler:        /home/conda/feedstock_root/build_artifacts/gromacs_1770909732141/_build_env/bin/x86_64-conda-linux-gnu-c++ GNU 14.3.0
C++ compiler flags:  -fexcess-precision=fast -funroll-all-loops -mavx2 -mfma -Wno-missing-field-initializers -Wno-stringop-truncation -Wno-cast-function-type-strict SHELL:-fopenmp -O3 -DNDEBUG
BLAS library:        Internal
LAPACK library:      Internal
OpenCL include dir:  /root/miniconda3/envs/gromacs/include
OpenCL library:      /root/miniconda3/envs/gromacs/lib/libOpenCL.so
OpenCL version:      3.0


Running on 1 node with total 8 cores, 8 processing units (GPU detection failed: No valid OpenCL driver found)
Hardware detected on host simatomic-dev-e9620b69-51-159-154-28:
  CPU info:
    Vendor: AMD
    Brand:  AMD EPYC 7413 24-Core Processor                
    Family: 25   Model: 1   Stepping: 1
    Features: aes amd apic avx avx2 clfsh cmov cx8 cx16 f16c fma htt lahf misalignsse mmx msr pcid pclmuldq pdpe1gb popcnt pse rdrnd rdtscp sha sse2 sse3 sse4a sse4.1 sse4.2 ssse3 tdt x2apic
  Hardware topology: Basic
    Packages, cores, and logical processors:
    [indices refer to OS logical processors]
      Package  0: [   0] [   1] [   2] [   3] [   4] [   5] [   6] [   7]
    CPU limit set by OS: -1   Recommended max number of threads: 8

The current CPU can measure timings more accurately than the code in
gmx mdrun was configured to use. This might affect your simulation
speed as accurate timings are needed for load-balancing.
Please consider rebuilding gmx mdrun with the GMX_USE_RDTSCP=ON CMake option.

++++ PLEASE READ AND CITE THE FOLLOWING REFERENCE ++++
M. J. Abraham, T. Murtola, R. Schulz, S. Páll, J. C. Smith, B. Hess, E.
Lindahl
GROMACS: High performance molecular simulations through multi-level
parallelism from laptops to supercomputers
SoftwareX (2015)
https://doi.org/10.1016/j.softx.2015.06.001
-------- -------- --- Thank You --- -------- --------


++++ PLEASE READ AND CITE THE FOLLOWING REFERENCE ++++
S. Páll, M. J. Abraham, C. Kutzner, B. Hess, E. Lindahl
Tackling Exascale Software Challenges in Molecular Dynamics Simulations with
GROMACS
In S. Markidis & E. Laure (Eds.), Solving Software Challenges for Exascale (2015)
https://doi.org/10.1007/978-3-319-15976-8_1
-------- -------- --- Thank You --- -------- --------


++++ PLEASE READ AND CITE THE FOLLOWING REFERENCE ++++
S. Pronk, S. Páll, R. Schulz, P. Larsson, P. Bjelkmar, R. Apostolov, M. R.
Shirts, J. C. Smith, P. M. Kasson, D. van der Spoel, B. Hess, E. Lindahl
GROMACS 4.5: a high-throughput and highly parallel open source molecular
simulation toolkit
Bioinformatics (2013)
https://doi.org/10.1093/bioinformatics/btt055
-------- -------- --- Thank You --- -------- --------


++++ PLEASE READ AND CITE THE FOLLOWING REFERENCE ++++
B. Hess, C. Kutzner, D. van der Spoel, E. Lindahl
GROMACS 4: Algorithms for highly efficient, load-balanced, and scalable
molecular simulation
J. Chem. Theory Comput. (2008)
https://doi.org/10.1021/ct700301q
-------- -------- --- Thank You --- -------- --------


++++ PLEASE READ AND CITE THE FOLLOWING REFERENCE ++++
D. van der Spoel, E. Lindahl, B. Hess, G. Groenhof, A. E. Mark, H. J. C.
Berendsen
GROMACS: Fast, Flexible and Free
J. Comp. Chem. (2005)
https://doi.org/10.1002/jcc.20291
-------- -------- --- Thank You --- -------- --------


++++ PLEASE READ AND CITE THE FOLLOWING REFERENCE ++++
E. Lindahl, B. Hess, D. van der Spoel
GROMACS 3.0: A package for molecular simulation and trajectory analysis
J. Mol. Mod. (2001)
https://doi.org/10.1007/s008940100045
-------- -------- --- Thank You --- -------- --------


++++ PLEASE READ AND CITE THE FOLLOWING REFERENCE ++++
H. J. C. Berendsen, D. van der Spoel and R. van Drunen
GROMACS: A message-passing parallel molecular dynamics implementation
Comp. Phys. Comm. (1995)
https://doi.org/10.1016/0010-4655(95)00042-E
-------- -------- --- Thank You --- -------- --------

Input Parameters:
   integrator                     = md
   tinit                          = 0
   dt                             = 0.0055
   nsteps                         = 20000000
   init-step                      = 0
   simulation-part                = 1
   mts                            = false
   mass-repartition-factor        = 1
   comm-mode                      = Linear
   nstcomm                        = 100
   bd-fric                        = 0
   ld-seed                        = -1342185257
   emtol                          = 10
   emstep                         = 0.01
   niter                          = 20
   fcstep                         = 0
   nstcgsteep                     = 1000
   nbfgscorr                      = 10
   rtpi                           = 0.05
   nstxout                        = 0
   nstvout                        = 0
   nstfout                        = 0
   nstlog                         = 1000
   nstcalcenergy                  = 100
   nstenergy                      = 1000
   nstxout-compressed             = 1000
   compressed-x-precision         = 1000
   cutoff-scheme                  = Verlet
   nstlist                        = 20
   pbc                            = xyz
   periodic-molecules             = false
   verlet-buffer-tolerance        = -1
   verlet-buffer-pressure-tolerance = -1
   rlist                          = 1.35
   coulombtype                    = Reaction-Field
   coulomb-modifier               = Potential-shift
   rcoulomb-switch                = 0
   rcoulomb                       = 1.1
   epsilon-r                      = 15
   epsilon-rf                     = inf
   vdw-type                       = Cut-off
   vdw-modifier                   = Potential-shift
   rvdw-switch                    = 0
   rvdw                           = 1.1
   DispCorr                       = No
   table-extension                = 1
   fourierspacing                 = 0.12
   fourier-nx                     = 0
   fourier-ny                     = 0
   fourier-nz                     = 0
   pme-order                      = 4
   ewald-rtol                     = 1e-05
   ewald-rtol-lj                  = 0.001
   lj-pme-comb-rule               = Geometric
   ewald-geometry                 = 3d
   epsilon-surface                = 0
   ensemble-temperature-setting   = constant
   ensemble-temperature           = 303
   tcoupl                         = V-rescale
   nsttcouple                     = 50
   nh-chain-length                = 0
   print-nose-hoover-chain-variables = false
   pcoupl                         = Parrinello-Rahman
   pcoupltype                     = Isotropic
   nstpcouple                     = 100
   tau-p                          = 12
   compressibility (3x3):
      compressibility[    0]={ 3.00000e-04,  0.00000e+00,  0.00000e+00}
      compressibility[    1]={ 0.00000e+00,  3.00000e-04,  0.00000e+00}
      compressibility[    2]={ 0.00000e+00,  0.00000e+00,  3.00000e-04}
   ref-p (3x3):
      ref-p[    0]={ 1.00000e+00,  0.00000e+00,  0.00000e+00}
      ref-p[    1]={ 0.00000e+00,  1.00000e+00,  0.00000e+00}
      ref-p[    2]={ 0.00000e+00,  0.00000e+00,  1.00000e+00}
   refcoord-scaling               = COM
   posres-com (0x3):
   posres-comB (0x3):
   QMMM                           = false
qm-opts:
   ngQM                           = 0
   constraint-algorithm           = Lincs
   continuation                   = false
   Shake-SOR                      = false
   shake-tol                      = 0.0001
   lincs-order                    = 4
   lincs-iter                     = 1
   lincs-warnangle                = 30
   nwall                          = 0
   wall-type                      = 9-3
   wall-r-linpot                  = -1
   wall-atomtype[0]               = -1
   wall-atomtype[1]               = -1
   wall-density[0]                = 0
   wall-density[1]                = 0
   wall-ewald-zfac                = 3
   pull                           = true
   pull-cylinder-r                = 1.5
   pull-constr-tol                = 1e-06
   pull-print-COM                 = false
   pull-print-ref-value           = true
   pull-print-components          = true
   pull-nstxout                   = 1000
   pull-nstfout                   = 1000
   pull-pbc-ref-prev-step-com     = false
   pull-xout-average              = false
   pull-fout-average              = false
   pull-ngroups                   = 67
   pull-group 0:
     atom: not available
     weight: not available
     pbcatom                        = -1
   pull-group 1:
     atom (1):
        atom[0]=0
     weight: not available
     pbcatom                        = -1
   pull-group 2:
     atom (1):
        atom[0]=414
     weight: not available
     pbcatom                        = -1
   pull-group 3:
     atom (1):
        atom[0]=415
     weight: not available
     pbcatom                        = -1
   pull-group 4:
     atom (1):
        atom[0]=828
     weight: not available
     pbcatom                        = -1
   pull-group 5:
     atom (1):
        atom[0]=829
     weight: not available
     pbcatom                        = -1
   pull-group 6:
     atom (1):
        atom[0]=1237
     weight: not available
     pbcatom                        = -1
   pull-group 7:
     atom (1):
        atom[0]=1940
     weight: not available
     pbcatom                        = -1
   pull-group 8:
     atom (1):
        atom[0]=3729
     weight: not available
     pbcatom                        = -1
   pull-group 9:
     atom (1):
        atom[0]=2259
     weight: not available
     pbcatom                        = -1
   pull-group 10:
     atom (1):
        atom[0]=4065
     weight: not available
     pbcatom                        = -1
   pull-group 11:
     atom (1):
        atom[0]=2582
     weight: not available
     pbcatom                        = -1
   pull-group 12:
     atom (1):
        atom[0]=4389
     weight: not available
     pbcatom                        = -1
   pull-group 13:
     atom (1):
        atom[0]=4933
     weight: not available
     pbcatom                        = -1
   pull-group 14:
     atom (1):
        atom[0]=6722
     weight: not available
     pbcatom                        = -1
   pull-group 15:
     atom (1):
        atom[0]=5252
     weight: not available
     pbcatom                        = -1
   pull-group 16:
     atom (1):
        atom[0]=7058
     weight: not available
     pbcatom                        = -1
   pull-group 17:
     atom (1):
        atom[0]=5575
     weight: not available
     pbcatom                        = -1
   pull-group 18:
     atom (1):
        atom[0]=7382
     weight: not available
     pbcatom                        = -1
   pull-group 19:
     atom (1):
        atom[0]=7926
     weight: not available
     pbcatom                        = -1
   pull-group 20:
     atom (1):
        atom[0]=8341
     weight: not available
     pbcatom                        = -1
   pull-group 21:
     atom (1):
        atom[0]=8342
     weight: not available
     pbcatom                        = -1
   pull-group 22:
     atom (1):
        atom[0]=8759
     weight: not available
     pbcatom                        = -1
   pull-group 23:
     atom (1):
        atom[0]=8760
     weight: not available
     pbcatom                        = -1
   pull-group 24:
     atom (1):
        atom[0]=9176
     weight: not available
     pbcatom                        = -1
   pull-group 25:
     atom (1):
        atom[0]=9887
     weight: not available
     pbcatom                        = -1
   pull-group 26:
     atom (1):
        atom[0]=10311
     weight: not available
     pbcatom                        = -1
   pull-group 27:
     atom (1):
        atom[0]=10312
     weight: not available
     pbcatom                        = -1
   pull-group 28:
     atom (1):
        atom[0]=10737
     weight: not available
     pbcatom                        = -1
   pull-group 29:
     atom (1):
        atom[0]=10738
     weight: not available
     pbcatom                        = -1
   pull-group 30:
     atom (1):
        atom[0]=11159
     weight: not available
     pbcatom                        = -1
   pull-group 31:
     atom (1):
        atom[0]=11877
     weight: not available
     pbcatom                        = -1
   pull-group 32:
     atom (1):
        atom[0]=12301
     weight: not available
     pbcatom                        = -1
   pull-group 33:
     atom (1):
        atom[0]=12302
     weight: not available
     pbcatom                        = -1
   pull-group 34:
     atom (1):
        atom[0]=12727
     weight: not available
     pbcatom                        = -1
   pull-group 35:
     atom (1):
        atom[0]=12728
     weight: not available
     pbcatom                        = -1
   pull-group 36:
     atom (1):
        atom[0]=13149
     weight: not available
     pbcatom                        = -1
   pull-group 37:
     atom (1):
        atom[0]=13867
     weight: not available
     pbcatom                        = -1
   pull-group 38:
     atom (1):
        atom[0]=14281
     weight: not available
     pbcatom                        = -1
   pull-group 39:
     atom (1):
        atom[0]=14282
     weight: not available
     pbcatom                        = -1
   pull-group 40:
     atom (1):
        atom[0]=14695
     weight: not available
     pbcatom                        = -1
   pull-group 41:
     atom (1):
        atom[0]=14696
     weight: not available
     pbcatom                        = -1
   pull-group 42:
     atom (1):
        atom[0]=15104
     weight: not available
     pbcatom                        = -1
   pull-group 43:
     atom (1):
        atom[0]=15807
     weight: not available
     pbcatom                        = -1
   pull-group 44:
     atom (1):
        atom[0]=17596
     weight: not available
     pbcatom                        = -1
   pull-group 45:
     atom (1):
        atom[0]=16126
     weight: not available
     pbcatom                        = -1
   pull-group 46:
     atom (1):
        atom[0]=17932
     weight: not available
     pbcatom                        = -1
   pull-group 47:
     atom (1):
        atom[0]=16449
     weight: not available
     pbcatom                        = -1
   pull-group 48:
     atom (1):
        atom[0]=18256
     weight: not available
     pbcatom                        = -1
   pull-group 49:
     atom (1):
        atom[0]=18800
     weight: not available
     pbcatom                        = -1
   pull-group 50:
     atom (1):
        atom[0]=19215
     weight: not available
     pbcatom                        = -1
   pull-group 51:
     atom (1):
        atom[0]=19216
     weight: not available
     pbcatom                        = -1
   pull-group 52:
     atom (1):
        atom[0]=19633
     weight: not available
     pbcatom                        = -1
   pull-group 53:
     atom (1):
        atom[0]=19634
     weight: not available
     pbcatom                        = -1
   pull-group 54:
     atom (1):
        atom[0]=20050
     weight: not available
     pbcatom                        = -1
   pull-group 55:
     atom (1):
        atom[0]=20761
     weight: not available
     pbcatom                        = -1
   pull-group 56:
     atom (1):
        atom[0]=21175
     weight: not available
     pbcatom                        = -1
   pull-group 57:
     atom (1):
        atom[0]=21176
     weight: not available
     pbcatom                        = -1
   pull-group 58:
     atom (1):
        atom[0]=21589
     weight: not available
     pbcatom                        = -1
   pull-group 59:
     atom (1):
        atom[0]=21590
     weight: not available
     pbcatom                        = -1
   pull-group 60:
     atom (1):
        atom[0]=21998
     weight: not available
     pbcatom                        = -1
   pull-group 61:
     atom (1):
        atom[0]=22701
     weight: not available
     pbcatom                        = -1
   pull-group 62:
     atom (1):
        atom[0]=24490
     weight: not available
     pbcatom                        = -1
   pull-group 63:
     atom (1):
        atom[0]=23020
     weight: not available
     pbcatom                        = -1
   pull-group 64:
     atom (1):
        atom[0]=24826
     weight: not available
     pbcatom                        = -1
   pull-group 65:
     atom (1):
        atom[0]=23343
     weight: not available
     pbcatom                        = -1
   pull-group 66:
     atom (1):
        atom[0]=25150
     weight: not available
     pbcatom                        = -1
   pull-ncoords                   = 66
   pull-coord 0:
   type                           = constant-force
   geometry                       = direction
   group[0]                       = 0
   group[1]                       = 1
   dim (3):
      dim[0]=0
      dim[1]=0
      dim[2]=1
   origin (3):
      origin[0]= 0.00000e+00
      origin[1]= 0.00000e+00
      origin[2]= 0.00000e+00
   vec (3):
      vec[0]= 0.00000e+00
      vec[1]= 0.00000e+00
      vec[2]= 1.00000e+00
   start                          = true
   init                           = 13.112
   rate                           = 0
   k                              = 1806
   kB                             = 1806
   pull-coord 1:
   type                           = constant-force
   geometry                       = direction
   group[0]                       = 0
   group[1]                       = 2
   dim (3):
      dim[0]=0
      dim[1]=0
      dim[2]=1
   origin (3):
      origin[0]= 0.00000e+00
      origin[1]= 0.00000e+00
      origin[2]= 0.00000e+00
   vec (3):
      vec[0]= 0.00000e+00
      vec[1]= 0.00000e+00
      vec[2]= 1.00000e+00
   start                          = true
   init                           = -12.4826
   rate                           = 0
   k                              = -1806
   kB                             = -1806
   pull-coord 2:
   type                           = constant-force
   geometry                       = direction
   group[0]                       = 0
   group[1]                       = 3
   dim (3):
      dim[0]=0
      dim[1]=0
      dim[2]=1
   origin (3):
      origin[0]= 0.00000e+00
      origin[1]= 0.00000e+00
      origin[2]= 0.00000e+00
   vec (3):
      vec[0]= 0.00000e+00
      vec[1]= 0.00000e+00
      vec[2]= 1.00000e+00
   start                          = true
   init                           = 13.528
   rate                           = 0
   k                              = 1806
   kB                             = 1806
   pull-coord 3:
   type                           = constant-force
   geometry                       = direction
   group[0]                       = 0
   group[1]                       = 4
   dim (3):
      dim[0]=0
      dim[1]=0
      dim[2]=1
   origin (3):
      origin[0]= 0.00000e+00
      origin[1]= 0.00000e+00
      origin[2]= 0.00000e+00
   vec (3):
      vec[0]= 0.00000e+00
      vec[1]= 0.00000e+00
      vec[2]= 1.00000e+00
   start                          = true
   init                           = -12.1826
   rate                           = 0
   k                              = -1806
   kB                             = -1806
   pull-coord 4:
   type                           = constant-force
   geometry                       = direction
   group[0]                       = 0
   group[1]                       = 5
   dim (3):
      dim[0]=0
      dim[1]=0
      dim[2]=1
   origin (3):
      origin[0]= 0.00000e+00
      origin[1]= 0.00000e+00
      origin[2]= 0.00000e+00
   vec (3):
      vec[0]= 0.00000e+00
      vec[1]= 0.00000e+00
      vec[2]= 1.00000e+00
   start                          = true
   init                           = 13.269
   rate                           = 0
   k                              = 1806
   kB                             = 1806
   pull-coord 5:
   type                           = constant-force
   geometry                       = direction
   group[0]                       = 0
   group[1]                       = 6
   dim (3):
      dim[0]=0
      dim[1]=0
      dim[2]=1
   origin (3):
      origin[0]= 0.00000e+00
      origin[1]= 0.00000e+00
      origin[2]= 0.00000e+00
   vec (3):
      vec[0]= 0.00000e+00
      vec[1]= 0.00000e+00
      vec[2]= 1.00000e+00
   start                          = true
   init                           = -12.4956
   rate                           = 0
   k                              = -1806
   kB                             = -1806
   pull-coord 6:
   type                           = constant-force
   geometry                       = direction
   group[0]                       = 0
   group[1]                       = 7
   dim (3):
      dim[0]=0
      dim[1]=0
      dim[2]=1
   origin (3):
      origin[0]= 0.00000e+00
      origin[1]= 0.00000e+00
      origin[2]= 0.00000e+00
   vec (3):
      vec[0]= 0.00000e+00
      vec[1]= 0.00000e+00
      vec[2]= 1.00000e+00
   start                          = true
   init                           = 12.569
   rate                           = 0
   k                              = 1806
   kB                             = 1806
   pull-coord 7:
   type                           = constant-force
   geometry                       = direction
   group[0]                       = 0
   group[1]                       = 8
   dim (3):
      dim[0]=0
      dim[1]=0
      dim[2]=1
   origin (3):
      origin[0]= 0.00000e+00
      origin[1]= 0.00000e+00
      origin[2]= 0.00000e+00
   vec (3):
      vec[0]= 0.00000e+00
      vec[1]= 0.00000e+00
      vec[2]= 1.00000e+00
   start                          = true
   init                           = -10.6706
   rate                           = 0
   k                              = -1806
   kB                             = -1806
   pull-coord 8:
   type                           = constant-force
   geometry                       = direction
   group[0]                       = 0
   group[1]                       = 9
   dim (3):
      dim[0]=0
      dim[1]=0
      dim[2]=1
   origin (3):
      origin[0]= 0.00000e+00
      origin[1]= 0.00000e+00
      origin[2]= 0.00000e+00
   vec (3):
      vec[0]= 0.00000e+00
      vec[1]= 0.00000e+00
      vec[2]= 1.00000e+00
   start                          = true
   init                           = 12.478
   rate                           = 0
   k                              = 1806
   kB                             = 1806
   pull-coord 9:
   type                           = constant-force
   geometry                       = direction
   group[0]                       = 0
   group[1]                       = 10
   dim (3):
      dim[0]=0
      dim[1]=0
      dim[2]=1
   origin (3):
      origin[0]= 0.00000e+00
      origin[1]= 0.00000e+00
      origin[2]= 0.00000e+00
   vec (3):
      vec[0]= 0.00000e+00
      vec[1]= 0.00000e+00
      vec[2]= 1.00000e+00
   start                          = true
   init                           = -10.6316
   rate                           = 0
   k                              = -1806
   kB                             = -1806
   pull-coord 10:
   type                           = constant-force
   geometry                       = direction
   group[0]                       = 0
   group[1]                       = 11
   dim (3):
      dim[0]=0
      dim[1]=0
      dim[2]=1
   origin (3):
      origin[0]= 0.00000e+00
      origin[1]= 0.00000e+00
      origin[2]= 0.00000e+00
   vec (3):
      vec[0]= 0.00000e+00
      vec[1]= 0.00000e+00
      vec[2]= 1.00000e+00
   start                          = true
   init                           = 13.635
   rate                           = 0
   k                              = 1806
   kB                             = 1806
   pull-coord 11:
   type                           = constant-force
   geometry                       = direction
   group[0]                       = 0
   group[1]                       = 12
   dim (3):
      dim[0]=0
      dim[1]=0
      dim[2]=1
   origin (3):
      origin[0]= 0.00000e+00
      origin[1]= 0.00000e+00
      origin[2]= 0.00000e+00
   vec (3):
      vec[0]= 0.00000e+00
      vec[1]= 0.00000e+00
      vec[2]= 1.00000e+00
   start                          = true
   init                           = -10.9926
   rate                           = 0
   k                              = -1806
   kB                             = -1806
   pull-coord 12:
   type                           = constant-force
   geometry                       = direction
   group[0]                       = 0
   group[1]                       = 13
   dim (3):
      dim[0]=0
      dim[1]=0
      dim[2]=1
   origin (3):
      origin[0]= 0.00000e+00
      origin[1]= 0.00000e+00
      origin[2]= 0.00000e+00
   vec (3):
      vec[0]= 0.00000e+00
      vec[1]= 0.00000e+00
      vec[2]= 1.00000e+00
   start                          = true
   init                           = 11.738
   rate                           = 0
   k                              = 1806
   kB                             = 1806
   pull-coord 13:
   type                           = constant-force
   geometry                       = direction
   group[0]                       = 0
   group[1]                       = 14
   dim (3):
      dim[0]=0
      dim[1]=0
      dim[2]=1
   origin (3):
      origin[0]= 0.00000e+00
      origin[1]= 0.00000e+00
      origin[2]= 0.00000e+00
   vec (3):
      vec[0]= 0.00000e+00
      vec[1]= 0.00000e+00
      vec[2]= 1.00000e+00
   start                          = true
   init                           = -11.4146
   rate                           = 0
   k                              = -1806
   kB                             = -1806
   pull-coord 14:
   type                           = constant-force
   geometry                       = direction
   group[0]                       = 0
   group[1]                       = 15
   dim (3):
      dim[0]=0
      dim[1]=0
      dim[2]=1
   origin (3):
      origin[0]= 0.00000e+00
      origin[1]= 0.00000e+00
      origin[2]= 0.00000e+00
   vec (3):
      vec[0]= 0.00000e+00
      vec[1]= 0.00000e+00
      vec[2]= 1.00000e+00
   start                          = true
   init                           = 11.808
   rate                           = 0
   k                              = 1806
   kB                             = 1806
   pull-coord 15:
   type                           = constant-force
   geometry                       = direction
   group[0]                       = 0
   group[1]                       = 16
   dim (3):
      dim[0]=0
      dim[1]=0
      dim[2]=1
   origin (3):
      origin[0]= 0.00000e+00
      origin[1]= 0.00000e+00
      origin[2]= 0.00000e+00
   vec (3):
      vec[0]= 0.00000e+00
      vec[1]= 0.00000e+00
      vec[2]= 1.00000e+00
   start                          = true
   init                           = -11.3686
   rate                           = 0
   k                              = -1806
   kB                             = -1806
   pull-coord 16:
   type                           = constant-force
   geometry                       = direction
   group[0]                       = 0
   group[1]                       = 17
   dim (3):
      dim[0]=0
      dim[1]=0
      dim[2]=1
   origin (3):
      origin[0]= 0.00000e+00
      origin[1]= 0.00000e+00
      origin[2]= 0.00000e+00
   vec (3):
      vec[0]= 0.00000e+00
      vec[1]= 0.00000e+00
      vec[2]= 1.00000e+00
   start                          = true
   init                           = 12.827
   rate                           = 0
   k                              = 1806
   kB                             = 1806
   pull-coord 17:
   type                           = constant-force
   geometry                       = direction
   group[0]                       = 0
   group[1]                       = 18
   dim (3):
      dim[0]=0
      dim[1]=0
      dim[2]=1
   origin (3):
      origin[0]= 0.00000e+00
      origin[1]= 0.00000e+00
      origin[2]= 0.00000e+00
   vec (3):
      vec[0]= 0.00000e+00
      vec[1]= 0.00000e+00
      vec[2]= 1.00000e+00
   start                          = true
   init                           = -11.9376
   rate                           = 0
   k                              = -1806
   kB                             = -1806
   pull-coord 18:
   type                           = constant-force
   geometry                       = direction
   group[0]                       = 0
   group[1]                       = 19
   dim (3):
      dim[0]=0
      dim[1]=0
      dim[2]=1
   origin (3):
      origin[0]= 0.00000e+00
      origin[1]= 0.00000e+00
      origin[2]= 0.00000e+00
   vec (3):
      vec[0]= 0.00000e+00
      vec[1]= 0.00000e+00
      vec[2]= 1.00000e+00
   start                          = true
   init                           = 13.174
   rate                           = 0
   k                              = 1806
   kB                             = 1806
   pull-coord 19:
   type                           = constant-force
   geometry                       = direction
   group[0]                       = 0
   group[1]                       = 20
   dim (3):
      dim[0]=0
      dim[1]=0
      dim[2]=1
   origin (3):
      origin[0]= 0.00000e+00
      origin[1]= 0.00000e+00
      origin[2]= 0.00000e+00
   vec (3):
      vec[0]= 0.00000e+00
      vec[1]= 0.00000e+00
      vec[2]= 1.00000e+00
   start                          = true
   init                           = -12.1246
   rate                           = 0
   k                              = -1806
   kB                             = -1806
   pull-coord 20:
   type                           = constant-force
   geometry                       = direction
   group[0]                       = 0
   group[1]                       = 21
   dim (3):
      dim[0]=0
      dim[1]=0
      dim[2]=1
   origin (3):
      origin[0]= 0.00000e+00
      origin[1]= 0.00000e+00
      origin[2]= 0.00000e+00
   vec (3):
      vec[0]= 0.00000e+00
      vec[1]= 0.00000e+00
      vec[2]= 1.00000e+00
   start                          = true
   init                           = 13.351
   rate                           = 0
   k                              = 1806
   kB                             = 1806
   pull-coord 21:
   type                           = constant-force
   geometry                       = direction
   group[0]                       = 0
   group[1]                       = 22
   dim (3):
      dim[0]=0
      dim[1]=0
      dim[2]=1
   origin (3):
      origin[0]= 0.00000e+00
      origin[1]= 0.00000e+00
      origin[2]= 0.00000e+00
   vec (3):
      vec[0]= 0.00000e+00
      vec[1]= 0.00000e+00
      vec[2]= 1.00000e+00
   start                          = true
   init                           = -12.0436
   rate                           = 0
   k                              = -1806
   kB                             = -1806
   pull-coord 22:
   type                           = constant-force
   geometry                       = direction
   group[0]                       = 0
   group[1]                       = 23
   dim (3):
      dim[0]=0
      dim[1]=0
      dim[2]=1
   origin (3):
      origin[0]= 0.00000e+00
      origin[1]= 0.00000e+00
      origin[2]= 0.00000e+00
   vec (3):
      vec[0]= 0.00000e+00
      vec[1]= 0.00000e+00
      vec[2]= 1.00000e+00
   start                          = true
   init                           = 13.052
   rate                           = 0
   k                              = 1806
   kB                             = 1806
   pull-coord 23:
   type                           = constant-force
   geometry                       = direction
   group[0]                       = 0
   group[1]                       = 24
   dim (3):
      dim[0]=0
      dim[1]=0
      dim[2]=1
   origin (3):
      origin[0]= 0.00000e+00
      origin[1]= 0.00000e+00
      origin[2]= 0.00000e+00
   vec (3):
      vec[0]= 0.00000e+00
      vec[1]= 0.00000e+00
      vec[2]= 1.00000e+00
   start                          = true
   init                           = -12.1206
   rate                           = 0
   k                              = -1806
   kB                             = -1806
   pull-coord 24:
   type                           = constant-force
   geometry                       = direction
   group[0]                       = 0
   group[1]                       = 25
   dim (3):
      dim[0]=0
      dim[1]=0
      dim[2]=1
   origin (3):
      origin[0]= 0.00000e+00
      origin[1]= 0.00000e+00
      origin[2]= 0.00000e+00
   vec (3):
      vec[0]= 0.00000e+00
      vec[1]= 0.00000e+00
      vec[2]= 1.00000e+00
   start                          = true
   init                           = 12.341
   rate                           = 0
   k                              = 1806
   kB                             = 1806
   pull-coord 25:
   type                           = constant-force
   geometry                       = direction
   group[0]                       = 0
   group[1]                       = 26
   dim (3):
      dim[0]=0
      dim[1]=0
      dim[2]=1
   origin (3):
      origin[0]= 0.00000e+00
      origin[1]= 0.00000e+00
      origin[2]= 0.00000e+00
   vec (3):
      vec[0]= 0.00000e+00
      vec[1]= 0.00000e+00
      vec[2]= 1.00000e+00
   start                          = true
   init                           = -11.3976
   rate                           = 0
   k                              = -1806
   kB                             = -1806
   pull-coord 26:
   type                           = constant-force
   geometry                       = direction
   group[0]                       = 0
   group[1]                       = 27
   dim (3):
      dim[0]=0
      dim[1]=0
      dim[2]=1
   origin (3):
      origin[0]= 0.00000e+00
      origin[1]= 0.00000e+00
      origin[2]= 0.00000e+00
   vec (3):
      vec[0]= 0.00000e+00
      vec[1]= 0.00000e+00
      vec[2]= 1.00000e+00
   start                          = true
   init                           = 12.397
   rate                           = 0
   k                              = 1806
   kB                             = 1806
   pull-coord 27:
   type                           = constant-force
   geometry                       = direction
   group[0]                       = 0
   group[1]                       = 28
   dim (3):
      dim[0]=0
      dim[1]=0
      dim[2]=1
   origin (3):
      origin[0]= 0.00000e+00
      origin[1]= 0.00000e+00
      origin[2]= 0.00000e+00
   vec (3):
      vec[0]= 0.00000e+00
      vec[1]= 0.00000e+00
      vec[2]= 1.00000e+00
   start                          = true
   init                           = -10.9936
   rate                           = 0
   k                              = -1806
   kB                             = -1806
   pull-coord 28:
   type                           = constant-force
   geometry                       = direction
   group[0]                       = 0
   group[1]                       = 29
   dim (3):
      dim[0]=0
      dim[1]=0
      dim[2]=1
   origin (3):
      origin[0]= 0.00000e+00
      origin[1]= 0.00000e+00
      origin[2]= 0.00000e+00
   vec (3):
      vec[0]= 0.00000e+00
      vec[1]= 0.00000e+00
      vec[2]= 1.00000e+00
   start                          = true
   init                           = 12.686
   rate                           = 0
   k                              = 1806
   kB                             = 1806
   pull-coord 29:
   type                           = constant-force
   geometry                       = direction
   group[0]                       = 0
   group[1]                       = 30
   dim (3):
      dim[0]=0
      dim[1]=0
      dim[2]=1
   origin (3):
      origin[0]= 0.00000e+00
      origin[1]= 0.00000e+00
      origin[2]= 0.00000e+00
   vec (3):
      vec[0]= 0.00000e+00
      vec[1]= 0.00000e+00
      vec[2]= 1.00000e+00
   start                          = true
   init                           = -11.4276
   rate                           = 0
   k                              = -1806
   kB                             = -1806
   pull-coord 30:
   type                           = constant-force
   geometry                       = direction
   group[0]                       = 0
   group[1]                       = 31
   dim (3):
      dim[0]=0
      dim[1]=0
      dim[2]=1
   origin (3):
      origin[0]= 0.00000e+00
      origin[1]= 0.00000e+00
      origin[2]= 0.00000e+00
   vec (3):
      vec[0]= 0.00000e+00
      vec[1]= 0.00000e+00
      vec[2]= 1.00000e+00
   start                          = true
   init                           = 11.89
   rate                           = 0
   k                              = 1806
   kB                             = 1806
   pull-coord 31:
   type                           = constant-force
   geometry                       = direction
   group[0]                       = 0
   group[1]                       = 32
   dim (3):
      dim[0]=0
      dim[1]=0
      dim[2]=1
   origin (3):
      origin[0]= 0.00000e+00
      origin[1]= 0.00000e+00
      origin[2]= 0.00000e+00
   vec (3):
      vec[0]= 0.00000e+00
      vec[1]= 0.00000e+00
      vec[2]= 1.00000e+00
   start                          = true
   init                           = -11.9396
   rate                           = 0
   k                              = -1806
   kB                             = -1806
   pull-coord 32:
   type                           = constant-force
   geometry                       = direction
   group[0]                       = 0
   group[1]                       = 33
   dim (3):
      dim[0]=0
      dim[1]=0
      dim[2]=1
   origin (3):
      origin[0]= 0.00000e+00
      origin[1]= 0.00000e+00
      origin[2]= 0.00000e+00
   vec (3):
      vec[0]= 0.00000e+00
      vec[1]= 0.00000e+00
      vec[2]= 1.00000e+00
   start                          = true
   init                           = 12.195
   rate                           = 0
   k                              = 1806
   kB                             = 1806
   pull-coord 33:
   type                           = constant-force
   geometry                       = direction
   group[0]                       = 0
   group[1]                       = 34
   dim (3):
      dim[0]=0
      dim[1]=0
      dim[2]=1
   origin (3):
      origin[0]= 0.00000e+00
      origin[1]= 0.00000e+00
      origin[2]= 0.00000e+00
   vec (3):
      vec[0]= 0.00000e+00
      vec[1]= 0.00000e+00
      vec[2]= 1.00000e+00
   start                          = true
   init                           = -11.5256
   rate                           = 0
   k                              = -1806
   kB                             = -1806
   pull-coord 34:
   type                           = constant-force
   geometry                       = direction
   group[0]                       = 0
   group[1]                       = 35
   dim (3):
      dim[0]=0
      dim[1]=0
      dim[2]=1
   origin (3):
      origin[0]= 0.00000e+00
      origin[1]= 0.00000e+00
      origin[2]= 0.00000e+00
   vec (3):
      vec[0]= 0.00000e+00
      vec[1]= 0.00000e+00
      vec[2]= 1.00000e+00
   start                          = true
   init                           = 12.352
   rate                           = 0
   k                              = 1806
   kB                             = 1806
   pull-coord 35:
   type                           = constant-force
   geometry                       = direction
   group[0]                       = 0
   group[1]                       = 36
   dim (3):
      dim[0]=0
      dim[1]=0
      dim[2]=1
   origin (3):
      origin[0]= 0.00000e+00
      origin[1]= 0.00000e+00
      origin[2]= 0.00000e+00
   vec (3):
      vec[0]= 0.00000e+00
      vec[1]= 0.00000e+00
      vec[2]= 1.00000e+00
   start                          = true
   init                           = -11.9346
   rate                           = 0
   k                              = -1806
   kB                             = -1806
   pull-coord 36:
   type                           = constant-force
   geometry                       = direction
   group[0]                       = 0
   group[1]                       = 37
   dim (3):
      dim[0]=0
      dim[1]=0
      dim[2]=1
   origin (3):
      origin[0]= 0.00000e+00
      origin[1]= 0.00000e+00
      origin[2]= 0.00000e+00
   vec (3):
      vec[0]= 0.00000e+00
      vec[1]= 0.00000e+00
      vec[2]= 1.00000e+00
   start                          = true
   init                           = 14.01
   rate                           = 0
   k                              = 1806
   kB                             = 1806
   pull-coord 37:
   type                           = constant-force
   geometry                       = direction
   group[0]                       = 0
   group[1]                       = 38
   dim (3):
      dim[0]=0
      dim[1]=0
      dim[2]=1
   origin (3):
      origin[0]= 0.00000e+00
      origin[1]= 0.00000e+00
      origin[2]= 0.00000e+00
   vec (3):
      vec[0]= 0.00000e+00
      vec[1]= 0.00000e+00
      vec[2]= 1.00000e+00
   start                          = true
   init                           = -12.1036
   rate                           = 0
   k                              = -1806
   kB                             = -1806
   pull-coord 38:
   type                           = constant-force
   geometry                       = direction
   group[0]                       = 0
   group[1]                       = 39
   dim (3):
      dim[0]=0
      dim[1]=0
      dim[2]=1
   origin (3):
      origin[0]= 0.00000e+00
      origin[1]= 0.00000e+00
      origin[2]= 0.00000e+00
   vec (3):
      vec[0]= 0.00000e+00
      vec[1]= 0.00000e+00
      vec[2]= 1.00000e+00
   start                          = true
   init                           = 14.321
   rate                           = 0
   k                              = 1806
   kB                             = 1806
   pull-coord 39:
   type                           = constant-force
   geometry                       = direction
   group[0]                       = 0
   group[1]                       = 40
   dim (3):
      dim[0]=0
      dim[1]=0
      dim[2]=1
   origin (3):
      origin[0]= 0.00000e+00
      origin[1]= 0.00000e+00
      origin[2]= 0.00000e+00
   vec (3):
      vec[0]= 0.00000e+00
      vec[1]= 0.00000e+00
      vec[2]= 1.00000e+00
   start                          = true
   init                           = -11.7836
   rate                           = 0
   k                              = -1806
   kB                             = -1806
   pull-coord 40:
   type                           = constant-force
   geometry                       = direction
   group[0]                       = 0
   group[1]                       = 41
   dim (3):
      dim[0]=0
      dim[1]=0
      dim[2]=1
   origin (3):
      origin[0]= 0.00000e+00
      origin[1]= 0.00000e+00
      origin[2]= 0.00000e+00
   vec (3):
      vec[0]= 0.00000e+00
      vec[1]= 0.00000e+00
      vec[2]= 1.00000e+00
   start                          = true
   init                           = 14.156
   rate                           = 0
   k                              = 1806
   kB                             = 1806
   pull-coord 41:
   type                           = constant-force
   geometry                       = direction
   group[0]                       = 0
   group[1]                       = 42
   dim (3):
      dim[0]=0
      dim[1]=0
      dim[2]=1
   origin (3):
      origin[0]= 0.00000e+00
      origin[1]= 0.00000e+00
      origin[2]= 0.00000e+00
   vec (3):
      vec[0]= 0.00000e+00
      vec[1]= 0.00000e+00
      vec[2]= 1.00000e+00
   start                          = true
   init                           = -12.0026
   rate                           = 0
   k                              = -1806
   kB                             = -1806
   pull-coord 42:
   type                           = constant-force
   geometry                       = direction
   group[0]                       = 0
   group[1]                       = 43
   dim (3):
      dim[0]=0
      dim[1]=0
      dim[2]=1
   origin (3):
      origin[0]= 0.00000e+00
      origin[1]= 0.00000e+00
      origin[2]= 0.00000e+00
   vec (3):
      vec[0]= 0.00000e+00
      vec[1]= 0.00000e+00
      vec[2]= 1.00000e+00
   start                          = true
   init                           = 14.069
   rate                           = 0
   k                              = 1806
   kB                             = 1806
   pull-coord 43:
   type                           = constant-force
   geometry                       = direction
   group[0]                       = 0
   group[1]                       = 44
   dim (3):
      dim[0]=0
      dim[1]=0
      dim[2]=1
   origin (3):
      origin[0]= 0.00000e+00
      origin[1]= 0.00000e+00
      origin[2]= 0.00000e+00
   vec (3):
      vec[0]= 0.00000e+00
      vec[1]= 0.00000e+00
      vec[2]= 1.00000e+00
   start                          = true
   init                           = -9.95858
   rate                           = 0
   k                              = -1806
   kB                             = -1806
   pull-coord 44:
   type                           = constant-force
   geometry                       = direction
   group[0]                       = 0
   group[1]                       = 45
   dim (3):
      dim[0]=0
      dim[1]=0
      dim[2]=1
   origin (3):
      origin[0]= 0.00000e+00
      origin[1]= 0.00000e+00
      origin[2]= 0.00000e+00
   vec (3):
      vec[0]= 0.00000e+00
      vec[1]= 0.00000e+00
      vec[2]= 1.00000e+00
   start                          = true
   init                           = 14.008
   rate                           = 0
   k                              = 1806
   kB                             = 1806
   pull-coord 45:
   type                           = constant-force
   geometry                       = direction
   group[0]                       = 0
   group[1]                       = 46
   dim (3):
      dim[0]=0
      dim[1]=0
      dim[2]=1
   origin (3):
      origin[0]= 0.00000e+00
      origin[1]= 0.00000e+00
      origin[2]= 0.00000e+00
   vec (3):
      vec[0]= 0.00000e+00
      vec[1]= 0.00000e+00
      vec[2]= 1.00000e+00
   start                          = true
   init                           = -9.95558
   rate                           = 0
   k                              = -1806
   kB                             = -1806
   pull-coord 46:
   type                           = constant-force
   geometry                       = direction
   group[0]                       = 0
   group[1]                       = 47
   dim (3):
      dim[0]=0
      dim[1]=0
      dim[2]=1
   origin (3):
      origin[0]= 0.00000e+00
      origin[1]= 0.00000e+00
      origin[2]= 0.00000e+00
   vec (3):
      vec[0]= 0.00000e+00
      vec[1]= 0.00000e+00
      vec[2]= 1.00000e+00
   start                          = true
   init                           = 14.622
   rate                           = 0
   k                              = 1806
   kB                             = 1806
   pull-coord 47:
   type                           = constant-force
   geometry                       = direction
   group[0]                       = 0
   group[1]                       = 48
   dim (3):
      dim[0]=0
      dim[1]=0
      dim[2]=1
   origin (3):
      origin[0]= 0.00000e+00
      origin[1]= 0.00000e+00
      origin[2]= 0.00000e+00
   vec (3):
      vec[0]= 0.00000e+00
      vec[1]= 0.00000e+00
      vec[2]= 1.00000e+00
   start                          = true
   init                           = -10.2406
   rate                           = 0
   k                              = -1806
   kB                             = -1806
   pull-coord 48:
   type                           = constant-force
   geometry                       = direction
   group[0]                       = 0
   group[1]                       = 49
   dim (3):
      dim[0]=0
      dim[1]=0
      dim[2]=1
   origin (3):
      origin[0]= 0.00000e+00
      origin[1]= 0.00000e+00
      origin[2]= 0.00000e+00
   vec (3):
      vec[0]= 0.00000e+00
      vec[1]= 0.00000e+00
      vec[2]= 1.00000e+00
   start                          = true
   init                           = 14.538
   rate                           = 0
   k                              = 1806
   kB                             = 1806
   pull-coord 49:
   type                           = constant-force
   geometry                       = direction
   group[0]                       = 0
   group[1]                       = 50
   dim (3):
      dim[0]=0
      dim[1]=0
      dim[2]=1
   origin (3):
      origin[0]= 0.00000e+00
      origin[1]= 0.00000e+00
      origin[2]= 0.00000e+00
   vec (3):
      vec[0]= 0.00000e+00
      vec[1]= 0.00000e+00
      vec[2]= 1.00000e+00
   start                          = true
   init                           = -10.3426
   rate                           = 0
   k                              = -1806
   kB                             = -1806
   pull-coord 50:
   type                           = constant-force
   geometry                       = direction
   group[0]                       = 0
   group[1]                       = 51
   dim (3):
      dim[0]=0
      dim[1]=0
      dim[2]=1
   origin (3):
      origin[0]= 0.00000e+00
      origin[1]= 0.00000e+00
      origin[2]= 0.00000e+00
   vec (3):
      vec[0]= 0.00000e+00
      vec[1]= 0.00000e+00
      vec[2]= 1.00000e+00
   start                          = true
   init                           = 14.723
   rate                           = 0
   k                              = 1806
   kB                             = 1806
   pull-coord 51:
   type                           = constant-force
   geometry                       = direction
   group[0]                       = 0
   group[1]                       = 52
   dim (3):
      dim[0]=0
      dim[1]=0
      dim[2]=1
   origin (3):
      origin[0]= 0.00000e+00
      origin[1]= 0.00000e+00
      origin[2]= 0.00000e+00
   vec (3):
      vec[0]= 0.00000e+00
      vec[1]= 0.00000e+00
      vec[2]= 1.00000e+00
   start                          = true
   init                           = -10.2216
   rate                           = 0
   k                              = -1806
   kB                             = -1806
   pull-coord 52:
   type                           = constant-force
   geometry                       = direction
   group[0]                       = 0
   group[1]                       = 53
   dim (3):
      dim[0]=0
      dim[1]=0
      dim[2]=1
   origin (3):
      origin[0]= 0.00000e+00
      origin[1]= 0.00000e+00
      origin[2]= 0.00000e+00
   vec (3):
      vec[0]= 0.00000e+00
      vec[1]= 0.00000e+00
      vec[2]= 1.00000e+00
   start                          = true
   init                           = 14.524
   rate                           = 0
   k                              = 1806
   kB                             = 1806
   pull-coord 53:
   type                           = constant-force
   geometry                       = direction
   group[0]                       = 0
   group[1]                       = 54
   dim (3):
      dim[0]=0
      dim[1]=0
      dim[2]=1
   origin (3):
      origin[0]= 0.00000e+00
      origin[1]= 0.00000e+00
      origin[2]= 0.00000e+00
   vec (3):
      vec[0]= 0.00000e+00
      vec[1]= 0.00000e+00
      vec[2]= 1.00000e+00
   start                          = true
   init                           = -10.2426
   rate                           = 0
   k                              = -1806
   kB                             = -1806
   pull-coord 54:
   type                           = constant-force
   geometry                       = direction
   group[0]                       = 0
   group[1]                       = 55
   dim (3):
      dim[0]=0
      dim[1]=0
      dim[2]=1
   origin (3):
      origin[0]= 0.00000e+00
      origin[1]= 0.00000e+00
      origin[2]= 0.00000e+00
   vec (3):
      vec[0]= 0.00000e+00
      vec[1]= 0.00000e+00
      vec[2]= 1.00000e+00
   start                          = true
   init                           = 13.195
   rate                           = 0
   k                              = 1806
   kB                             = 1806
   pull-coord 55:
   type                           = constant-force
   geometry                       = direction
   group[0]                       = 0
   group[1]                       = 56
   dim (3):
      dim[0]=0
      dim[1]=0
      dim[2]=1
   origin (3):
      origin[0]= 0.00000e+00
      origin[1]= 0.00000e+00
      origin[2]= 0.00000e+00
   vec (3):
      vec[0]= 0.00000e+00
      vec[1]= 0.00000e+00
      vec[2]= 1.00000e+00
   start                          = true
   init                           = -12.5686
   rate                           = 0
   k                              = -1806
   kB                             = -1806
   pull-coord 56:
   type                           = constant-force
   geometry                       = direction
   group[0]                       = 0
   group[1]                       = 57
   dim (3):
      dim[0]=0
      dim[1]=0
      dim[2]=1
   origin (3):
      origin[0]= 0.00000e+00
      origin[1]= 0.00000e+00
      origin[2]= 0.00000e+00
   vec (3):
      vec[0]= 0.00000e+00
      vec[1]= 0.00000e+00
      vec[2]= 1.00000e+00
   start                          = true
   init                           = 13.577
   rate                           = 0
   k                              = 1806
   kB                             = 1806
   pull-coord 57:
   type                           = constant-force
   geometry                       = direction
   group[0]                       = 0
   group[1]                       = 58
   dim (3):
      dim[0]=0
      dim[1]=0
      dim[2]=1
   origin (3):
      origin[0]= 0.00000e+00
      origin[1]= 0.00000e+00
      origin[2]= 0.00000e+00
   vec (3):
      vec[0]= 0.00000e+00
      vec[1]= 0.00000e+00
      vec[2]= 1.00000e+00
   start                          = true
   init                           = -12.1866
   rate                           = 0
   k                              = -1806
   kB                             = -1806
   pull-coord 58:
   type                           = constant-force
   geometry                       = direction
   group[0]                       = 0
   group[1]                       = 59
   dim (3):
      dim[0]=0
      dim[1]=0
      dim[2]=1
   origin (3):
      origin[0]= 0.00000e+00
      origin[1]= 0.00000e+00
      origin[2]= 0.00000e+00
   vec (3):
      vec[0]= 0.00000e+00
      vec[1]= 0.00000e+00
      vec[2]= 1.00000e+00
   start                          = true
   init                           = 13.364
   rate                           = 0
   k                              = 1806
   kB                             = 1806
   pull-coord 59:
   type                           = constant-force
   geometry                       = direction
   group[0]                       = 0
   group[1]                       = 60
   dim (3):
      dim[0]=0
      dim[1]=0
      dim[2]=1
   origin (3):
      origin[0]= 0.00000e+00
      origin[1]= 0.00000e+00
      origin[2]= 0.00000e+00
   vec (3):
      vec[0]= 0.00000e+00
      vec[1]= 0.00000e+00
      vec[2]= 1.00000e+00
   start                          = true
   init                           = -12.4086
   rate                           = 0
   k                              = -1806
   kB                             = -1806
   pull-coord 60:
   type                           = constant-force
   geometry                       = direction
   group[0]                       = 0
   group[1]                       = 61
   dim (3):
      dim[0]=0
      dim[1]=0
      dim[2]=1
   origin (3):
      origin[0]= 0.00000e+00
      origin[1]= 0.00000e+00
      origin[2]= 0.00000e+00
   vec (3):
      vec[0]= 0.00000e+00
      vec[1]= 0.00000e+00
      vec[2]= 1.00000e+00
   start                          = true
   init                           = 13.21
   rate                           = 0
   k                              = 1806
   kB                             = 1806
   pull-coord 61:
   type                           = constant-force
   geometry                       = direction
   group[0]                       = 0
   group[1]                       = 62
   dim (3):
      dim[0]=0
      dim[1]=0
      dim[2]=1
   origin (3):
      origin[0]= 0.00000e+00
      origin[1]= 0.00000e+00
      origin[2]= 0.00000e+00
   vec (3):
      vec[0]= 0.00000e+00
      vec[1]= 0.00000e+00
      vec[2]= 1.00000e+00
   start                          = true
   init                           = -10.8096
   rate                           = 0
   k                              = -1806
   kB                             = -1806
   pull-coord 62:
   type                           = constant-force
   geometry                       = direction
   group[0]                       = 0
   group[1]                       = 63
   dim (3):
      dim[0]=0
      dim[1]=0
      dim[2]=1
   origin (3):
      origin[0]= 0.00000e+00
      origin[1]= 0.00000e+00
      origin[2]= 0.00000e+00
   vec (3):
      vec[0]= 0.00000e+00
      vec[1]= 0.00000e+00
      vec[2]= 1.00000e+00
   start                          = true
   init                           = 13.075
   rate                           = 0
   k                              = 1806
   kB                             = 1806
   pull-coord 63:
   type                           = constant-force
   geometry                       = direction
   group[0]                       = 0
   group[1]                       = 64
   dim (3):
      dim[0]=0
      dim[1]=0
      dim[2]=1
   origin (3):
      origin[0]= 0.00000e+00
      origin[1]= 0.00000e+00
      origin[2]= 0.00000e+00
   vec (3):
      vec[0]= 0.00000e+00
      vec[1]= 0.00000e+00
      vec[2]= 1.00000e+00
   start                          = true
   init                           = -10.7056
   rate                           = 0
   k                              = -1806
   kB                             = -1806
   pull-coord 64:
   type                           = constant-force
   geometry                       = direction
   group[0]                       = 0
   group[1]                       = 65
   dim (3):
      dim[0]=0
      dim[1]=0
      dim[2]=1
   origin (3):
      origin[0]= 0.00000e+00
      origin[1]= 0.00000e+00
      origin[2]= 0.00000e+00
   vec (3):
      vec[0]= 0.00000e+00
      vec[1]= 0.00000e+00
      vec[2]= 1.00000e+00
   start                          = true
   init                           = 13.788
   rate                           = 0
   k                              = 1806
   kB                             = 1806
   pull-coord 65:
   type                           = constant-force
   geometry                       = direction
   group[0]                       = 0
   group[1]                       = 66
   dim (3):
      dim[0]=0
      dim[1]=0
      dim[2]=1
   origin (3):
      origin[0]= 0.00000e+00
      origin[1]= 0.00000e+00
      origin[2]= 0.00000e+00
   vec (3):
      vec[0]= 0.00000e+00
      vec[1]= 0.00000e+00
      vec[2]= 1.00000e+00
   start                          = true
   init                           = -11.3086
   rate                           = 0
   k                              = -1806
   kB                             = -1806
   awh                            = false
   rotation                       = false
   interactiveMD                  = false
   disre                          = No
   disre-weighting                = Conservative
   disre-mixed                    = false
   dr-fc                          = 1000
   dr-tau                         = 0
   nstdisreout                    = 100
   orire-fc                       = 0
   orire-tau                      = 0
   nstorireout                    = 100
   free-energy                    = no
   cos-acceleration               = 0
   deform (3x3):
      deform[    0]={ 0.00000e+00,  0.00000e+00,  0.00000e+00}
      deform[    1]={ 0.00000e+00,  0.00000e+00,  0.00000e+00}
      deform[    2]={ 0.00000e+00,  0.00000e+00,  0.00000e+00}
   simulated-tempering            = false
   swapcoords                     = no
   userint1                       = 0
   userint2                       = 0
   userint3                       = 0
   userint4                       = 0
   userreal1                      = 0
   userreal2                      = 0
   userreal3                      = 0
   userreal4                      = 0
   applied-forces:
     electric-field:
       x:
         E0                       = 0
         omega                    = 0
         t0                       = 0
         sigma                    = 0
       y:
         E0                       = 0
         omega                    = 0
         t0                       = 0
         sigma                    = 0
       z:
         E0                       = 0
         omega                    = 0
         t0                       = 0
         sigma                    = 0
     density-guided-simulation:
       active                     = false
       group                      = protein
       similarity-measure         = inner-product
       atom-spreading-weight      = unity
       force-constant             = 1e+09
       gaussian-transform-spreading-width = 0.2
       gaussian-transform-spreading-range-in-multiples-of-width = 4
       reference-density-filename = reference.mrc
       nst                        = 1
       normalize-densities        = true
       adaptive-force-scaling     = false
       adaptive-force-scaling-time-constant = 4
       shift-vector               = 
       transformation-matrix      = 
     qmmm-cp2k:
       active                     = false
       qmgroup                    = System
       qmmethod                   = PBE
       qmfilenames                = 
       qmcharge                   = 0
       qmmultiplicity             = 1
grpopts:
   nrdf:      131605      509896
   ref-t:         303         303
   tau-t:           2           2
annealing:          No          No
annealing-npoints:           0           0
   acc:	           0           0           0
   nfreeze:           N           N           N
   energygrp-flags[  0]: 0

Can not increase nstlist because verlet-buffer-tolerance is not set or used

Update groups can not be used for this system because an incompatible virtual site type is used

Local state does not use filler particles

Using 1 MPI thread
Using 20 OpenMP threads 


WARNING: Oversubscribing the recommended max load of 8 logical CPUs with 20 threads.
         This will cause considerable performance loss.
System total charge: -0.000
Reaction-Field:
epsRF = 0, rc = 1.1, krf = 0.375657, crf = 1.36364, epsfac = 9.26236
The electrostatics potential has its minimum at r = 1.1
Potential shift: LJ r^-12: -3.186e-01 r^-6: -5.645e-01
Generated table with 1175 data points for 1-4 COUL.
Tabscale = 500 points/nm
Generated table with 1175 data points for 1-4 LJ6.
Tabscale = 500 points/nm
Generated table with 1175 data points for 1-4 LJ12.
Tabscale = 500 points/nm


Using SIMD4xM 4x8 nonbonded short-range kernels

Using a 4x8 pair-list setup:
  updated every 20 steps, buffer 0.250 nm, rlist 1.350 nm

The average pressure is off by at most 0.00 bar due to missing LJ interactions

Using full Lennard-Jones parameter combination matrix
Removing pbc first time

NOTE: Oversubscribing available/permitted CPUs, will not pin threads

Will apply potential COM pulling
with 66 pull coordinates and 66 groups
with an absolute reference
Pull group 1:     1 atoms, mass    54.000
Pull group 2:     1 atoms, mass    36.000
Pull group 3:     1 atoms, mass    54.000
Pull group 4:     1 atoms, mass    36.000
Pull group 5:     1 atoms, mass    54.000
Pull group 6:     1 atoms, mass    36.000
Pull group 7:     1 atoms, mass    54.000
Pull group 8:     1 atoms, mass    36.000
Pull group 9:     1 atoms, mass    54.000
Pull group 10:     1 atoms, mass    36.000
Pull group 11:     1 atoms, mass    54.000
Pull group 12:     1 atoms, mass    36.000
Pull group 13:     1 atoms, mass    54.000
Pull group 14:     1 atoms, mass    36.000
Pull group 15:     1 atoms, mass    54.000
Pull group 16:     1 atoms, mass    36.000
Pull group 17:     1 atoms, mass    54.000
Pull group 18:     1 atoms, mass    36.000
Pull group 19:     1 atoms, mass    54.000
Pull group 20:     1 atoms, mass    36.000
Pull group 21:     1 atoms, mass    54.000
Pull group 22:     1 atoms, mass    36.000
Pull group 23:     1 atoms, mass    54.000
Pull group 24:     1 atoms, mass    36.000
Pull group 25:     1 atoms, mass    54.000
Pull group 26:     1 atoms, mass    36.000
Pull group 27:     1 atoms, mass    54.000
Pull group 28:     1 atoms, mass    36.000
Pull group 29:     1 atoms, mass    54.000
Pull group 30:     1 atoms, mass    36.000
Pull group 31:     1 atoms, mass    54.000
Pull group 32:     1 atoms, mass    36.000
Pull group 33:     1 atoms, mass    54.000
Pull group 34:     1 atoms, mass    36.000
Pull group 35:     1 atoms, mass    54.000
Pull group 36:     1 atoms, mass    36.000
Pull group 37:     1 atoms, mass    54.000
Pull group 38:     1 atoms, mass    36.000
Pull group 39:     1 atoms, mass    54.000
Pull group 40:     1 atoms, mass    36.000
Pull group 41:     1 atoms, mass    54.000
Pull group 42:     1 atoms, mass    36.000
Pull group 43:     1 atoms, mass    54.000
Pull group 44:     1 atoms, mass    36.000
Pull group 45:     1 atoms, mass    54.000
Pull group 46:     1 atoms, mass    36.000
Pull group 47:     1 atoms, mass    54.000
Pull group 48:     1 atoms, mass    36.000
Pull group 49:     1 atoms, mass    54.000
Pull group 50:     1 atoms, mass    36.000
Pull group 51:     1 atoms, mass    54.000
Pull group 52:     1 atoms, mass    36.000
Pull group 53:     1 atoms, mass    54.000
Pull group 54:     1 atoms, mass    36.000
Pull group 55:     1 atoms, mass    54.000
Pull group 56:     1 atoms, mass    36.000
Pull group 57:     1 atoms, mass    54.000
Pull group 58:     1 atoms, mass    36.000
Pull group 59:     1 atoms, mass    54.000
Pull group 60:     1 atoms, mass    36.000
Pull group 61:     1 atoms, mass    54.000
Pull group 62:     1 atoms, mass    36.000
Pull group 63:     1 atoms, mass    54.000
Pull group 64:     1 atoms, mass    36.000
Pull group 65:     1 atoms, mass    54.000
Pull group 66:     1 atoms, mass    36.000

Initializing LINear Constraint Solver

++++ PLEASE READ AND CITE THE FOLLOWING REFERENCE ++++
B. Hess
P-LINCS: A Parallel Linear Constraint Solver for molecular simulation
J. Chem. Theory Comput. (2008)
https://doi.org/10.1021/ct700200b
-------- -------- --- Thank You --- -------- --------

The number of constraints is 8524
1901 constraints are involved in constraint triangles,
will apply an additional matrix expansion of order 4 for couplings
between constraints inside triangles

++++ PLEASE READ AND CITE THE FOLLOWING REFERENCE ++++
G. Bussi, D. Donadio, M. Parrinello
Canonical sampling through velocity rescaling
J. Chem. Phys. (2007)
https://doi.org/10.1063/1.2408420
-------- -------- --- Thank You --- -------- --------

There are: 216676 Atoms
There are: 26118 VSites

Constraining the starting coordinates (step 0)

Constraining the coordinates at t0-dt (step 0)
Center of mass motion removal mode is Linear
We have the following groups for center of mass motion removal:
  0:  rest
RMS relative constraint deviation after constraining: 9.87e-06
Initial temperature: 303.37 K

Started mdrun on rank 0 Mon May 18 13:58:09 2026

           Step           Time
              0        0.00000

   Energies (kJ/mol)
           Bond          Angle       G96Angle    Proper Dih.          LJ-14
    2.10720e+05    1.26023e+05    1.97613e+04    3.10296e+04   -2.87221e+05
     Coulomb-14        LJ (SR)   Coulomb (SR)   COM Pull En.      Potential
    0.00000e+00   -4.98662e+06   -3.88383e+04    1.47027e+06   -3.45487e+06
    Kinetic En.   Total Energy  Conserved En.    Temperature Pressure (bar)
    8.09889e+05   -2.64498e+06   -2.64358e+06    3.03685e+02   -1.48211e+03
   Constr. rmsd
    1.99560e-05

           Step           Time
           1000        5.50000

   Energies (kJ/mol)
           Bond          Angle       G96Angle    Proper Dih.          LJ-14
    3.04187e+05    1.32694e+05    2.10309e+04    3.14239e+04   -2.86169e+05
     Coulomb-14        LJ (SR)   Coulomb (SR)   COM Pull En.      Potential
    0.00000e+00   -4.94262e+06   -3.86421e+04    1.17765e+06   -3.60045e+06
    Kinetic En.   Total Energy  Conserved En.    Temperature Pressure (bar)
    8.72078e+05   -2.72837e+06   -2.62535e+06    3.27004e+02   -1.45151e+03
   Constr. rmsd
    2.05104e-05

           Step           Time
           2000       11.00000

   Energies (kJ/mol)
           Bond          Angle       G96Angle    Proper Dih.          LJ-14
    3.68593e+05    1.35213e+05    2.18691e+04    3.10387e+04   -2.85793e+05
     Coulomb-14        LJ (SR)   Coulomb (SR)   COM Pull En.      Potential
    0.00000e+00   -4.94000e+06   -3.82632e+04    9.70540e+05   -3.73680e+06
    Kinetic En.   Total Energy  Conserved En.    Temperature Pressure (bar)
    8.62958e+05   -2.87384e+06   -2.62053e+06    3.23585e+02   -1.43260e+03
   Constr. rmsd
    1.48385e-05

           Step           Time
           3000       16.50000

   Energies (kJ/mol)
           Bond          Angle       G96Angle    Proper Dih.          LJ-14
    4.16631e+05    1.38588e+05    2.19765e+04    3.16127e+04   -2.84595e+05
     Coulomb-14        LJ (SR)   Coulomb (SR)   COM Pull En.      Potential
    0.00000e+00   -4.93978e+06   -3.80011e+04    8.28447e+05   -3.82512e+06
    Kinetic En.   Total Energy  Conserved En.    Temperature Pressure (bar)
    8.44969e+05   -2.98015e+06   -2.61555e+06    3.16840e+02   -1.43327e+03
   Constr. rmsd
    1.72956e-05

           Step           Time
           4000       22.00000

   Energies (kJ/mol)
           Bond          Angle       G96Angle    Proper Dih.          LJ-14
    4.72120e+05    1.41427e+05    2.20932e+04    3.29401e+04   -2.82546e+05
     Coulomb-14        LJ (SR)   Coulomb (SR)   COM Pull En.      Potential
    0.00000e+00   -4.94734e+06   -3.77723e+04    7.21540e+05   -3.87754e+06
    Kinetic En.   Total Energy  Conserved En.    Temperature Pressure (bar)
    8.27842e+05   -3.04970e+06   -2.60935e+06    3.10417e+02   -1.40631e+03
   Constr. rmsd
    1.92581e-05

           Step           Time
           5000       27.50000

   Energies (kJ/mol)
           Bond          Angle       G96Angle    Proper Dih.          LJ-14
    5.14880e+05    1.45235e+05    2.21413e+04    3.37380e+04   -2.82236e+05
     Coulomb-14        LJ (SR)   Coulomb (SR)   COM Pull En.      Potential
    0.00000e+00   -4.94336e+06   -3.77774e+04    6.54782e+05   -3.89259e+06
    Kinetic En.   Total Energy  Conserved En.    Temperature Pressure (bar)
    8.18870e+05   -3.07372e+06   -2.60246e+06    3.07053e+02   -1.42728e+03
   Constr. rmsd
    1.83146e-05

           Step           Time
           6000       33.00000

   Energies (kJ/mol)
           Bond          Angle       G96Angle    Proper Dih.          LJ-14
    5.45133e+05    1.47766e+05    2.24621e+04    3.43556e+04   -2.81345e+05
     Coulomb-14        LJ (SR)   Coulomb (SR)   COM Pull En.      Potential
    0.00000e+00   -4.93735e+06   -3.77948e+04    6.14486e+05   -3.89228e+06
    Kinetic En.   Total Energy  Conserved En.    Temperature Pressure (bar)
    8.11330e+05   -3.08095e+06   -2.59361e+06    3.04226e+02   -1.44387e+03
   Constr. rmsd
    1.94417e-05

           Step           Time
           7000       38.50000

   Energies (kJ/mol)
           Bond          Angle       G96Angle    Proper Dih.          LJ-14
    5.60478e+05    1.47969e+05    2.20434e+04    3.51509e+04   -2.80303e+05
     Coulomb-14        LJ (SR)   Coulomb (SR)   COM Pull En.      Potential
    0.00000e+00   -4.93788e+06   -3.76992e+04    5.90703e+05   -3.89953e+06
    Kinetic En.   Total Energy  Conserved En.    Temperature Pressure (bar)
    8.09699e+05   -3.08983e+06   -2.59149e+06    3.03614e+02   -1.44958e+03
   Constr. rmsd
    1.93904e-05

           Step           Time
           8000       44.00000

   Energies (kJ/mol)
           Bond          Angle       G96Angle    Proper Dih.          LJ-14
    5.71439e+05    1.49654e+05    2.19634e+04    3.49298e+04   -2.80667e+05
     Coulomb-14        LJ (SR)   Coulomb (SR)   COM Pull En.      Potential
    0.00000e+00   -4.93628e+06   -3.77625e+04    5.71922e+05   -3.90480e+06
    Kinetic En.   Total Energy  Conserved En.    Temperature Pressure (bar)
    8.11708e+05   -3.09310e+06   -2.59001e+06    3.04368e+02   -1.45483e+03
   Constr. rmsd
    1.63088e-05

           Step           Time
           9000       49.50000

   Energies (kJ/mol)
           Bond          Angle       G96Angle    Proper Dih.          LJ-14
    5.82377e+05    1.50632e+05    2.18962e+04    3.48789e+04   -2.80063e+05
     Coulomb-14        LJ (SR)   Coulomb (SR)   COM Pull En.      Potential
    0.00000e+00   -4.93749e+06   -3.78495e+04    5.52814e+05   -3.91280e+06
    Kinetic En.   Total Energy  Conserved En.    Temperature Pressure (bar)
    8.14276e+05   -3.09853e+06   -2.58864e+06    3.05330e+02   -1.46893e+03
   Constr. rmsd
    1.67741e-05

           Step           Time
          10000       55.00000

   Energies (kJ/mol)
           Bond          Angle       G96Angle    Proper Dih.          LJ-14
    5.92338e+05    1.50838e+05    2.17763e+04    3.43102e+04   -2.79868e+05
     Coulomb-14        LJ (SR)   Coulomb (SR)   COM Pull En.      Potential
    0.00000e+00   -4.94273e+06   -3.78379e+04    5.34991e+05   -3.92619e+06
    Kinetic En.   Total Energy  Conserved En.    Temperature Pressure (bar)
    8.13112e+05   -3.11307e+06   -2.58634e+06    3.04894e+02   -1.50234e+03
   Constr. rmsd
    1.72001e-05

           Step           Time
          11000       60.50000

   Energies (kJ/mol)
           Bond          Angle       G96Angle    Proper Dih.          LJ-14
    5.98938e+05    1.51822e+05    2.12571e+04    3.45696e+04   -2.80294e+05
     Coulomb-14        LJ (SR)   Coulomb (SR)   COM Pull En.      Potential
    0.00000e+00   -4.94892e+06   -3.78209e+04    5.20836e+05   -3.93961e+06
    Kinetic En.   Total Energy  Conserved En.    Temperature Pressure (bar)
    8.12324e+05   -3.12728e+06   -2.58197e+06    3.04599e+02   -1.52915e+03
   Constr. rmsd
    1.60274e-05

           Step           Time
          12000       66.00000

   Energies (kJ/mol)
           Bond          Angle       G96Angle    Proper Dih.          LJ-14
    6.05231e+05    1.52479e+05    2.11981e+04    3.45843e+04   -2.80314e+05
     Coulomb-14        LJ (SR)   Coulomb (SR)   COM Pull En.      Potential
    0.00000e+00   -4.95250e+06   -3.78796e+04    5.09056e+05   -3.94814e+06
    Kinetic En.   Total Energy  Conserved En.    Temperature Pressure (bar)
    8.12647e+05   -3.13550e+06   -2.57909e+06    3.04720e+02   -1.54484e+03
   Constr. rmsd
    1.85058e-05

           Step           Time
          13000       71.50000

   Energies (kJ/mol)
           Bond          Angle       G96Angle    Proper Dih.          LJ-14
    6.05242e+05    1.51261e+05    2.12496e+04    3.47030e+04   -2.80185e+05
     Coulomb-14        LJ (SR)   Coulomb (SR)   COM Pull En.      Potential
    0.00000e+00   -4.95764e+06   -3.77888e+04    5.02924e+05   -3.96023e+06
    Kinetic En.   Total Energy  Conserved En.    Temperature Pressure (bar)
    8.13775e+05   -3.14646e+06   -2.57794e+06    3.05143e+02   -1.51752e+03
   Constr. rmsd
    1.76634e-05

           Step           Time
          14000       77.00000

   Energies (kJ/mol)
           Bond          Angle       G96Angle    Proper Dih.          LJ-14
    6.02862e+05    1.51925e+05    2.11138e+04    3.48548e+04   -2.80175e+05
     Coulomb-14        LJ (SR)   Coulomb (SR)   COM Pull En.      Potential
    0.00000e+00   -4.96471e+06   -3.78328e+04    4.99276e+05   -3.97268e+06
    Kinetic En.   Total Energy  Conserved En.    Temperature Pressure (bar)
    8.10751e+05   -3.16193e+06   -2.57977e+06    3.04009e+02   -1.50487e+03
   Constr. rmsd
    1.88413e-05

           Step           Time
          15000       82.50000

   Energies (kJ/mol)
           Bond          Angle       G96Angle    Proper Dih.          LJ-14
    5.96096e+05    1.51525e+05    2.07963e+04    3.48814e+04   -2.80048e+05
     Coulomb-14        LJ (SR)   Coulomb (SR)   COM Pull En.      Potential
    0.00000e+00   -4.96866e+06   -3.77012e+04    5.02774e+05   -3.98033e+06
    Kinetic En.   Total Energy  Conserved En.    Temperature Pressure (bar)
    8.08756e+05   -3.17158e+06   -2.57854e+06    3.03261e+02   -1.49256e+03
   Constr. rmsd
    1.92436e-05

           Step           Time
          16000       88.00000

   Energies (kJ/mol)
           Bond          Angle       G96Angle    Proper Dih.          LJ-14
    5.93511e+05    1.49846e+05    2.09615e+04    3.51545e+04   -2.80047e+05
     Coulomb-14        LJ (SR)   Coulomb (SR)   COM Pull En.      Potential
    0.00000e+00   -4.96815e+06   -3.76370e+04    5.06227e+05   -3.98013e+06
    Kinetic En.   Total Energy  Conserved En.    Temperature Pressure (bar)
    8.09769e+05   -3.17036e+06   -2.57120e+06    3.03640e+02   -1.48337e+03
   Constr. rmsd
    1.81790e-05

           Step           Time
          17000       93.50000

   Energies (kJ/mol)
           Bond          Angle       G96Angle    Proper Dih.          LJ-14
    5.94500e+05    1.49137e+05    2.06840e+04    3.43710e+04   -2.80392e+05
     Coulomb-14        LJ (SR)   Coulomb (SR)   COM Pull En.      Potential
    0.00000e+00   -4.96761e+06   -3.76690e+04    5.07415e+05   -3.97956e+06
    Kinetic En.   Total Energy  Conserved En.    Temperature Pressure (bar)
    8.08803e+05   -3.17076e+06   -2.56711e+06    3.03278e+02   -1.49490e+03
   Constr. rmsd
    1.95147e-05

           Step           Time
          18000       99.00000

   Energies (kJ/mol)
           Bond          Angle       G96Angle    Proper Dih.          LJ-14
    5.94102e+05    1.48239e+05    2.07724e+04    3.51300e+04   -2.80134e+05
     Coulomb-14        LJ (SR)   Coulomb (SR)   COM Pull En.      Potential
    0.00000e+00   -4.96546e+06   -3.77437e+04    5.07621e+05   -3.97748e+06
    Kinetic En.   Total Energy  Conserved En.    Temperature Pressure (bar)
    8.08026e+05   -3.16945e+06   -2.56385e+06    3.02987e+02   -1.50176e+03
   Constr. rmsd
    1.69650e-05

           Step           Time
          19000      104.50000

   Energies (kJ/mol)
           Bond          Angle       G96Angle    Proper Dih.          LJ-14
    5.94275e+05    1.48687e+05    2.11481e+04    3.52368e+04   -2.80021e+05
     Coulomb-14        LJ (SR)   Coulomb (SR)   COM Pull En.      Potential
    0.00000e+00   -4.96777e+06   -3.78035e+04    5.04365e+05   -3.98188e+06
    Kinetic En.   Total Energy  Conserved En.    Temperature Pressure (bar)
    8.10110e+05   -3.17177e+06   -2.56222e+06    3.03768e+02   -1.48876e+03
   Constr. rmsd
    1.64659e-05

           Step           Time
          20000      110.00000

   Energies (kJ/mol)
           Bond          Angle       G96Angle    Proper Dih.          LJ-14
    5.97554e+05    1.49008e+05    2.06588e+04    3.52504e+04   -2.79954e+05
     Coulomb-14        LJ (SR)   Coulomb (SR)   COM Pull En.      Potential
    0.00000e+00   -4.96503e+06   -3.77280e+04    5.00216e+05   -3.98003e+06
    Kinetic En.   Total Energy  Conserved En.    Temperature Pressure (bar)
    8.07828e+05   -3.17220e+06   -2.55733e+06    3.02913e+02   -1.49952e+03
   Constr. rmsd
    1.91127e-05

           Step           Time
          21000      115.50000

   Energies (kJ/mol)
           Bond          Angle       G96Angle    Proper Dih.          LJ-14
    6.02203e+05    1.49546e+05    2.09158e+04    3.54878e+04   -2.79689e+05
     Coulomb-14        LJ (SR)   Coulomb (SR)   COM Pull En.      Potential
    0.00000e+00   -4.96436e+06   -3.77883e+04    4.94193e+05   -3.97949e+06
    Kinetic En.   Total Energy  Conserved En.    Temperature Pressure (bar)
    8.12719e+05   -3.16677e+06   -2.55120e+06    3.04746e+02   -1.51080e+03
   Constr. rmsd
    1.98985e-05

           Step           Time
          22000      121.00000

   Energies (kJ/mol)
           Bond          Angle       G96Angle    Proper Dih.          LJ-14
    6.02097e+05    1.50185e+05    2.08508e+04    3.55132e+04   -2.79889e+05
     Coulomb-14        LJ (SR)   Coulomb (SR)   COM Pull En.      Potential
    0.00000e+00   -4.96354e+06   -3.77402e+04    4.92512e+05   -3.98001e+06
    Kinetic En.   Total Energy  Conserved En.    Temperature Pressure (bar)
    8.11530e+05   -3.16848e+06   -2.54341e+06    3.04301e+02   -1.50947e+03
   Constr. rmsd
    1.93115e-05

           Step           Time
          23000      126.50000

   Energies (kJ/mol)
           Bond          Angle       G96Angle    Proper Dih.          LJ-14
    6.03722e+05    1.50035e+05    2.06583e+04    3.50204e+04   -2.79839e+05
     Coulomb-14        LJ (SR)   Coulomb (SR)   COM Pull En.      Potential
    0.00000e+00   -4.96828e+06   -3.78018e+04    4.87922e+05   -3.98856e+06
    Kinetic En.   Total Energy  Conserved En.    Temperature Pressure (bar)
    8.10330e+05   -3.17823e+06   -2.54009e+06    3.03851e+02   -1.49923e+03
   Constr. rmsd
    1.89258e-05

           Step           Time
          24000      132.00000

   Energies (kJ/mol)
           Bond          Angle       G96Angle    Proper Dih.          LJ-14
    6.06342e+05    1.48768e+05    2.04937e+04    3.57109e+04   -2.79780e+05
     Coulomb-14        LJ (SR)   Coulomb (SR)   COM Pull En.      Potential
    0.00000e+00   -4.97059e+06   -3.77498e+04    4.84359e+05   -3.99245e+06
    Kinetic En.   Total Energy  Conserved En.    Temperature Pressure (bar)
    8.12798e+05   -3.17965e+06   -2.53258e+06    3.04776e+02   -1.49972e+03
   Constr. rmsd
    1.76654e-05

           Step           Time
          25000      137.50000

   Energies (kJ/mol)
           Bond          Angle       G96Angle    Proper Dih.          LJ-14
    6.05507e+05    1.48791e+05    2.05381e+04    3.54736e+04   -2.79782e+05
     Coulomb-14        LJ (SR)   Coulomb (SR)   COM Pull En.      Potential
    0.00000e+00   -4.97138e+06   -3.76737e+04    4.83545e+05   -3.99498e+06
    Kinetic En.   Total Energy  Conserved En.    Temperature Pressure (bar)
    8.08147e+05   -3.18683e+06   -2.53203e+06    3.03032e+02   -1.49566e+03
   Constr. rmsd
    1.99086e-05

           Step           Time
          26000      143.00000

   Energies (kJ/mol)
           Bond          Angle       G96Angle    Proper Dih.          LJ-14
    6.03321e+05    1.48790e+05    2.08009e+04    3.53594e+04   -2.79954e+05
     Coulomb-14        LJ (SR)   Coulomb (SR)   COM Pull En.      Potential
    0.00000e+00   -4.97605e+06   -3.77235e+04    4.82370e+05   -4.00309e+06
    Kinetic En.   Total Energy  Conserved En.    Temperature Pressure (bar)
    8.13112e+05   -3.18997e+06   -2.53127e+06    3.04894e+02   -1.48825e+03
   Constr. rmsd
    1.77711e-05

           Step           Time
          27000      148.50000

   Energies (kJ/mol)
           Bond          Angle       G96Angle    Proper Dih.          LJ-14
    6.04142e+05    1.48197e+05    2.10261e+04    3.55462e+04   -2.79480e+05
     Coulomb-14        LJ (SR)   Coulomb (SR)   COM Pull En.      Potential
    0.00000e+00   -4.97464e+06   -3.77249e+04    4.83146e+05   -3.99978e+06
    Kinetic En.   Total Energy  Conserved En.    Temperature Pressure (bar)
    8.09634e+05   -3.19015e+06   -2.52854e+06    3.03590e+02   -1.49903e+03
   Constr. rmsd
    1.73295e-05

           Step           Time
          28000      154.00000

   Energies (kJ/mol)
           Bond          Angle       G96Angle    Proper Dih.          LJ-14
    6.04014e+05    1.48799e+05    2.06613e+04    3.59309e+04   -2.79108e+05
     Coulomb-14        LJ (SR)   Coulomb (SR)   COM Pull En.      Potential
    0.00000e+00   -4.97234e+06   -3.79595e+04    4.83308e+05   -3.99669e+06
    Kinetic En.   Total Energy  Conserved En.    Temperature Pressure (bar)
    8.08859e+05   -3.18783e+06   -2.52429e+06    3.03299e+02   -1.49089e+03
   Constr. rmsd
    1.95207e-05

           Step           Time
          29000      159.50000

   Energies (kJ/mol)
           Bond          Angle       G96Angle    Proper Dih.          LJ-14
    6.03923e+05    1.48170e+05    2.05291e+04    3.56931e+04   -2.79016e+05
     Coulomb-14        LJ (SR)   Coulomb (SR)   COM Pull En.      Potential
    0.00000e+00   -4.97004e+06   -3.77963e+04    4.83920e+05   -3.99462e+06
    Kinetic En.   Total Energy  Conserved En.    Temperature Pressure (bar)
    8.06588e+05   -3.18803e+06   -2.52140e+06    3.02448e+02   -1.50521e+03
   Constr. rmsd
    1.83343e-05

           Step           Time
          30000      165.00000

   Energies (kJ/mol)
           Bond          Angle       G96Angle    Proper Dih.          LJ-14
    6.03279e+05    1.47725e+05    2.06642e+04    3.57352e+04   -2.79073e+05
     Coulomb-14        LJ (SR)   Coulomb (SR)   COM Pull En.      Potential
    0.00000e+00   -4.96984e+06   -3.78286e+04    4.84664e+05   -3.99467e+06
    Kinetic En.   Total Energy  Conserved En.    Temperature Pressure (bar)
    8.11180e+05   -3.18349e+06   -2.51563e+06    3.04170e+02   -1.49325e+03
   Constr. rmsd
    1.87575e-05

           Step           Time
          31000      170.50000

   Energies (kJ/mol)
           Bond          Angle       G96Angle    Proper Dih.          LJ-14
    6.06964e+05    1.48626e+05    2.05410e+04    3.60228e+04   -2.79489e+05
     Coulomb-14        LJ (SR)   Coulomb (SR)   COM Pull En.      Potential
    0.00000e+00   -4.97003e+06   -3.78786e+04    4.80192e+05   -3.99505e+06
    Kinetic En.   Total Energy  Conserved En.    Temperature Pressure (bar)
    8.10831e+05   -3.18422e+06   -2.51411e+06    3.04039e+02   -1.50122e+03
   Constr. rmsd
    1.57067e-05

           Step           Time
          32000      176.00000

   Energies (kJ/mol)
           Bond          Angle       G96Angle    Proper Dih.          LJ-14
    6.06288e+05    1.48645e+05    2.07757e+04    3.55730e+04   -2.78989e+05
     Coulomb-14        LJ (SR)   Coulomb (SR)   COM Pull En.      Potential
    0.00000e+00   -4.97129e+06   -3.76671e+04    4.78115e+05   -3.99855e+06
    Kinetic En.   Total Energy  Conserved En.    Temperature Pressure (bar)
    8.07506e+05   -3.19105e+06   -2.51404e+06    3.02792e+02   -1.49408e+03
   Constr. rmsd
    1.95402e-05

           Step           Time
          33000      181.50000

   Energies (kJ/mol)
           Bond          Angle       G96Angle    Proper Dih.          LJ-14
    6.06194e+05    1.49093e+05    2.06490e+04    3.57322e+04   -2.79344e+05
     Coulomb-14        LJ (SR)   Coulomb (SR)   COM Pull En.      Potential
    0.00000e+00   -4.97461e+06   -3.78823e+04    4.77045e+05   -4.00313e+06
    Kinetic En.   Total Energy  Conserved En.    Temperature Pressure (bar)
    8.13205e+05   -3.18992e+06   -2.51177e+06    3.04929e+02   -1.50018e+03
   Constr. rmsd
    1.88606e-05

           Step           Time
          34000      187.00000

   Energies (kJ/mol)
           Bond          Angle       G96Angle    Proper Dih.          LJ-14
    6.08120e+05    1.48414e+05    2.08206e+04    3.61134e+04   -2.78925e+05
     Coulomb-14        LJ (SR)   Coulomb (SR)   COM Pull En.      Potential
    0.00000e+00   -4.97308e+06   -3.79709e+04    4.74587e+05   -4.00192e+06
    Kinetic En.   Total Energy  Conserved En.    Temperature Pressure (bar)
    8.08914e+05   -3.19300e+06   -2.50981e+06    3.03320e+02   -1.49613e+03
   Constr. rmsd
    1.99408e-05

           Step           Time
          35000      192.50000

   Energies (kJ/mol)
           Bond          Angle       G96Angle    Proper Dih.          LJ-14
    6.09132e+05    1.48028e+05    2.06616e+04    3.58846e+04   -2.79130e+05
     Coulomb-14        LJ (SR)   Coulomb (SR)   COM Pull En.      Potential
    0.00000e+00   -4.97547e+06   -3.79343e+04    4.73202e+05   -4.00562e+06
    Kinetic En.   Total Energy  Conserved En.    Temperature Pressure (bar)
    8.08811e+05   -3.19681e+06   -2.50942e+06    3.03281e+02   -1.50153e+03
   Constr. rmsd
    1.82346e-05

           Step           Time
          36000      198.00000

   Energies (kJ/mol)
           Bond          Angle       G96Angle    Proper Dih.          LJ-14
    6.11152e+05    1.48188e+05    2.05899e+04    3.59392e+04   -2.79049e+05
     Coulomb-14        LJ (SR)   Coulomb (SR)   COM Pull En.      Potential
    0.00000e+00   -4.97425e+06   -3.80669e+04    4.70138e+05   -4.00536e+06
    Kinetic En.   Total Energy  Conserved En.    Temperature Pressure (bar)
    8.09680e+05   -3.19568e+06   -2.50895e+06    3.03607e+02   -1.48441e+03
   Constr. rmsd
    1.79067e-05

           Step           Time
          37000      203.50000

   Energies (kJ/mol)
           Bond          Angle       G96Angle    Proper Dih.          LJ-14
    6.09015e+05    1.49359e+05    2.04889e+04    3.60007e+04   -2.79116e+05
     Coulomb-14        LJ (SR)   Coulomb (SR)   COM Pull En.      Potential
    0.00000e+00   -4.98062e+06   -3.79754e+04    4.68358e+05   -4.01449e+06
    Kinetic En.   Total Energy  Conserved En.    Temperature Pressure (bar)
    8.09356e+05   -3.20513e+06   -2.51044e+06    3.03485e+02   -1.46941e+03
   Constr. rmsd
    1.85679e-05

           Step           Time
          38000      209.00000

   Energies (kJ/mol)
           Bond          Angle       G96Angle    Proper Dih.          LJ-14
    6.09136e+05    1.49002e+05    2.04968e+04    3.61205e+04   -2.78523e+05
     Coulomb-14        LJ (SR)   Coulomb (SR)   COM Pull En.      Potential
    0.00000e+00   -4.97888e+06   -3.81460e+04    4.68403e+05   -4.01239e+06
    Kinetic En.   Total Energy  Conserved En.    Temperature Pressure (bar)
    8.10880e+05   -3.20151e+06   -2.50799e+06    3.04057e+02   -1.47200e+03
   Constr. rmsd
    1.76723e-05

           Step           Time
          39000      214.50000

   Energies (kJ/mol)
           Bond          Angle       G96Angle    Proper Dih.          LJ-14
    6.12398e+05    1.47994e+05    2.04061e+04    3.62356e+04   -2.79124e+05
     Coulomb-14        LJ (SR)   Coulomb (SR)   COM Pull En.      Potential
    0.00000e+00   -4.97540e+06   -3.80174e+04    4.65856e+05   -4.00965e+06
    Kinetic En.   Total Energy  Conserved En.    Temperature Pressure (bar)
    8.10100e+05   -3.19955e+06   -2.50682e+06    3.03764e+02   -1.47505e+03
   Constr. rmsd
    1.85275e-05

           Step           Time
          40000      220.00000

   Energies (kJ/mol)
           Bond          Angle       G96Angle    Proper Dih.          LJ-14
    6.11915e+05    1.48608e+05    2.04417e+04    3.63733e+04   -2.79100e+05
     Coulomb-14        LJ (SR)   Coulomb (SR)   COM Pull En.      Potential
    0.00000e+00   -4.97585e+06   -3.80779e+04    4.66810e+05   -4.00888e+06
    Kinetic En.   Total Energy  Conserved En.    Temperature Pressure (bar)
    8.11681e+05   -3.19720e+06   -2.50359e+06    3.04357e+02   -1.49083e+03
   Constr. rmsd
    1.85985e-05

           Step           Time
          41000      225.50000

   Energies (kJ/mol)
           Bond          Angle       G96Angle    Proper Dih.          LJ-14
    6.11578e+05    1.48749e+05    2.05202e+04    3.64781e+04   -2.78659e+05
     Coulomb-14        LJ (SR)   Coulomb (SR)   COM Pull En.      Potential
    0.00000e+00   -4.97672e+06   -3.81437e+04    4.65398e+05   -4.01080e+06
    Kinetic En.   Total Energy  Conserved En.    Temperature Pressure (bar)
    8.10607e+05   -3.20020e+06   -2.50412e+06    3.03955e+02   -1.46497e+03
   Constr. rmsd
    1.90917e-05

           Step           Time
          42000      231.00000

   Energies (kJ/mol)
           Bond          Angle       G96Angle    Proper Dih.          LJ-14
    6.12160e+05    1.48014e+05    2.06938e+04    3.62177e+04   -2.79092e+05
     Coulomb-14        LJ (SR)   Coulomb (SR)   COM Pull En.      Potential
    0.00000e+00   -4.97240e+06   -3.81082e+04    4.67129e+05   -4.00539e+06
    Kinetic En.   Total Energy  Conserved En.    Temperature Pressure (bar)
    8.12746e+05   -3.19264e+06   -2.49969e+06    3.04757e+02   -1.48712e+03
   Constr. rmsd
    1.90378e-05

           Step           Time
          43000      236.50000

   Energies (kJ/mol)
           Bond          Angle       G96Angle    Proper Dih.          LJ-14
    6.10241e+05    1.48594e+05    2.03877e+04    3.66230e+04   -2.78576e+05
     Coulomb-14        LJ (SR)   Coulomb (SR)   COM Pull En.      Potential
    0.00000e+00   -4.97121e+06   -3.80631e+04    4.68582e+05   -4.00342e+06
    Kinetic En.   Total Energy  Conserved En.    Temperature Pressure (bar)
    8.09363e+05   -3.19406e+06   -2.49461e+06    3.03488e+02   -1.48229e+03
   Constr. rmsd
    1.82487e-05

           Step           Time
          44000      242.00000

   Energies (kJ/mol)
           Bond          Angle       G96Angle    Proper Dih.          LJ-14
    6.10387e+05    1.48100e+05    2.05582e+04    3.63525e+04   -2.78619e+05
     Coulomb-14        LJ (SR)   Coulomb (SR)   COM Pull En.      Potential
    0.00000e+00   -4.97391e+06   -3.81011e+04    4.67541e+05   -4.00769e+06
    Kinetic En.   Total Energy  Conserved En.    Temperature Pressure (bar)
    8.10643e+05   -3.19704e+06   -2.49520e+06    3.03968e+02   -1.48112e+03
   Constr. rmsd
    1.92176e-05

           Step           Time
          45000      247.50000

   Energies (kJ/mol)
           Bond          Angle       G96Angle    Proper Dih.          LJ-14
    6.11632e+05    1.47495e+05    2.04498e+04    3.63713e+04   -2.78754e+05
     Coulomb-14        LJ (SR)   Coulomb (SR)   COM Pull En.      Potential
    0.00000e+00   -4.97444e+06   -3.81604e+04    4.65694e+05   -4.00971e+06
    Kinetic En.   Total Energy  Conserved En.    Temperature Pressure (bar)
    8.12547e+05   -3.19717e+06   -2.49355e+06    3.04682e+02   -1.48174e+03
   Constr. rmsd
    1.74911e-05

           Step           Time
          46000      253.00000

   Energies (kJ/mol)
           Bond          Angle       G96Angle    Proper Dih.          LJ-14
    6.11468e+05    1.47234e+05    2.05284e+04    3.63046e+04   -2.78773e+05
     Coulomb-14        LJ (SR)   Coulomb (SR)   COM Pull En.      Potential
    0.00000e+00   -4.97858e+06   -3.82739e+04    4.65458e+05   -4.01463e+06
    Kinetic En.   Total Energy  Conserved En.    Temperature Pressure (bar)
    8.12036e+05   -3.20259e+06   -2.49227e+06    3.04490e+02   -1.48412e+03
   Constr. rmsd
    1.57712e-05

           Step           Time
          47000      258.50000

   Energies (kJ/mol)
           Bond          Angle       G96Angle    Proper Dih.          LJ-14
    6.13544e+05    1.49135e+05    2.01708e+04    3.59406e+04   -2.78643e+05
     Coulomb-14        LJ (SR)   Coulomb (SR)   COM Pull En.      Potential
    0.00000e+00   -4.97585e+06   -3.81072e+04    4.63287e+05   -4.01052e+06
    Kinetic En.   Total Energy  Conserved En.    Temperature Pressure (bar)
    8.10379e+05   -3.20014e+06   -2.48896e+06    3.03869e+02   -1.50732e+03
   Constr. rmsd
    1.76321e-05

           Step           Time
          48000      264.00000

   Energies (kJ/mol)
           Bond          Angle       G96Angle    Proper Dih.          LJ-14
    6.15813e+05    1.48641e+05    2.06413e+04    3.64866e+04   -2.79075e+05
     Coulomb-14        LJ (SR)   Coulomb (SR)   COM Pull En.      Potential
    0.00000e+00   -4.97424e+06   -3.81585e+04    4.61525e+05   -4.00837e+06
    Kinetic En.   Total Energy  Conserved En.    Temperature Pressure (bar)
    8.10438e+05   -3.19793e+06   -2.48766e+06    3.03891e+02   -1.51061e+03
   Constr. rmsd
    1.69867e-05

           Step           Time
          49000      269.50000

   Energies (kJ/mol)
           Bond          Angle       G96Angle    Proper Dih.          LJ-14
    6.15944e+05    1.48235e+05    2.05122e+04    3.58889e+04   -2.78819e+05
     Coulomb-14        LJ (SR)   Coulomb (SR)   COM Pull En.      Potential
    0.00000e+00   -4.97795e+06   -3.82176e+04    4.59323e+05   -4.01508e+06
    Kinetic En.   Total Energy  Conserved En.    Temperature Pressure (bar)
    8.06618e+05   -3.20846e+06   -2.48852e+06    3.02459e+02   -1.48925e+03
   Constr. rmsd
    1.81433e-05

           Step           Time
          50000      275.00000

   Energies (kJ/mol)
           Bond          Angle       G96Angle    Proper Dih.          LJ-14
    6.16630e+05    1.48562e+05    2.04000e+04    3.61506e+04   -2.78847e+05
     Coulomb-14        LJ (SR)   Coulomb (SR)   COM Pull En.      Potential
    0.00000e+00   -4.97908e+06   -3.81987e+04    4.57740e+05   -4.01665e+06
    Kinetic En.   Total Energy  Conserved En.    Temperature Pressure (bar)
    8.06701e+05   -3.20995e+06   -2.48596e+06    3.02490e+02   -1.50160e+03
   Constr. rmsd
    2.02949e-05

           Step           Time
          51000      280.50000

   Energies (kJ/mol)
           Bond          Angle       G96Angle    Proper Dih.          LJ-14
    6.16028e+05    1.46956e+05    2.06009e+04    3.61864e+04   -2.78578e+05
     Coulomb-14        LJ (SR)   Coulomb (SR)   COM Pull En.      Potential
    0.00000e+00   -4.97665e+06   -3.82730e+04    4.59062e+05   -4.01467e+06
    Kinetic En.   Total Energy  Conserved En.    Temperature Pressure (bar)
    8.08645e+05   -3.20603e+06   -2.48388e+06    3.03219e+02   -1.49864e+03
   Constr. rmsd
    1.92475e-05

           Step           Time
          52000      286.00000

   Energies (kJ/mol)
           Bond          Angle       G96Angle    Proper Dih.          LJ-14
    6.19185e+05    1.48235e+05    2.02113e+04    3.61256e+04   -2.78546e+05
     Coulomb-14        LJ (SR)   Coulomb (SR)   COM Pull En.      Potential
    0.00000e+00   -4.98002e+06   -3.83012e+04    4.55570e+05   -4.01754e+06
    Kinetic En.   Total Energy  Conserved En.    Temperature Pressure (bar)
    8.10149e+05   -3.20739e+06   -2.48305e+06    3.03783e+02   -1.50149e+03
   Constr. rmsd
    1.74091e-05

           Step           Time
          53000      291.50000

   Energies (kJ/mol)
           Bond          Angle       G96Angle    Proper Dih.          LJ-14
    6.18130e+05    1.48187e+05    2.03319e+04    3.63854e+04   -2.79065e+05
     Coulomb-14        LJ (SR)   Coulomb (SR)   COM Pull En.      Potential
    0.00000e+00   -4.97682e+06   -3.81016e+04    4.56676e+05   -4.01428e+06
    Kinetic En.   Total Energy  Conserved En.    Temperature Pressure (bar)
    8.06436e+05   -3.20784e+06   -2.48080e+06    3.02391e+02   -1.51345e+03
   Constr. rmsd
    1.78020e-05

           Step           Time
          54000      297.00000

   Energies (kJ/mol)
           Bond          Angle       G96Angle    Proper Dih.          LJ-14
    6.17858e+05    1.47697e+05    2.05943e+04    3.59968e+04   -2.78780e+05
     Coulomb-14        LJ (SR)   Coulomb (SR)   COM Pull En.      Potential
    0.00000e+00   -4.98063e+06   -3.80872e+04    4.56546e+05   -4.01880e+06
    Kinetic En.   Total Energy  Conserved En.    Temperature Pressure (bar)
    8.08823e+05   -3.20998e+06   -2.48067e+06    3.03286e+02   -1.50436e+03
   Constr. rmsd
    1.75433e-05

           Step           Time
          55000      302.50000

   Energies (kJ/mol)
           Bond          Angle       G96Angle    Proper Dih.          LJ-14
    6.17451e+05    1.47991e+05    2.06435e+04    3.60358e+04   -2.78781e+05
     Coulomb-14        LJ (SR)   Coulomb (SR)   COM Pull En.      Potential
    0.00000e+00   -4.98263e+06   -3.81421e+04    4.55349e+05   -4.02208e+06
    Kinetic En.   Total Energy  Conserved En.    Temperature Pressure (bar)
    8.06489e+05   -3.21559e+06   -2.48080e+06    3.02411e+02   -1.49922e+03
   Constr. rmsd
    2.08165e-05

           Step           Time
          56000      308.00000

   Energies (kJ/mol)
           Bond          Angle       G96Angle    Proper Dih.          LJ-14
    6.21438e+05    1.47263e+05    2.03423e+04    3.64513e+04   -2.78913e+05
     Coulomb-14        LJ (SR)   Coulomb (SR)   COM Pull En.      Potential
    0.00000e+00   -4.97781e+06   -3.82122e+04    4.53668e+05   -4.01578e+06
    Kinetic En.   Total Energy  Conserved En.    Temperature Pressure (bar)
    8.06793e+05   -3.20898e+06   -2.47684e+06    3.02524e+02   -1.51874e+03
   Constr. rmsd
    1.83703e-05

Writing checkpoint, step 56720 at Mon May 18 14:13:09 2026


           Step           Time
          57000      313.50000

   Energies (kJ/mol)
           Bond          Angle       G96Angle    Proper Dih.          LJ-14
    6.20761e+05    1.48579e+05    2.03757e+04    3.62566e+04   -2.78614e+05
     Coulomb-14        LJ (SR)   Coulomb (SR)   COM Pull En.      Potential
    0.00000e+00   -4.97871e+06   -3.81065e+04    4.52991e+05   -4.01647e+06
    Kinetic En.   Total Energy  Conserved En.    Temperature Pressure (bar)
    8.05495e+05   -3.21098e+06   -2.47554e+06    3.02038e+02   -1.52667e+03
   Constr. rmsd
    1.66040e-05

           Step           Time
          58000      319.00000

   Energies (kJ/mol)
           Bond          Angle       G96Angle    Proper Dih.          LJ-14
    6.22121e+05    1.47486e+05    2.02346e+04    3.61174e+04   -2.78418e+05
     Coulomb-14        LJ (SR)   Coulomb (SR)   COM Pull En.      Potential
    0.00000e+00   -4.97534e+06   -3.83403e+04    4.52754e+05   -4.01339e+06
    Kinetic En.   Total Energy  Conserved En.    Temperature Pressure (bar)
    8.07538e+05   -3.20585e+06   -2.47320e+06    3.02804e+02   -1.51368e+03
   Constr. rmsd
    1.80316e-05

           Step           Time
          59000      324.50000

   Energies (kJ/mol)
           Bond          Angle       G96Angle    Proper Dih.          LJ-14
    6.20863e+05    1.47985e+05    2.02890e+04    3.63736e+04   -2.77870e+05
     Coulomb-14        LJ (SR)   Coulomb (SR)   COM Pull En.      Potential
    0.00000e+00   -4.97726e+06   -3.81819e+04    4.51597e+05   -4.01620e+06
    Kinetic En.   Total Energy  Conserved En.    Temperature Pressure (bar)
    8.06888e+05   -3.20931e+06   -2.47122e+06    3.02560e+02   -1.52398e+03
   Constr. rmsd
    1.56671e-05

           Step           Time
          60000      330.00000

   Energies (kJ/mol)
           Bond          Angle       G96Angle    Proper Dih.          LJ-14
    6.21845e+05    1.47043e+05    2.03382e+04    3.63415e+04   -2.78184e+05
     Coulomb-14        LJ (SR)   Coulomb (SR)   COM Pull En.      Potential
    0.00000e+00   -4.97873e+06   -3.82384e+04    4.52132e+05   -4.01745e+06
    Kinetic En.   Total Energy  Conserved En.    Temperature Pressure (bar)
    8.07408e+05   -3.21004e+06   -2.47079e+06    3.02755e+02   -1.51373e+03
   Constr. rmsd
    1.57079e-05

           Step           Time
          61000      335.50000

   Energies (kJ/mol)
           Bond          Angle       G96Angle    Proper Dih.          LJ-14
    6.21223e+05    1.47594e+05    2.03244e+04    3.67614e+04   -2.77736e+05
     Coulomb-14        LJ (SR)   Coulomb (SR)   COM Pull En.      Potential
    0.00000e+00   -4.97981e+06   -3.81971e+04    4.51688e+05   -4.01815e+06
    Kinetic En.   Total Energy  Conserved En.    Temperature Pressure (bar)
    8.09091e+05   -3.20906e+06   -2.46693e+06    3.03386e+02   -1.50283e+03
   Constr. rmsd
    1.88988e-05

           Step           Time
          62000      341.00000

   Energies (kJ/mol)
           Bond          Angle       G96Angle    Proper Dih.          LJ-14
    6.17220e+05    1.48051e+05    2.05050e+04    3.68535e+04   -2.78187e+05
     Coulomb-14        LJ (SR)   Coulomb (SR)   COM Pull En.      Potential
    0.00000e+00   -4.97974e+06   -3.82484e+04    4.52888e+05   -4.02066e+06
    Kinetic En.   Total Energy  Conserved En.    Temperature Pressure (bar)
    8.09694e+05   -3.21096e+06   -2.46627e+06    3.03612e+02   -1.49946e+03
   Constr. rmsd
    1.91091e-05

           Step           Time
          63000      346.50000

   Energies (kJ/mol)
           Bond          Angle       G96Angle    Proper Dih.          LJ-14
    6.18286e+05    1.46588e+05    2.04112e+04    3.63851e+04   -2.78028e+05
     Coulomb-14        LJ (SR)   Coulomb (SR)   COM Pull En.      Potential
    0.00000e+00   -4.98074e+06   -3.82969e+04    4.53396e+05   -4.02200e+06
    Kinetic En.   Total Energy  Conserved En.    Temperature Pressure (bar)
    8.10641e+05   -3.21136e+06   -2.46473e+06    3.03967e+02   -1.49609e+03
   Constr. rmsd
    2.03381e-05

           Step           Time
          64000      352.00000

   Energies (kJ/mol)
           Bond          Angle       G96Angle    Proper Dih.          LJ-14
    6.18740e+05    1.46989e+05    2.06562e+04    3.67603e+04   -2.78237e+05
     Coulomb-14        LJ (SR)   Coulomb (SR)   COM Pull En.      Potential
    0.00000e+00   -4.97938e+06   -3.81783e+04    4.52902e+05   -4.01974e+06
    Kinetic En.   Total Energy  Conserved En.    Temperature Pressure (bar)
    8.09021e+05   -3.21072e+06   -2.46015e+06    3.03360e+02   -1.50048e+03
   Constr. rmsd
    1.70806e-05

           Step           Time
          65000      357.50000

   Energies (kJ/mol)
           Bond          Angle       G96Angle    Proper Dih.          LJ-14
    6.21491e+05    1.47180e+05    2.06931e+04    3.66243e+04   -2.78045e+05
     Coulomb-14        LJ (SR)   Coulomb (SR)   COM Pull En.      Potential
    0.00000e+00   -4.97662e+06   -3.83064e+04    4.50306e+05   -4.01668e+06
    Kinetic En.   Total Energy  Conserved En.    Temperature Pressure (bar)
    8.09119e+05   -3.20756e+06   -2.45763e+06    3.03397e+02   -1.50342e+03
   Constr. rmsd
    1.89749e-05

           Step           Time
          66000      363.00000

   Energies (kJ/mol)
           Bond          Angle       G96Angle    Proper Dih.          LJ-14
    6.20872e+05    1.47288e+05    2.02697e+04    3.68621e+04   -2.78242e+05
     Coulomb-14        LJ (SR)   Coulomb (SR)   COM Pull En.      Potential
    0.00000e+00   -4.97457e+06   -3.82920e+04    4.51288e+05   -4.01452e+06
    Kinetic En.   Total Energy  Conserved En.    Temperature Pressure (bar)
    8.09743e+05   -3.20478e+06   -2.45602e+06    3.03631e+02   -1.49678e+03
   Constr. rmsd
    1.94426e-05

           Step           Time
          67000      368.50000

   Energies (kJ/mol)
           Bond          Angle       G96Angle    Proper Dih.          LJ-14
    6.20384e+05    1.47036e+05    2.05294e+04    3.64062e+04   -2.77749e+05
     Coulomb-14        LJ (SR)   Coulomb (SR)   COM Pull En.      Potential
    0.00000e+00   -4.97722e+06   -3.81215e+04    4.50394e+05   -4.01834e+06
    Kinetic En.   Total Energy  Conserved En.    Temperature Pressure (bar)
    8.11203e+05   -3.20714e+06   -2.45657e+06    3.04178e+02   -1.48742e+03
   Constr. rmsd
    1.80325e-05

           Step           Time
          68000      374.00000

   Energies (kJ/mol)
           Bond          Angle       G96Angle    Proper Dih.          LJ-14
    6.19365e+05    1.46407e+05    2.06039e+04    3.62924e+04   -2.77725e+05
     Coulomb-14        LJ (SR)   Coulomb (SR)   COM Pull En.      Potential
    0.00000e+00   -4.97859e+06   -3.82525e+04    4.51051e+05   -4.02084e+06
    Kinetic En.   Total Energy  Conserved En.    Temperature Pressure (bar)
    8.10027e+05   -3.21082e+06   -2.45495e+06    3.03737e+02   -1.49111e+03
   Constr. rmsd
    1.92961e-05

           Step           Time
          69000      379.50000

   Energies (kJ/mol)
           Bond          Angle       G96Angle    Proper Dih.          LJ-14
    6.18868e+05    1.47044e+05    2.02404e+04    3.66554e+04   -2.77866e+05
     Coulomb-14        LJ (SR)   Coulomb (SR)   COM Pull En.      Potential
    0.00000e+00   -4.98041e+06   -3.81474e+04    4.50512e+05   -4.02310e+06
    Kinetic En.   Total Energy  Conserved En.    Temperature Pressure (bar)
    8.13010e+05   -3.21009e+06   -2.45490e+06    3.04856e+02   -1.47276e+03
   Constr. rmsd
    2.22151e-05

           Step           Time
          70000      385.00000

   Energies (kJ/mol)
           Bond          Angle       G96Angle    Proper Dih.          LJ-14
    6.20288e+05    1.46130e+05    2.04656e+04    3.65251e+04   -2.77773e+05
     Coulomb-14        LJ (SR)   Coulomb (SR)   COM Pull En.      Potential
    0.00000e+00   -4.97898e+06   -3.82196e+04    4.48941e+05   -4.02262e+06
    Kinetic En.   Total Energy  Conserved En.    Temperature Pressure (bar)
    8.08856e+05   -3.21377e+06   -2.45199e+06    3.03298e+02   -1.48413e+03
   Constr. rmsd
    1.67247e-05

           Step           Time
          71000      390.50000

   Energies (kJ/mol)
           Bond          Angle       G96Angle    Proper Dih.          LJ-14
    6.18580e+05    1.45820e+05    2.01832e+04    3.66514e+04   -2.77879e+05
     Coulomb-14        LJ (SR)   Coulomb (SR)   COM Pull En.      Potential
    0.00000e+00   -4.98247e+06   -3.81820e+04    4.49680e+05   -4.02761e+06
    Kinetic En.   Total Energy  Conserved En.    Temperature Pressure (bar)
    8.14797e+05   -3.21282e+06   -2.45148e+06    3.05526e+02   -1.45924e+03
   Constr. rmsd
    1.84941e-05

           Step           Time
          72000      396.00000

   Energies (kJ/mol)
           Bond          Angle       G96Angle    Proper Dih.          LJ-14
    6.16123e+05    1.46012e+05    2.05761e+04    3.71293e+04   -2.77663e+05
     Coulomb-14        LJ (SR)   Coulomb (SR)   COM Pull En.      Potential
    0.00000e+00   -4.97926e+06   -3.81568e+04    4.52588e+05   -4.02265e+06
    Kinetic En.   Total Energy  Conserved En.    Temperature Pressure (bar)
    8.11696e+05   -3.21095e+06   -2.44976e+06    3.04363e+02   -1.46353e+03
   Constr. rmsd
    1.93436e-05

           Step           Time
          73000      401.50000

   Energies (kJ/mol)
           Bond          Angle       G96Angle    Proper Dih.          LJ-14
    6.15815e+05    1.46859e+05    2.05380e+04    3.69996e+04   -2.77704e+05
     Coulomb-14        LJ (SR)   Coulomb (SR)   COM Pull En.      Potential
    0.00000e+00   -4.98236e+06   -3.81067e+04    4.51915e+05   -4.02604e+06
    Kinetic En.   Total Energy  Conserved En.    Temperature Pressure (bar)
    8.09187e+05   -3.21686e+06   -2.44834e+06    3.03422e+02   -1.47528e+03
   Constr. rmsd
    1.64449e-05

           Step           Time
          74000      407.00000

   Energies (kJ/mol)
           Bond          Angle       G96Angle    Proper Dih.          LJ-14
    6.16033e+05    1.47089e+05    2.02081e+04    3.68389e+04   -2.77101e+05
     Coulomb-14        LJ (SR)   Coulomb (SR)   COM Pull En.      Potential
    0.00000e+00   -4.98224e+06   -3.81398e+04    4.50885e+05   -4.02643e+06
    Kinetic En.   Total Energy  Conserved En.    Temperature Pressure (bar)
    8.09020e+05   -3.21741e+06   -2.44646e+06    3.03360e+02   -1.46685e+03
   Constr. rmsd
    1.66427e-05

           Step           Time
          75000      412.50000

   Energies (kJ/mol)
           Bond          Angle       G96Angle    Proper Dih.          LJ-14
    6.16802e+05    1.46501e+05    2.06402e+04    3.68913e+04   -2.77319e+05
     Coulomb-14        LJ (SR)   Coulomb (SR)   COM Pull En.      Potential
    0.00000e+00   -4.98529e+06   -3.82828e+04    4.49046e+05   -4.03102e+06
    Kinetic En.   Total Energy  Conserved En.    Temperature Pressure (bar)
    8.07952e+05   -3.22306e+06   -2.44564e+06    3.02959e+02   -1.48851e+03
   Constr. rmsd
    1.87994e-05

           Step           Time
          76000      418.00000

   Energies (kJ/mol)
           Bond          Angle       G96Angle    Proper Dih.          LJ-14
    6.16222e+05    1.46723e+05    2.03830e+04    3.69537e+04   -2.77396e+05
     Coulomb-14        LJ (SR)   Coulomb (SR)   COM Pull En.      Potential
    0.00000e+00   -4.98546e+06   -3.82973e+04    4.48983e+05   -4.03189e+06
    Kinetic En.   Total Energy  Conserved En.    Temperature Pressure (bar)
    8.08939e+05   -3.22295e+06   -2.44612e+06    3.03329e+02   -1.47509e+03
   Constr. rmsd
    1.85971e-05

           Step           Time
          77000      423.50000

   Energies (kJ/mol)
           Bond          Angle       G96Angle    Proper Dih.          LJ-14
    6.19075e+05    1.47078e+05    2.02338e+04    3.71199e+04   -2.77457e+05
     Coulomb-14        LJ (SR)   Coulomb (SR)   COM Pull En.      Potential
    0.00000e+00   -4.97952e+06   -3.83394e+04    4.47300e+05   -4.02451e+06
    Kinetic En.   Total Energy  Conserved En.    Temperature Pressure (bar)
    8.09053e+05   -3.21545e+06   -2.44178e+06    3.03372e+02   -1.47974e+03
   Constr. rmsd
    1.64013e-05

           Step           Time
          78000      429.00000

   Energies (kJ/mol)
           Bond          Angle       G96Angle    Proper Dih.          LJ-14
    6.18593e+05    1.46493e+05    2.02753e+04    3.70825e+04   -2.77630e+05
     Coulomb-14        LJ (SR)   Coulomb (SR)   COM Pull En.      Potential
    0.00000e+00   -4.98106e+06   -3.83027e+04    4.47024e+05   -4.02752e+06
    Kinetic En.   Total Energy  Conserved En.    Temperature Pressure (bar)
    8.10950e+05   -3.21657e+06   -2.44256e+06    3.04083e+02   -1.46295e+03
   Constr. rmsd
    1.72789e-05

           Step           Time
          79000      434.50000

   Energies (kJ/mol)
           Bond          Angle       G96Angle    Proper Dih.          LJ-14
    6.20684e+05    1.46310e+05    2.04190e+04    3.66440e+04   -2.77611e+05
     Coulomb-14        LJ (SR)   Coulomb (SR)   COM Pull En.      Potential
    0.00000e+00   -4.98202e+06   -3.83298e+04    4.44592e+05   -4.02931e+06
    Kinetic En.   Total Energy  Conserved En.    Temperature Pressure (bar)
    8.08642e+05   -3.22067e+06   -2.44190e+06    3.03218e+02   -1.47449e+03
   Constr. rmsd
    1.75775e-05

           Step           Time
          80000      440.00000

   Energies (kJ/mol)
           Bond          Angle       G96Angle    Proper Dih.          LJ-14
    6.19806e+05    1.46855e+05    2.02477e+04    3.69396e+04   -2.77532e+05
     Coulomb-14        LJ (SR)   Coulomb (SR)   COM Pull En.      Potential
    0.00000e+00   -4.98186e+06   -3.83500e+04    4.46572e+05   -4.02732e+06
    Kinetic En.   Total Energy  Conserved En.    Temperature Pressure (bar)
    8.13175e+05   -3.21415e+06   -2.43969e+06    3.04918e+02   -1.49036e+03
   Constr. rmsd
    1.63840e-05

           Step           Time
          81000      445.50000

   Energies (kJ/mol)
           Bond          Angle       G96Angle    Proper Dih.          LJ-14
    6.20726e+05    1.46376e+05    2.04912e+04    3.68749e+04   -2.77643e+05
     Coulomb-14        LJ (SR)   Coulomb (SR)   COM Pull En.      Potential
    0.00000e+00   -4.98080e+06   -3.82711e+04    4.46197e+05   -4.02605e+06
    Kinetic En.   Total Energy  Conserved En.    Temperature Pressure (bar)
    8.08184e+05   -3.21787e+06   -2.43860e+06    3.03046e+02   -1.48712e+03
   Constr. rmsd
    1.58604e-05

           Step           Time
          82000      451.00000

   Energies (kJ/mol)
           Bond          Angle       G96Angle    Proper Dih.          LJ-14
    6.21167e+05    1.46344e+05    2.03507e+04    3.70095e+04   -2.77356e+05
     Coulomb-14        LJ (SR)   Coulomb (SR)   COM Pull En.      Potential
    0.00000e+00   -4.97698e+06   -3.83356e+04    4.45303e+05   -4.02249e+06
    Kinetic En.   Total Energy  Conserved En.    Temperature Pressure (bar)
    8.10904e+05   -3.21159e+06   -2.43686e+06    3.04066e+02   -1.48455e+03
   Constr. rmsd
    1.52331e-05

           Step           Time
          83000      456.50000

   Energies (kJ/mol)
           Bond          Angle       G96Angle    Proper Dih.          LJ-14
    6.20548e+05    1.46077e+05    2.05775e+04    3.68505e+04   -2.77900e+05
     Coulomb-14        LJ (SR)   Coulomb (SR)   COM Pull En.      Potential
    0.00000e+00   -4.97904e+06   -3.84829e+04    4.44905e+05   -4.02646e+06
    Kinetic En.   Total Energy  Conserved En.    Temperature Pressure (bar)
    8.11403e+05   -3.21506e+06   -2.43667e+06    3.04253e+02   -1.47393e+03
   Constr. rmsd
    1.74345e-05

           Step           Time
          84000      462.00000

   Energies (kJ/mol)
           Bond          Angle       G96Angle    Proper Dih.          LJ-14
    6.21792e+05    1.46041e+05    2.01337e+04    3.69837e+04   -2.77607e+05
     Coulomb-14        LJ (SR)   Coulomb (SR)   COM Pull En.      Potential
    0.00000e+00   -4.98087e+06   -3.84944e+04    4.44630e+05   -4.02739e+06
    Kinetic En.   Total Energy  Conserved En.    Temperature Pressure (bar)
    8.09347e+05   -3.21805e+06   -2.43601e+06    3.03482e+02   -1.48322e+03
   Constr. rmsd
    1.80145e-05

           Step           Time
          85000      467.50000

   Energies (kJ/mol)
           Bond          Angle       G96Angle    Proper Dih.          LJ-14
    6.19484e+05    1.46613e+05    2.04931e+04    3.67936e+04   -2.77804e+05
     Coulomb-14        LJ (SR)   Coulomb (SR)   COM Pull En.      Potential
    0.00000e+00   -4.97761e+06   -3.84099e+04    4.46965e+05   -4.02347e+06
    Kinetic En.   Total Energy  Conserved En.    Temperature Pressure (bar)
    8.09576e+05   -3.21389e+06   -2.43396e+06    3.03568e+02   -1.47951e+03
   Constr. rmsd
    1.88158e-05

           Step           Time
          86000      473.00000

   Energies (kJ/mol)
           Bond          Angle       G96Angle    Proper Dih.          LJ-14
    6.22065e+05    1.46793e+05    2.04216e+04    3.69611e+04   -2.77535e+05
     Coulomb-14        LJ (SR)   Coulomb (SR)   COM Pull En.      Potential
    0.00000e+00   -4.97587e+06   -3.84963e+04    4.45372e+05   -4.02029e+06
    Kinetic En.   Total Energy  Conserved En.    Temperature Pressure (bar)
    8.11098e+05   -3.20919e+06   -2.43234e+06    3.04139e+02   -1.48760e+03
   Constr. rmsd
    1.91576e-05



Received the INT signal, stopping within 100 steps

           Step           Time
          86860      477.73000

Writing checkpoint, step 86860 at Mon May 18 14:21:25 2026


   Energies (kJ/mol)
           Bond          Angle       G96Angle    Proper Dih.          LJ-14
    6.18432e+05    1.46867e+05    2.06741e+04    3.68413e+04   -2.77392e+05
     Coulomb-14        LJ (SR)   Coulomb (SR)   COM Pull En.      Potential
    0.00000e+00   -4.98309e+06   -3.84866e+04    4.45447e+05   -4.03071e+06
    Kinetic En.   Total Energy  Conserved En.    Temperature Pressure (bar)
    8.14363e+05   -3.21635e+06   -2.43370e+06    3.05363e+02   -1.47478e+03
   Constr. rmsd
    1.99567e-05


Energy conservation over simulation part #1 of length 477.73 ps, time 0 to 477.73 ps
  Conserved energy drift: 1.81e-03 kJ/mol/ps per atom


	<======  ###############  ==>
	<====  A V E R A G E S  ====>
	<==  ###############  ======>

	Statistics over 86861 steps using 869 frames

   Energies (kJ/mol)
           Bond          Angle       G96Angle    Proper Dih.          LJ-14
    5.96391e+05    1.47492e+05    2.07219e+04    3.58080e+04   -2.79210e+05
     Coulomb-14        LJ (SR)   Coulomb (SR)   COM Pull En.      Potential
    0.00000e+00   -4.97072e+06   -3.80737e+04    5.02280e+05   -3.98531e+06
    Kinetic En.   Total Energy  Conserved En.    Temperature Pressure (bar)
    8.11796e+05   -3.17351e+06   -2.50646e+06    3.04400e+02   -1.48984e+03
   Constr. rmsd
    0.00000e+00

          Box-X          Box-Y          Box-Z
    1.46911e+01    1.46911e+01    1.07735e+02

   Total Virial (kJ/mol)
    2.38149e+05    3.43109e+01   -3.17552e+02
    3.43252e+01    2.38743e+05   -1.06065e+03
   -3.17562e+02   -1.06061e+03    3.46415e+06

   Pressure (bar)
    4.36783e+01   -4.38375e-02    4.41283e-01
   -4.38578e-02    4.29849e+01    1.48304e+00
    4.41296e-01    1.48299e+00   -4.55617e+03

      T-Protein  T-non-Protein
    3.05920e+02    3.04008e+02


	M E G A - F L O P S   A C C O U N T I N G

 NB=Group-cutoff nonbonded kernels    NxN=N-by-N cluster Verlet kernels
 RF=Reaction-Field  VdW=Van der Waals  QSTab=quadratic-spline table
 W3=SPC/TIP3p  W4=TIP4p (single or pairs)
 V&F=Potential and force  V=Potential only  F=Force only

 Computing:                               M-Number         M-Flops  % Flops
-----------------------------------------------------------------------------
 Pair Search distance check          364498.167930     3280483.511     2.5
 NxN RF Elec. + LJ [F]               298540.370032    11344534.061     8.7
 NxN RF Elec. + LJ [V&F]               3020.390064      163101.063     0.1
 NxN LJ [F]                         3412330.187104   112606896.174    86.0
 NxN LJ [V&F]                         34524.175936     1484539.565     1.1
 NxN RF Electrostatics [F]             9623.737616      298335.866     0.2
 NxN RF Electrostatics [V&F]             97.553488        3511.926     0.0
 1,4 nonbonded interactions            3263.541492      293718.734     0.2
 Shift-X                               1054.697136        6328.183     0.0
 Bonds                                 3386.015502      199774.915     0.2
 Angles                                4052.586816      680834.585     0.5
 Propers                               2236.583889      512177.711     0.4
 Virial                                 211.269930        3802.859     0.0
 Stop-CM                                211.230780        2112.308     0.0
 Calc-Ekin                              844.194738       22793.258     0.0
 Lincs                                  740.420212       44425.213     0.0
 Lincs-Mat                             3730.592124       14922.368     0.0
 Constraint-V                          1480.823376       13327.410     0.0
 Constraint-Vir                           7.415880         177.981     0.0
 Virtual Site N                        2291.358258       34370.374     0.0
-----------------------------------------------------------------------------
 Total                                               131010168.066   100.0
-----------------------------------------------------------------------------


      R E A L   C Y C L E   A N D   T I M E   A C C O U N T I N G

On 1 MPI rank, each using 20 OpenMP threads

 Activity:              Num   Num      Call    Wall time         Giga-Cycles
                        Ranks Threads  Count      (s)         total sum    %
--------------------------------------------------------------------------------
 Vsite constr.             1   20      86861      18.362        973.173   1.3
 Neighbor search           1   20       4344     167.373       8870.801  12.0
 Force                     1   20      86861     904.639      47946.008  64.8
 NB X/F buffer ops.        1   20     169378     114.941       6091.910   8.2
 Vsite spread              1   20      87731      27.989       1483.403   2.0
 COM pull force            1   20      86861       2.278        120.738   0.2
 Write traj.               1   20         89       1.019         54.006   0.1
 Update                    1   20      86861      43.171       2288.059   3.1
 Constraints               1   20      86863     111.877       5929.500   8.0
 Kinetic energy            1   20       3476       1.200         63.610   0.1
 Rest                                              4.014        212.728   0.3
--------------------------------------------------------------------------------
 Total                                          1396.862      74033.934 100.0
--------------------------------------------------------------------------------

NOTE: 12 % of the run time was spent in pair search,
      you might want to increase nstlist (this has no effect on accuracy)

               Core t (s)   Wall t (s)        (%)
       Time:    27937.242     1396.862     2000.0
                 (ns/day)    (hour/ns)    (ms/step)  (Matom*steps/s) 
Performance:       29.549        0.812       16.082           15.098 
Finished mdrun on rank 0 Mon May 18 14:21:25 2026

