                :-) GROMACS - gmx mdrun, 2026.0-conda_forge (-:

Copyright 1991-2026 The GROMACS Authors.
GROMACS is free software; you can redistribute it and/or modify it
under the terms of the GNU Lesser General Public License
as published by the Free Software Foundation; either version 2.1
of the License, or (at your option) any later version.

                         Current GROMACS contributors:
       Mark Abraham           Andrey Alekseenko           Brian Andrews       
        Paul Bauer              Cathrine Bergh              Hugh Bird         
      Eliane Briand               Ania Brown                Yiqi Chen         
      Mahesh Doijade            Giacomo Fiorin          Stefan Fleischmann    
      Sergey Gorelov         Gilles Gouaillardet            Alan Gray         
   Farzaneh Jalalypour         Petter Johansson          Carsten Kutzner      
    Grzegorz Łazarski         Justin A. Lemkul          Magnus Lundborg      
        Julio Maia               Pascal Merz             Vedran Miletić      
      Dmitry Morozov           Lukas Müllender           Szilárd Páll      
 Andrea Pasquadibisceglie     Michele Pellegrino         Nicola Piasentin     
     Daniele Rapetti         Muhammad Umair Sadiq         Hubert Santuz       
      Michael Shirts           Tatiana Shugaeva          Alexey Shvetsov      
     Bálint Soproni            Philip Turner            Alessandra Villa     
        Yang Zhang        

                         Previous GROMACS contributors:
        Emile Apol             Rossen Apostolov           James Barnett       
      Vladimir Basov        Herman J.C. Berendsen          Par Bjelkmar       
      Christian Blau          Viacheslav Bolnykh            Kevin Boyd        
    Aldert van Buuren          Carlo Camilloni           Rudi van Drunen      
      Anton Feenstra           Oliver Fleetwood            Vytas Gapsys       
       Gaurav Garg             Gerrit Groenhof            Bert de Groot       
      Anca Hamuraru           Vincent Hindriksen          Victor Holanda      
     M. Eric Irrgang           Aleksei Iupinov              Joe Jordan        
    Christoph Junghans        Prashanth Kanduri        Dimitrios Karkoulis    
       Peter Kasson             Sebastian Kehl           Sebastian Keller     
        Jiri Kraus               Per Larsson              Viveca Lindahl      
      Erik Marklund           Pieter Meulenhoff           Teemu Murtola       
       Julien Nabet              Sander Pronk             Roland Schulz       
      Alfons Sijbers         David van der Spoel          Peter Tieleman      
      Carsten Uphoff             Jon Vincent             Teemu Virolainen     
    Christian Wennberg     Sebastian Wingbermühle         Maarten Wolf       
      Artem Zhmurov       

                  Coordinated by the GROMACS project leaders:
                           Berk Hess and Erik Lindahl

GROMACS:      gmx mdrun, version 2026.0-conda_forge
Executable:   /root/miniconda3/envs/gromacs-cuda/bin.AVX2_256/gmx
Data prefix:  /root/miniconda3/envs/gromacs-cuda
Working dir:  /root/collagen
Process ID:   19843
Command line:
  gmx mdrun -v -s 1000pN.tpr -deffnm 1000pN -pf pullfx.xvg -px pullx1.xvg -maxh 24 -ntmpi 1 -ntomp 8 -gpu_id 0 -nb gpu -bonded gpu -rdd 3.9

GROMACS version:     2026.0-conda_forge
Precision:           mixed
Memory model:        64 bit
MPI library:         thread_mpi
MPI version:         built in
OpenMP support:      enabled (GMX_OPENMP_MAX_THREADS = 128)
GPU support:         CUDA
NBNxM GPU setup:     super-cluster 2x2x2 / cluster 8 (cluster-pair splitting on)
SIMD instructions:   AVX2_256
CPU FFT library:     fftw-3.3.11-sse2-avx
GPU FFT library:     cuFFT
Multi-GPU FFT:       none
RDTSCP:              disabled
TNG support:         enabled
Hwloc support:       disabled
Tracing support:     disabled
Colvars support:     enabled (version 2025-10-13)
CP2K support:        disabled
Torch support:       disabled
Plumed support:      enabled
C compiler:          /home/conda/feedstock_root/build_artifacts/gromacs_1770909930561/_build_env/bin/x86_64-conda-linux-gnu-cc GNU 14.3.0
C compiler flags:    -fexcess-precision=fast -funroll-all-loops -mavx2 -mfma -Wno-missing-field-initializers -O3 -DNDEBUG
C++ compiler:        /home/conda/feedstock_root/build_artifacts/gromacs_1770909930561/_build_env/bin/x86_64-conda-linux-gnu-c++ GNU 14.3.0
C++ compiler flags:  -fexcess-precision=fast -funroll-all-loops -mavx2 -mfma -Wno-missing-field-initializers -Wno-stringop-truncation -Wno-cast-function-type-strict SHELL:-fopenmp -O3 -DNDEBUG
BLAS library:        Internal
LAPACK library:      Internal
CUDA compiler:       /root/miniconda3/envs/gromacs-cuda/bin/nvcc (NVIDIA 12.9.86)
CUDA compiler flags:  -O3 -DNDEBUG -use_fast_math -static-global-template-stub=false -Xptxas=-warn-double-usage -Xptxas=-Werror -diag-suppress=177 -use_fast_math -static-global-template-stub=false -Xptxas=-warn-double-usage -Xptxas=-Werror -diag-suppress=177 -O3 -DNDEBUG
CUDA targets:        50;52-real;60-real;61-real;70-real;75-real;80-real;86-real;89-real;90-real;120
CUDA driver:         12.80
CUDA runtime:        12.90
NVSHMEM:             disabled


Running on 1 node with total 8 cores, 8 processing units, 1 compatible GPU
Hardware detected on host simatomic-dev-e9620b69-51-159-154-28:
  CPU info:
    Vendor: AMD
    Brand:  AMD EPYC 7413 24-Core Processor                
    Family: 25   Model: 1   Stepping: 1
    Features: aes amd apic avx avx2 clfsh cmov cx8 cx16 f16c fma htt lahf misalignsse mmx msr pcid pclmuldq pdpe1gb popcnt pse rdrnd rdtscp sha sse2 sse3 sse4a sse4.1 sse4.2 ssse3 tdt x2apic
  Hardware topology: Basic
    Packages, cores, and logical processors:
    [indices refer to OS logical processors]
      Package  0: [   0] [   1] [   2] [   3] [   4] [   5] [   6] [   7]
    CPU limit set by OS: -1   Recommended max number of threads: 8
  GPU info:
    Number of GPUs detected: 1
    #0: NVIDIA NVIDIA L40S, compute cap.: 8.9, ECC: yes, stat: compatible

The current CPU can measure timings more accurately than the code in
gmx mdrun was configured to use. This might affect your simulation
speed as accurate timings are needed for load-balancing.
Please consider rebuilding gmx mdrun with the GMX_USE_RDTSCP=ON CMake option.

++++ PLEASE READ AND CITE THE FOLLOWING REFERENCE ++++
M. J. Abraham, T. Murtola, R. Schulz, S. Páll, J. C. Smith, B. Hess, E.
Lindahl
GROMACS: High performance molecular simulations through multi-level
parallelism from laptops to supercomputers
SoftwareX (2015)
https://doi.org/10.1016/j.softx.2015.06.001
-------- -------- --- Thank You --- -------- --------


++++ PLEASE READ AND CITE THE FOLLOWING REFERENCE ++++
S. Páll, M. J. Abraham, C. Kutzner, B. Hess, E. Lindahl
Tackling Exascale Software Challenges in Molecular Dynamics Simulations with
GROMACS
In S. Markidis & E. Laure (Eds.), Solving Software Challenges for Exascale (2015)
https://doi.org/10.1007/978-3-319-15976-8_1
-------- -------- --- Thank You --- -------- --------


++++ PLEASE READ AND CITE THE FOLLOWING REFERENCE ++++
S. Pronk, S. Páll, R. Schulz, P. Larsson, P. Bjelkmar, R. Apostolov, M. R.
Shirts, J. C. Smith, P. M. Kasson, D. van der Spoel, B. Hess, E. Lindahl
GROMACS 4.5: a high-throughput and highly parallel open source molecular
simulation toolkit
Bioinformatics (2013)
https://doi.org/10.1093/bioinformatics/btt055
-------- -------- --- Thank You --- -------- --------


++++ PLEASE READ AND CITE THE FOLLOWING REFERENCE ++++
B. Hess, C. Kutzner, D. van der Spoel, E. Lindahl
GROMACS 4: Algorithms for highly efficient, load-balanced, and scalable
molecular simulation
J. Chem. Theory Comput. (2008)
https://doi.org/10.1021/ct700301q
-------- -------- --- Thank You --- -------- --------


++++ PLEASE READ AND CITE THE FOLLOWING REFERENCE ++++
D. van der Spoel, E. Lindahl, B. Hess, G. Groenhof, A. E. Mark, H. J. C.
Berendsen
GROMACS: Fast, Flexible and Free
J. Comp. Chem. (2005)
https://doi.org/10.1002/jcc.20291
-------- -------- --- Thank You --- -------- --------


++++ PLEASE READ AND CITE THE FOLLOWING REFERENCE ++++
E. Lindahl, B. Hess, D. van der Spoel
GROMACS 3.0: A package for molecular simulation and trajectory analysis
J. Mol. Mod. (2001)
https://doi.org/10.1007/s008940100045
-------- -------- --- Thank You --- -------- --------


++++ PLEASE READ AND CITE THE FOLLOWING REFERENCE ++++
H. J. C. Berendsen, D. van der Spoel and R. van Drunen
GROMACS: A message-passing parallel molecular dynamics implementation
Comp. Phys. Comm. (1995)
https://doi.org/10.1016/0010-4655(95)00042-E
-------- -------- --- Thank You --- -------- --------

Input Parameters:
   integrator                     = md
   tinit                          = 0
   dt                             = 0.0055
   nsteps                         = 20000000
   init-step                      = 0
   simulation-part                = 1
   mts                            = false
   mass-repartition-factor        = 1
   comm-mode                      = Linear
   nstcomm                        = 100
   bd-fric                        = 0
   ld-seed                        = -1342185257
   emtol                          = 10
   emstep                         = 0.01
   niter                          = 20
   fcstep                         = 0
   nstcgsteep                     = 1000
   nbfgscorr                      = 10
   rtpi                           = 0.05
   nstxout                        = 0
   nstvout                        = 0
   nstfout                        = 0
   nstlog                         = 1000
   nstcalcenergy                  = 100
   nstenergy                      = 1000
   nstxout-compressed             = 1000
   compressed-x-precision         = 1000
   cutoff-scheme                  = Verlet
   nstlist                        = 20
   pbc                            = xyz
   periodic-molecules             = false
   verlet-buffer-tolerance        = -1
   verlet-buffer-pressure-tolerance = -1
   rlist                          = 1.35
   coulombtype                    = Reaction-Field
   coulomb-modifier               = Potential-shift
   rcoulomb-switch                = 0
   rcoulomb                       = 1.1
   epsilon-r                      = 15
   epsilon-rf                     = inf
   vdw-type                       = Cut-off
   vdw-modifier                   = Potential-shift
   rvdw-switch                    = 0
   rvdw                           = 1.1
   DispCorr                       = No
   table-extension                = 1
   fourierspacing                 = 0.12
   fourier-nx                     = 0
   fourier-ny                     = 0
   fourier-nz                     = 0
   pme-order                      = 4
   ewald-rtol                     = 1e-05
   ewald-rtol-lj                  = 0.001
   lj-pme-comb-rule               = Geometric
   ewald-geometry                 = 3d
   epsilon-surface                = 0
   ensemble-temperature-setting   = constant
   ensemble-temperature           = 303
   tcoupl                         = V-rescale
   nsttcouple                     = 50
   nh-chain-length                = 0
   print-nose-hoover-chain-variables = false
   pcoupl                         = Parrinello-Rahman
   pcoupltype                     = Isotropic
   nstpcouple                     = 100
   tau-p                          = 12
   compressibility (3x3):
      compressibility[    0]={ 3.00000e-04,  0.00000e+00,  0.00000e+00}
      compressibility[    1]={ 0.00000e+00,  3.00000e-04,  0.00000e+00}
      compressibility[    2]={ 0.00000e+00,  0.00000e+00,  3.00000e-04}
   ref-p (3x3):
      ref-p[    0]={ 1.00000e+00,  0.00000e+00,  0.00000e+00}
      ref-p[    1]={ 0.00000e+00,  1.00000e+00,  0.00000e+00}
      ref-p[    2]={ 0.00000e+00,  0.00000e+00,  1.00000e+00}
   refcoord-scaling               = COM
   posres-com (0x3):
   posres-comB (0x3):
   QMMM                           = false
qm-opts:
   ngQM                           = 0
   constraint-algorithm           = Lincs
   continuation                   = false
   Shake-SOR                      = false
   shake-tol                      = 0.0001
   lincs-order                    = 4
   lincs-iter                     = 1
   lincs-warnangle                = 30
   nwall                          = 0
   wall-type                      = 9-3
   wall-r-linpot                  = -1
   wall-atomtype[0]               = -1
   wall-atomtype[1]               = -1
   wall-density[0]                = 0
   wall-density[1]                = 0
   wall-ewald-zfac                = 3
   pull                           = true
   pull-cylinder-r                = 1.5
   pull-constr-tol                = 1e-06
   pull-print-COM                 = false
   pull-print-ref-value           = true
   pull-print-components          = true
   pull-nstxout                   = 1000
   pull-nstfout                   = 1000
   pull-pbc-ref-prev-step-com     = false
   pull-xout-average              = false
   pull-fout-average              = false
   pull-ngroups                   = 67
   pull-group 0:
     atom: not available
     weight: not available
     pbcatom                        = -1
   pull-group 1:
     atom (1):
        atom[0]=0
     weight: not available
     pbcatom                        = -1
   pull-group 2:
     atom (1):
        atom[0]=414
     weight: not available
     pbcatom                        = -1
   pull-group 3:
     atom (1):
        atom[0]=415
     weight: not available
     pbcatom                        = -1
   pull-group 4:
     atom (1):
        atom[0]=828
     weight: not available
     pbcatom                        = -1
   pull-group 5:
     atom (1):
        atom[0]=829
     weight: not available
     pbcatom                        = -1
   pull-group 6:
     atom (1):
        atom[0]=1237
     weight: not available
     pbcatom                        = -1
   pull-group 7:
     atom (1):
        atom[0]=1940
     weight: not available
     pbcatom                        = -1
   pull-group 8:
     atom (1):
        atom[0]=3729
     weight: not available
     pbcatom                        = -1
   pull-group 9:
     atom (1):
        atom[0]=2259
     weight: not available
     pbcatom                        = -1
   pull-group 10:
     atom (1):
        atom[0]=4065
     weight: not available
     pbcatom                        = -1
   pull-group 11:
     atom (1):
        atom[0]=2582
     weight: not available
     pbcatom                        = -1
   pull-group 12:
     atom (1):
        atom[0]=4389
     weight: not available
     pbcatom                        = -1
   pull-group 13:
     atom (1):
        atom[0]=4933
     weight: not available
     pbcatom                        = -1
   pull-group 14:
     atom (1):
        atom[0]=6722
     weight: not available
     pbcatom                        = -1
   pull-group 15:
     atom (1):
        atom[0]=5252
     weight: not available
     pbcatom                        = -1
   pull-group 16:
     atom (1):
        atom[0]=7058
     weight: not available
     pbcatom                        = -1
   pull-group 17:
     atom (1):
        atom[0]=5575
     weight: not available
     pbcatom                        = -1
   pull-group 18:
     atom (1):
        atom[0]=7382
     weight: not available
     pbcatom                        = -1
   pull-group 19:
     atom (1):
        atom[0]=7926
     weight: not available
     pbcatom                        = -1
   pull-group 20:
     atom (1):
        atom[0]=8341
     weight: not available
     pbcatom                        = -1
   pull-group 21:
     atom (1):
        atom[0]=8342
     weight: not available
     pbcatom                        = -1
   pull-group 22:
     atom (1):
        atom[0]=8759
     weight: not available
     pbcatom                        = -1
   pull-group 23:
     atom (1):
        atom[0]=8760
     weight: not available
     pbcatom                        = -1
   pull-group 24:
     atom (1):
        atom[0]=9176
     weight: not available
     pbcatom                        = -1
   pull-group 25:
     atom (1):
        atom[0]=9887
     weight: not available
     pbcatom                        = -1
   pull-group 26:
     atom (1):
        atom[0]=10311
     weight: not available
     pbcatom                        = -1
   pull-group 27:
     atom (1):
        atom[0]=10312
     weight: not available
     pbcatom                        = -1
   pull-group 28:
     atom (1):
        atom[0]=10737
     weight: not available
     pbcatom                        = -1
   pull-group 29:
     atom (1):
        atom[0]=10738
     weight: not available
     pbcatom                        = -1
   pull-group 30:
     atom (1):
        atom[0]=11159
     weight: not available
     pbcatom                        = -1
   pull-group 31:
     atom (1):
        atom[0]=11877
     weight: not available
     pbcatom                        = -1
   pull-group 32:
     atom (1):
        atom[0]=12301
     weight: not available
     pbcatom                        = -1
   pull-group 33:
     atom (1):
        atom[0]=12302
     weight: not available
     pbcatom                        = -1
   pull-group 34:
     atom (1):
        atom[0]=12727
     weight: not available
     pbcatom                        = -1
   pull-group 35:
     atom (1):
        atom[0]=12728
     weight: not available
     pbcatom                        = -1
   pull-group 36:
     atom (1):
        atom[0]=13149
     weight: not available
     pbcatom                        = -1
   pull-group 37:
     atom (1):
        atom[0]=13867
     weight: not available
     pbcatom                        = -1
   pull-group 38:
     atom (1):
        atom[0]=14281
     weight: not available
     pbcatom                        = -1
   pull-group 39:
     atom (1):
        atom[0]=14282
     weight: not available
     pbcatom                        = -1
   pull-group 40:
     atom (1):
        atom[0]=14695
     weight: not available
     pbcatom                        = -1
   pull-group 41:
     atom (1):
        atom[0]=14696
     weight: not available
     pbcatom                        = -1
   pull-group 42:
     atom (1):
        atom[0]=15104
     weight: not available
     pbcatom                        = -1
   pull-group 43:
     atom (1):
        atom[0]=15807
     weight: not available
     pbcatom                        = -1
   pull-group 44:
     atom (1):
        atom[0]=17596
     weight: not available
     pbcatom                        = -1
   pull-group 45:
     atom (1):
        atom[0]=16126
     weight: not available
     pbcatom                        = -1
   pull-group 46:
     atom (1):
        atom[0]=17932
     weight: not available
     pbcatom                        = -1
   pull-group 47:
     atom (1):
        atom[0]=16449
     weight: not available
     pbcatom                        = -1
   pull-group 48:
     atom (1):
        atom[0]=18256
     weight: not available
     pbcatom                        = -1
   pull-group 49:
     atom (1):
        atom[0]=18800
     weight: not available
     pbcatom                        = -1
   pull-group 50:
     atom (1):
        atom[0]=19215
     weight: not available
     pbcatom                        = -1
   pull-group 51:
     atom (1):
        atom[0]=19216
     weight: not available
     pbcatom                        = -1
   pull-group 52:
     atom (1):
        atom[0]=19633
     weight: not available
     pbcatom                        = -1
   pull-group 53:
     atom (1):
        atom[0]=19634
     weight: not available
     pbcatom                        = -1
   pull-group 54:
     atom (1):
        atom[0]=20050
     weight: not available
     pbcatom                        = -1
   pull-group 55:
     atom (1):
        atom[0]=20761
     weight: not available
     pbcatom                        = -1
   pull-group 56:
     atom (1):
        atom[0]=21175
     weight: not available
     pbcatom                        = -1
   pull-group 57:
     atom (1):
        atom[0]=21176
     weight: not available
     pbcatom                        = -1
   pull-group 58:
     atom (1):
        atom[0]=21589
     weight: not available
     pbcatom                        = -1
   pull-group 59:
     atom (1):
        atom[0]=21590
     weight: not available
     pbcatom                        = -1
   pull-group 60:
     atom (1):
        atom[0]=21998
     weight: not available
     pbcatom                        = -1
   pull-group 61:
     atom (1):
        atom[0]=22701
     weight: not available
     pbcatom                        = -1
   pull-group 62:
     atom (1):
        atom[0]=24490
     weight: not available
     pbcatom                        = -1
   pull-group 63:
     atom (1):
        atom[0]=23020
     weight: not available
     pbcatom                        = -1
   pull-group 64:
     atom (1):
        atom[0]=24826
     weight: not available
     pbcatom                        = -1
   pull-group 65:
     atom (1):
        atom[0]=23343
     weight: not available
     pbcatom                        = -1
   pull-group 66:
     atom (1):
        atom[0]=25150
     weight: not available
     pbcatom                        = -1
   pull-ncoords                   = 66
   pull-coord 0:
   type                           = constant-force
   geometry                       = direction
   group[0]                       = 0
   group[1]                       = 1
   dim (3):
      dim[0]=0
      dim[1]=0
      dim[2]=1
   origin (3):
      origin[0]= 0.00000e+00
      origin[1]= 0.00000e+00
      origin[2]= 0.00000e+00
   vec (3):
      vec[0]= 0.00000e+00
      vec[1]= 0.00000e+00
      vec[2]= 1.00000e+00
   start                          = true
   init                           = 13.112
   rate                           = 0
   k                              = 1806
   kB                             = 1806
   pull-coord 1:
   type                           = constant-force
   geometry                       = direction
   group[0]                       = 0
   group[1]                       = 2
   dim (3):
      dim[0]=0
      dim[1]=0
      dim[2]=1
   origin (3):
      origin[0]= 0.00000e+00
      origin[1]= 0.00000e+00
      origin[2]= 0.00000e+00
   vec (3):
      vec[0]= 0.00000e+00
      vec[1]= 0.00000e+00
      vec[2]= 1.00000e+00
   start                          = true
   init                           = -12.4826
   rate                           = 0
   k                              = -1806
   kB                             = -1806
   pull-coord 2:
   type                           = constant-force
   geometry                       = direction
   group[0]                       = 0
   group[1]                       = 3
   dim (3):
      dim[0]=0
      dim[1]=0
      dim[2]=1
   origin (3):
      origin[0]= 0.00000e+00
      origin[1]= 0.00000e+00
      origin[2]= 0.00000e+00
   vec (3):
      vec[0]= 0.00000e+00
      vec[1]= 0.00000e+00
      vec[2]= 1.00000e+00
   start                          = true
   init                           = 13.528
   rate                           = 0
   k                              = 1806
   kB                             = 1806
   pull-coord 3:
   type                           = constant-force
   geometry                       = direction
   group[0]                       = 0
   group[1]                       = 4
   dim (3):
      dim[0]=0
      dim[1]=0
      dim[2]=1
   origin (3):
      origin[0]= 0.00000e+00
      origin[1]= 0.00000e+00
      origin[2]= 0.00000e+00
   vec (3):
      vec[0]= 0.00000e+00
      vec[1]= 0.00000e+00
      vec[2]= 1.00000e+00
   start                          = true
   init                           = -12.1826
   rate                           = 0
   k                              = -1806
   kB                             = -1806
   pull-coord 4:
   type                           = constant-force
   geometry                       = direction
   group[0]                       = 0
   group[1]                       = 5
   dim (3):
      dim[0]=0
      dim[1]=0
      dim[2]=1
   origin (3):
      origin[0]= 0.00000e+00
      origin[1]= 0.00000e+00
      origin[2]= 0.00000e+00
   vec (3):
      vec[0]= 0.00000e+00
      vec[1]= 0.00000e+00
      vec[2]= 1.00000e+00
   start                          = true
   init                           = 13.269
   rate                           = 0
   k                              = 1806
   kB                             = 1806
   pull-coord 5:
   type                           = constant-force
   geometry                       = direction
   group[0]                       = 0
   group[1]                       = 6
   dim (3):
      dim[0]=0
      dim[1]=0
      dim[2]=1
   origin (3):
      origin[0]= 0.00000e+00
      origin[1]= 0.00000e+00
      origin[2]= 0.00000e+00
   vec (3):
      vec[0]= 0.00000e+00
      vec[1]= 0.00000e+00
      vec[2]= 1.00000e+00
   start                          = true
   init                           = -12.4956
   rate                           = 0
   k                              = -1806
   kB                             = -1806
   pull-coord 6:
   type                           = constant-force
   geometry                       = direction
   group[0]                       = 0
   group[1]                       = 7
   dim (3):
      dim[0]=0
      dim[1]=0
      dim[2]=1
   origin (3):
      origin[0]= 0.00000e+00
      origin[1]= 0.00000e+00
      origin[2]= 0.00000e+00
   vec (3):
      vec[0]= 0.00000e+00
      vec[1]= 0.00000e+00
      vec[2]= 1.00000e+00
   start                          = true
   init                           = 12.569
   rate                           = 0
   k                              = 1806
   kB                             = 1806
   pull-coord 7:
   type                           = constant-force
   geometry                       = direction
   group[0]                       = 0
   group[1]                       = 8
   dim (3):
      dim[0]=0
      dim[1]=0
      dim[2]=1
   origin (3):
      origin[0]= 0.00000e+00
      origin[1]= 0.00000e+00
      origin[2]= 0.00000e+00
   vec (3):
      vec[0]= 0.00000e+00
      vec[1]= 0.00000e+00
      vec[2]= 1.00000e+00
   start                          = true
   init                           = -10.6706
   rate                           = 0
   k                              = -1806
   kB                             = -1806
   pull-coord 8:
   type                           = constant-force
   geometry                       = direction
   group[0]                       = 0
   group[1]                       = 9
   dim (3):
      dim[0]=0
      dim[1]=0
      dim[2]=1
   origin (3):
      origin[0]= 0.00000e+00
      origin[1]= 0.00000e+00
      origin[2]= 0.00000e+00
   vec (3):
      vec[0]= 0.00000e+00
      vec[1]= 0.00000e+00
      vec[2]= 1.00000e+00
   start                          = true
   init                           = 12.478
   rate                           = 0
   k                              = 1806
   kB                             = 1806
   pull-coord 9:
   type                           = constant-force
   geometry                       = direction
   group[0]                       = 0
   group[1]                       = 10
   dim (3):
      dim[0]=0
      dim[1]=0
      dim[2]=1
   origin (3):
      origin[0]= 0.00000e+00
      origin[1]= 0.00000e+00
      origin[2]= 0.00000e+00
   vec (3):
      vec[0]= 0.00000e+00
      vec[1]= 0.00000e+00
      vec[2]= 1.00000e+00
   start                          = true
   init                           = -10.6316
   rate                           = 0
   k                              = -1806
   kB                             = -1806
   pull-coord 10:
   type                           = constant-force
   geometry                       = direction
   group[0]                       = 0
   group[1]                       = 11
   dim (3):
      dim[0]=0
      dim[1]=0
      dim[2]=1
   origin (3):
      origin[0]= 0.00000e+00
      origin[1]= 0.00000e+00
      origin[2]= 0.00000e+00
   vec (3):
      vec[0]= 0.00000e+00
      vec[1]= 0.00000e+00
      vec[2]= 1.00000e+00
   start                          = true
   init                           = 13.635
   rate                           = 0
   k                              = 1806
   kB                             = 1806
   pull-coord 11:
   type                           = constant-force
   geometry                       = direction
   group[0]                       = 0
   group[1]                       = 12
   dim (3):
      dim[0]=0
      dim[1]=0
      dim[2]=1
   origin (3):
      origin[0]= 0.00000e+00
      origin[1]= 0.00000e+00
      origin[2]= 0.00000e+00
   vec (3):
      vec[0]= 0.00000e+00
      vec[1]= 0.00000e+00
      vec[2]= 1.00000e+00
   start                          = true
   init                           = -10.9926
   rate                           = 0
   k                              = -1806
   kB                             = -1806
   pull-coord 12:
   type                           = constant-force
   geometry                       = direction
   group[0]                       = 0
   group[1]                       = 13
   dim (3):
      dim[0]=0
      dim[1]=0
      dim[2]=1
   origin (3):
      origin[0]= 0.00000e+00
      origin[1]= 0.00000e+00
      origin[2]= 0.00000e+00
   vec (3):
      vec[0]= 0.00000e+00
      vec[1]= 0.00000e+00
      vec[2]= 1.00000e+00
   start                          = true
   init                           = 11.738
   rate                           = 0
   k                              = 1806
   kB                             = 1806
   pull-coord 13:
   type                           = constant-force
   geometry                       = direction
   group[0]                       = 0
   group[1]                       = 14
   dim (3):
      dim[0]=0
      dim[1]=0
      dim[2]=1
   origin (3):
      origin[0]= 0.00000e+00
      origin[1]= 0.00000e+00
      origin[2]= 0.00000e+00
   vec (3):
      vec[0]= 0.00000e+00
      vec[1]= 0.00000e+00
      vec[2]= 1.00000e+00
   start                          = true
   init                           = -11.4146
   rate                           = 0
   k                              = -1806
   kB                             = -1806
   pull-coord 14:
   type                           = constant-force
   geometry                       = direction
   group[0]                       = 0
   group[1]                       = 15
   dim (3):
      dim[0]=0
      dim[1]=0
      dim[2]=1
   origin (3):
      origin[0]= 0.00000e+00
      origin[1]= 0.00000e+00
      origin[2]= 0.00000e+00
   vec (3):
      vec[0]= 0.00000e+00
      vec[1]= 0.00000e+00
      vec[2]= 1.00000e+00
   start                          = true
   init                           = 11.808
   rate                           = 0
   k                              = 1806
   kB                             = 1806
   pull-coord 15:
   type                           = constant-force
   geometry                       = direction
   group[0]                       = 0
   group[1]                       = 16
   dim (3):
      dim[0]=0
      dim[1]=0
      dim[2]=1
   origin (3):
      origin[0]= 0.00000e+00
      origin[1]= 0.00000e+00
      origin[2]= 0.00000e+00
   vec (3):
      vec[0]= 0.00000e+00
      vec[1]= 0.00000e+00
      vec[2]= 1.00000e+00
   start                          = true
   init                           = -11.3686
   rate                           = 0
   k                              = -1806
   kB                             = -1806
   pull-coord 16:
   type                           = constant-force
   geometry                       = direction
   group[0]                       = 0
   group[1]                       = 17
   dim (3):
      dim[0]=0
      dim[1]=0
      dim[2]=1
   origin (3):
      origin[0]= 0.00000e+00
      origin[1]= 0.00000e+00
      origin[2]= 0.00000e+00
   vec (3):
      vec[0]= 0.00000e+00
      vec[1]= 0.00000e+00
      vec[2]= 1.00000e+00
   start                          = true
   init                           = 12.827
   rate                           = 0
   k                              = 1806
   kB                             = 1806
   pull-coord 17:
   type                           = constant-force
   geometry                       = direction
   group[0]                       = 0
   group[1]                       = 18
   dim (3):
      dim[0]=0
      dim[1]=0
      dim[2]=1
   origin (3):
      origin[0]= 0.00000e+00
      origin[1]= 0.00000e+00
      origin[2]= 0.00000e+00
   vec (3):
      vec[0]= 0.00000e+00
      vec[1]= 0.00000e+00
      vec[2]= 1.00000e+00
   start                          = true
   init                           = -11.9376
   rate                           = 0
   k                              = -1806
   kB                             = -1806
   pull-coord 18:
   type                           = constant-force
   geometry                       = direction
   group[0]                       = 0
   group[1]                       = 19
   dim (3):
      dim[0]=0
      dim[1]=0
      dim[2]=1
   origin (3):
      origin[0]= 0.00000e+00
      origin[1]= 0.00000e+00
      origin[2]= 0.00000e+00
   vec (3):
      vec[0]= 0.00000e+00
      vec[1]= 0.00000e+00
      vec[2]= 1.00000e+00
   start                          = true
   init                           = 13.174
   rate                           = 0
   k                              = 1806
   kB                             = 1806
   pull-coord 19:
   type                           = constant-force
   geometry                       = direction
   group[0]                       = 0
   group[1]                       = 20
   dim (3):
      dim[0]=0
      dim[1]=0
      dim[2]=1
   origin (3):
      origin[0]= 0.00000e+00
      origin[1]= 0.00000e+00
      origin[2]= 0.00000e+00
   vec (3):
      vec[0]= 0.00000e+00
      vec[1]= 0.00000e+00
      vec[2]= 1.00000e+00
   start                          = true
   init                           = -12.1246
   rate                           = 0
   k                              = -1806
   kB                             = -1806
   pull-coord 20:
   type                           = constant-force
   geometry                       = direction
   group[0]                       = 0
   group[1]                       = 21
   dim (3):
      dim[0]=0
      dim[1]=0
      dim[2]=1
   origin (3):
      origin[0]= 0.00000e+00
      origin[1]= 0.00000e+00
      origin[2]= 0.00000e+00
   vec (3):
      vec[0]= 0.00000e+00
      vec[1]= 0.00000e+00
      vec[2]= 1.00000e+00
   start                          = true
   init                           = 13.351
   rate                           = 0
   k                              = 1806
   kB                             = 1806
   pull-coord 21:
   type                           = constant-force
   geometry                       = direction
   group[0]                       = 0
   group[1]                       = 22
   dim (3):
      dim[0]=0
      dim[1]=0
      dim[2]=1
   origin (3):
      origin[0]= 0.00000e+00
      origin[1]= 0.00000e+00
      origin[2]= 0.00000e+00
   vec (3):
      vec[0]= 0.00000e+00
      vec[1]= 0.00000e+00
      vec[2]= 1.00000e+00
   start                          = true
   init                           = -12.0436
   rate                           = 0
   k                              = -1806
   kB                             = -1806
   pull-coord 22:
   type                           = constant-force
   geometry                       = direction
   group[0]                       = 0
   group[1]                       = 23
   dim (3):
      dim[0]=0
      dim[1]=0
      dim[2]=1
   origin (3):
      origin[0]= 0.00000e+00
      origin[1]= 0.00000e+00
      origin[2]= 0.00000e+00
   vec (3):
      vec[0]= 0.00000e+00
      vec[1]= 0.00000e+00
      vec[2]= 1.00000e+00
   start                          = true
   init                           = 13.052
   rate                           = 0
   k                              = 1806
   kB                             = 1806
   pull-coord 23:
   type                           = constant-force
   geometry                       = direction
   group[0]                       = 0
   group[1]                       = 24
   dim (3):
      dim[0]=0
      dim[1]=0
      dim[2]=1
   origin (3):
      origin[0]= 0.00000e+00
      origin[1]= 0.00000e+00
      origin[2]= 0.00000e+00
   vec (3):
      vec[0]= 0.00000e+00
      vec[1]= 0.00000e+00
      vec[2]= 1.00000e+00
   start                          = true
   init                           = -12.1206
   rate                           = 0
   k                              = -1806
   kB                             = -1806
   pull-coord 24:
   type                           = constant-force
   geometry                       = direction
   group[0]                       = 0
   group[1]                       = 25
   dim (3):
      dim[0]=0
      dim[1]=0
      dim[2]=1
   origin (3):
      origin[0]= 0.00000e+00
      origin[1]= 0.00000e+00
      origin[2]= 0.00000e+00
   vec (3):
      vec[0]= 0.00000e+00
      vec[1]= 0.00000e+00
      vec[2]= 1.00000e+00
   start                          = true
   init                           = 12.341
   rate                           = 0
   k                              = 1806
   kB                             = 1806
   pull-coord 25:
   type                           = constant-force
   geometry                       = direction
   group[0]                       = 0
   group[1]                       = 26
   dim (3):
      dim[0]=0
      dim[1]=0
      dim[2]=1
   origin (3):
      origin[0]= 0.00000e+00
      origin[1]= 0.00000e+00
      origin[2]= 0.00000e+00
   vec (3):
      vec[0]= 0.00000e+00
      vec[1]= 0.00000e+00
      vec[2]= 1.00000e+00
   start                          = true
   init                           = -11.3976
   rate                           = 0
   k                              = -1806
   kB                             = -1806
   pull-coord 26:
   type                           = constant-force
   geometry                       = direction
   group[0]                       = 0
   group[1]                       = 27
   dim (3):
      dim[0]=0
      dim[1]=0
      dim[2]=1
   origin (3):
      origin[0]= 0.00000e+00
      origin[1]= 0.00000e+00
      origin[2]= 0.00000e+00
   vec (3):
      vec[0]= 0.00000e+00
      vec[1]= 0.00000e+00
      vec[2]= 1.00000e+00
   start                          = true
   init                           = 12.397
   rate                           = 0
   k                              = 1806
   kB                             = 1806
   pull-coord 27:
   type                           = constant-force
   geometry                       = direction
   group[0]                       = 0
   group[1]                       = 28
   dim (3):
      dim[0]=0
      dim[1]=0
      dim[2]=1
   origin (3):
      origin[0]= 0.00000e+00
      origin[1]= 0.00000e+00
      origin[2]= 0.00000e+00
   vec (3):
      vec[0]= 0.00000e+00
      vec[1]= 0.00000e+00
      vec[2]= 1.00000e+00
   start                          = true
   init                           = -10.9936
   rate                           = 0
   k                              = -1806
   kB                             = -1806
   pull-coord 28:
   type                           = constant-force
   geometry                       = direction
   group[0]                       = 0
   group[1]                       = 29
   dim (3):
      dim[0]=0
      dim[1]=0
      dim[2]=1
   origin (3):
      origin[0]= 0.00000e+00
      origin[1]= 0.00000e+00
      origin[2]= 0.00000e+00
   vec (3):
      vec[0]= 0.00000e+00
      vec[1]= 0.00000e+00
      vec[2]= 1.00000e+00
   start                          = true
   init                           = 12.686
   rate                           = 0
   k                              = 1806
   kB                             = 1806
   pull-coord 29:
   type                           = constant-force
   geometry                       = direction
   group[0]                       = 0
   group[1]                       = 30
   dim (3):
      dim[0]=0
      dim[1]=0
      dim[2]=1
   origin (3):
      origin[0]= 0.00000e+00
      origin[1]= 0.00000e+00
      origin[2]= 0.00000e+00
   vec (3):
      vec[0]= 0.00000e+00
      vec[1]= 0.00000e+00
      vec[2]= 1.00000e+00
   start                          = true
   init                           = -11.4276
   rate                           = 0
   k                              = -1806
   kB                             = -1806
   pull-coord 30:
   type                           = constant-force
   geometry                       = direction
   group[0]                       = 0
   group[1]                       = 31
   dim (3):
      dim[0]=0
      dim[1]=0
      dim[2]=1
   origin (3):
      origin[0]= 0.00000e+00
      origin[1]= 0.00000e+00
      origin[2]= 0.00000e+00
   vec (3):
      vec[0]= 0.00000e+00
      vec[1]= 0.00000e+00
      vec[2]= 1.00000e+00
   start                          = true
   init                           = 11.89
   rate                           = 0
   k                              = 1806
   kB                             = 1806
   pull-coord 31:
   type                           = constant-force
   geometry                       = direction
   group[0]                       = 0
   group[1]                       = 32
   dim (3):
      dim[0]=0
      dim[1]=0
      dim[2]=1
   origin (3):
      origin[0]= 0.00000e+00
      origin[1]= 0.00000e+00
      origin[2]= 0.00000e+00
   vec (3):
      vec[0]= 0.00000e+00
      vec[1]= 0.00000e+00
      vec[2]= 1.00000e+00
   start                          = true
   init                           = -11.9396
   rate                           = 0
   k                              = -1806
   kB                             = -1806
   pull-coord 32:
   type                           = constant-force
   geometry                       = direction
   group[0]                       = 0
   group[1]                       = 33
   dim (3):
      dim[0]=0
      dim[1]=0
      dim[2]=1
   origin (3):
      origin[0]= 0.00000e+00
      origin[1]= 0.00000e+00
      origin[2]= 0.00000e+00
   vec (3):
      vec[0]= 0.00000e+00
      vec[1]= 0.00000e+00
      vec[2]= 1.00000e+00
   start                          = true
   init                           = 12.195
   rate                           = 0
   k                              = 1806
   kB                             = 1806
   pull-coord 33:
   type                           = constant-force
   geometry                       = direction
   group[0]                       = 0
   group[1]                       = 34
   dim (3):
      dim[0]=0
      dim[1]=0
      dim[2]=1
   origin (3):
      origin[0]= 0.00000e+00
      origin[1]= 0.00000e+00
      origin[2]= 0.00000e+00
   vec (3):
      vec[0]= 0.00000e+00
      vec[1]= 0.00000e+00
      vec[2]= 1.00000e+00
   start                          = true
   init                           = -11.5256
   rate                           = 0
   k                              = -1806
   kB                             = -1806
   pull-coord 34:
   type                           = constant-force
   geometry                       = direction
   group[0]                       = 0
   group[1]                       = 35
   dim (3):
      dim[0]=0
      dim[1]=0
      dim[2]=1
   origin (3):
      origin[0]= 0.00000e+00
      origin[1]= 0.00000e+00
      origin[2]= 0.00000e+00
   vec (3):
      vec[0]= 0.00000e+00
      vec[1]= 0.00000e+00
      vec[2]= 1.00000e+00
   start                          = true
   init                           = 12.352
   rate                           = 0
   k                              = 1806
   kB                             = 1806
   pull-coord 35:
   type                           = constant-force
   geometry                       = direction
   group[0]                       = 0
   group[1]                       = 36
   dim (3):
      dim[0]=0
      dim[1]=0
      dim[2]=1
   origin (3):
      origin[0]= 0.00000e+00
      origin[1]= 0.00000e+00
      origin[2]= 0.00000e+00
   vec (3):
      vec[0]= 0.00000e+00
      vec[1]= 0.00000e+00
      vec[2]= 1.00000e+00
   start                          = true
   init                           = -11.9346
   rate                           = 0
   k                              = -1806
   kB                             = -1806
   pull-coord 36:
   type                           = constant-force
   geometry                       = direction
   group[0]                       = 0
   group[1]                       = 37
   dim (3):
      dim[0]=0
      dim[1]=0
      dim[2]=1
   origin (3):
      origin[0]= 0.00000e+00
      origin[1]= 0.00000e+00
      origin[2]= 0.00000e+00
   vec (3):
      vec[0]= 0.00000e+00
      vec[1]= 0.00000e+00
      vec[2]= 1.00000e+00
   start                          = true
   init                           = 14.01
   rate                           = 0
   k                              = 1806
   kB                             = 1806
   pull-coord 37:
   type                           = constant-force
   geometry                       = direction
   group[0]                       = 0
   group[1]                       = 38
   dim (3):
      dim[0]=0
      dim[1]=0
      dim[2]=1
   origin (3):
      origin[0]= 0.00000e+00
      origin[1]= 0.00000e+00
      origin[2]= 0.00000e+00
   vec (3):
      vec[0]= 0.00000e+00
      vec[1]= 0.00000e+00
      vec[2]= 1.00000e+00
   start                          = true
   init                           = -12.1036
   rate                           = 0
   k                              = -1806
   kB                             = -1806
   pull-coord 38:
   type                           = constant-force
   geometry                       = direction
   group[0]                       = 0
   group[1]                       = 39
   dim (3):
      dim[0]=0
      dim[1]=0
      dim[2]=1
   origin (3):
      origin[0]= 0.00000e+00
      origin[1]= 0.00000e+00
      origin[2]= 0.00000e+00
   vec (3):
      vec[0]= 0.00000e+00
      vec[1]= 0.00000e+00
      vec[2]= 1.00000e+00
   start                          = true
   init                           = 14.321
   rate                           = 0
   k                              = 1806
   kB                             = 1806
   pull-coord 39:
   type                           = constant-force
   geometry                       = direction
   group[0]                       = 0
   group[1]                       = 40
   dim (3):
      dim[0]=0
      dim[1]=0
      dim[2]=1
   origin (3):
      origin[0]= 0.00000e+00
      origin[1]= 0.00000e+00
      origin[2]= 0.00000e+00
   vec (3):
      vec[0]= 0.00000e+00
      vec[1]= 0.00000e+00
      vec[2]= 1.00000e+00
   start                          = true
   init                           = -11.7836
   rate                           = 0
   k                              = -1806
   kB                             = -1806
   pull-coord 40:
   type                           = constant-force
   geometry                       = direction
   group[0]                       = 0
   group[1]                       = 41
   dim (3):
      dim[0]=0
      dim[1]=0
      dim[2]=1
   origin (3):
      origin[0]= 0.00000e+00
      origin[1]= 0.00000e+00
      origin[2]= 0.00000e+00
   vec (3):
      vec[0]= 0.00000e+00
      vec[1]= 0.00000e+00
      vec[2]= 1.00000e+00
   start                          = true
   init                           = 14.156
   rate                           = 0
   k                              = 1806
   kB                             = 1806
   pull-coord 41:
   type                           = constant-force
   geometry                       = direction
   group[0]                       = 0
   group[1]                       = 42
   dim (3):
      dim[0]=0
      dim[1]=0
      dim[2]=1
   origin (3):
      origin[0]= 0.00000e+00
      origin[1]= 0.00000e+00
      origin[2]= 0.00000e+00
   vec (3):
      vec[0]= 0.00000e+00
      vec[1]= 0.00000e+00
      vec[2]= 1.00000e+00
   start                          = true
   init                           = -12.0026
   rate                           = 0
   k                              = -1806
   kB                             = -1806
   pull-coord 42:
   type                           = constant-force
   geometry                       = direction
   group[0]                       = 0
   group[1]                       = 43
   dim (3):
      dim[0]=0
      dim[1]=0
      dim[2]=1
   origin (3):
      origin[0]= 0.00000e+00
      origin[1]= 0.00000e+00
      origin[2]= 0.00000e+00
   vec (3):
      vec[0]= 0.00000e+00
      vec[1]= 0.00000e+00
      vec[2]= 1.00000e+00
   start                          = true
   init                           = 14.069
   rate                           = 0
   k                              = 1806
   kB                             = 1806
   pull-coord 43:
   type                           = constant-force
   geometry                       = direction
   group[0]                       = 0
   group[1]                       = 44
   dim (3):
      dim[0]=0
      dim[1]=0
      dim[2]=1
   origin (3):
      origin[0]= 0.00000e+00
      origin[1]= 0.00000e+00
      origin[2]= 0.00000e+00
   vec (3):
      vec[0]= 0.00000e+00
      vec[1]= 0.00000e+00
      vec[2]= 1.00000e+00
   start                          = true
   init                           = -9.95858
   rate                           = 0
   k                              = -1806
   kB                             = -1806
   pull-coord 44:
   type                           = constant-force
   geometry                       = direction
   group[0]                       = 0
   group[1]                       = 45
   dim (3):
      dim[0]=0
      dim[1]=0
      dim[2]=1
   origin (3):
      origin[0]= 0.00000e+00
      origin[1]= 0.00000e+00
      origin[2]= 0.00000e+00
   vec (3):
      vec[0]= 0.00000e+00
      vec[1]= 0.00000e+00
      vec[2]= 1.00000e+00
   start                          = true
   init                           = 14.008
   rate                           = 0
   k                              = 1806
   kB                             = 1806
   pull-coord 45:
   type                           = constant-force
   geometry                       = direction
   group[0]                       = 0
   group[1]                       = 46
   dim (3):
      dim[0]=0
      dim[1]=0
      dim[2]=1
   origin (3):
      origin[0]= 0.00000e+00
      origin[1]= 0.00000e+00
      origin[2]= 0.00000e+00
   vec (3):
      vec[0]= 0.00000e+00
      vec[1]= 0.00000e+00
      vec[2]= 1.00000e+00
   start                          = true
   init                           = -9.95558
   rate                           = 0
   k                              = -1806
   kB                             = -1806
   pull-coord 46:
   type                           = constant-force
   geometry                       = direction
   group[0]                       = 0
   group[1]                       = 47
   dim (3):
      dim[0]=0
      dim[1]=0
      dim[2]=1
   origin (3):
      origin[0]= 0.00000e+00
      origin[1]= 0.00000e+00
      origin[2]= 0.00000e+00
   vec (3):
      vec[0]= 0.00000e+00
      vec[1]= 0.00000e+00
      vec[2]= 1.00000e+00
   start                          = true
   init                           = 14.622
   rate                           = 0
   k                              = 1806
   kB                             = 1806
   pull-coord 47:
   type                           = constant-force
   geometry                       = direction
   group[0]                       = 0
   group[1]                       = 48
   dim (3):
      dim[0]=0
      dim[1]=0
      dim[2]=1
   origin (3):
      origin[0]= 0.00000e+00
      origin[1]= 0.00000e+00
      origin[2]= 0.00000e+00
   vec (3):
      vec[0]= 0.00000e+00
      vec[1]= 0.00000e+00
      vec[2]= 1.00000e+00
   start                          = true
   init                           = -10.2406
   rate                           = 0
   k                              = -1806
   kB                             = -1806
   pull-coord 48:
   type                           = constant-force
   geometry                       = direction
   group[0]                       = 0
   group[1]                       = 49
   dim (3):
      dim[0]=0
      dim[1]=0
      dim[2]=1
   origin (3):
      origin[0]= 0.00000e+00
      origin[1]= 0.00000e+00
      origin[2]= 0.00000e+00
   vec (3):
      vec[0]= 0.00000e+00
      vec[1]= 0.00000e+00
      vec[2]= 1.00000e+00
   start                          = true
   init                           = 14.538
   rate                           = 0
   k                              = 1806
   kB                             = 1806
   pull-coord 49:
   type                           = constant-force
   geometry                       = direction
   group[0]                       = 0
   group[1]                       = 50
   dim (3):
      dim[0]=0
      dim[1]=0
      dim[2]=1
   origin (3):
      origin[0]= 0.00000e+00
      origin[1]= 0.00000e+00
      origin[2]= 0.00000e+00
   vec (3):
      vec[0]= 0.00000e+00
      vec[1]= 0.00000e+00
      vec[2]= 1.00000e+00
   start                          = true
   init                           = -10.3426
   rate                           = 0
   k                              = -1806
   kB                             = -1806
   pull-coord 50:
   type                           = constant-force
   geometry                       = direction
   group[0]                       = 0
   group[1]                       = 51
   dim (3):
      dim[0]=0
      dim[1]=0
      dim[2]=1
   origin (3):
      origin[0]= 0.00000e+00
      origin[1]= 0.00000e+00
      origin[2]= 0.00000e+00
   vec (3):
      vec[0]= 0.00000e+00
      vec[1]= 0.00000e+00
      vec[2]= 1.00000e+00
   start                          = true
   init                           = 14.723
   rate                           = 0
   k                              = 1806
   kB                             = 1806
   pull-coord 51:
   type                           = constant-force
   geometry                       = direction
   group[0]                       = 0
   group[1]                       = 52
   dim (3):
      dim[0]=0
      dim[1]=0
      dim[2]=1
   origin (3):
      origin[0]= 0.00000e+00
      origin[1]= 0.00000e+00
      origin[2]= 0.00000e+00
   vec (3):
      vec[0]= 0.00000e+00
      vec[1]= 0.00000e+00
      vec[2]= 1.00000e+00
   start                          = true
   init                           = -10.2216
   rate                           = 0
   k                              = -1806
   kB                             = -1806
   pull-coord 52:
   type                           = constant-force
   geometry                       = direction
   group[0]                       = 0
   group[1]                       = 53
   dim (3):
      dim[0]=0
      dim[1]=0
      dim[2]=1
   origin (3):
      origin[0]= 0.00000e+00
      origin[1]= 0.00000e+00
      origin[2]= 0.00000e+00
   vec (3):
      vec[0]= 0.00000e+00
      vec[1]= 0.00000e+00
      vec[2]= 1.00000e+00
   start                          = true
   init                           = 14.524
   rate                           = 0
   k                              = 1806
   kB                             = 1806
   pull-coord 53:
   type                           = constant-force
   geometry                       = direction
   group[0]                       = 0
   group[1]                       = 54
   dim (3):
      dim[0]=0
      dim[1]=0
      dim[2]=1
   origin (3):
      origin[0]= 0.00000e+00
      origin[1]= 0.00000e+00
      origin[2]= 0.00000e+00
   vec (3):
      vec[0]= 0.00000e+00
      vec[1]= 0.00000e+00
      vec[2]= 1.00000e+00
   start                          = true
   init                           = -10.2426
   rate                           = 0
   k                              = -1806
   kB                             = -1806
   pull-coord 54:
   type                           = constant-force
   geometry                       = direction
   group[0]                       = 0
   group[1]                       = 55
   dim (3):
      dim[0]=0
      dim[1]=0
      dim[2]=1
   origin (3):
      origin[0]= 0.00000e+00
      origin[1]= 0.00000e+00
      origin[2]= 0.00000e+00
   vec (3):
      vec[0]= 0.00000e+00
      vec[1]= 0.00000e+00
      vec[2]= 1.00000e+00
   start                          = true
   init                           = 13.195
   rate                           = 0
   k                              = 1806
   kB                             = 1806
   pull-coord 55:
   type                           = constant-force
   geometry                       = direction
   group[0]                       = 0
   group[1]                       = 56
   dim (3):
      dim[0]=0
      dim[1]=0
      dim[2]=1
   origin (3):
      origin[0]= 0.00000e+00
      origin[1]= 0.00000e+00
      origin[2]= 0.00000e+00
   vec (3):
      vec[0]= 0.00000e+00
      vec[1]= 0.00000e+00
      vec[2]= 1.00000e+00
   start                          = true
   init                           = -12.5686
   rate                           = 0
   k                              = -1806
   kB                             = -1806
   pull-coord 56:
   type                           = constant-force
   geometry                       = direction
   group[0]                       = 0
   group[1]                       = 57
   dim (3):
      dim[0]=0
      dim[1]=0
      dim[2]=1
   origin (3):
      origin[0]= 0.00000e+00
      origin[1]= 0.00000e+00
      origin[2]= 0.00000e+00
   vec (3):
      vec[0]= 0.00000e+00
      vec[1]= 0.00000e+00
      vec[2]= 1.00000e+00
   start                          = true
   init                           = 13.577
   rate                           = 0
   k                              = 1806
   kB                             = 1806
   pull-coord 57:
   type                           = constant-force
   geometry                       = direction
   group[0]                       = 0
   group[1]                       = 58
   dim (3):
      dim[0]=0
      dim[1]=0
      dim[2]=1
   origin (3):
      origin[0]= 0.00000e+00
      origin[1]= 0.00000e+00
      origin[2]= 0.00000e+00
   vec (3):
      vec[0]= 0.00000e+00
      vec[1]= 0.00000e+00
      vec[2]= 1.00000e+00
   start                          = true
   init                           = -12.1866
   rate                           = 0
   k                              = -1806
   kB                             = -1806
   pull-coord 58:
   type                           = constant-force
   geometry                       = direction
   group[0]                       = 0
   group[1]                       = 59
   dim (3):
      dim[0]=0
      dim[1]=0
      dim[2]=1
   origin (3):
      origin[0]= 0.00000e+00
      origin[1]= 0.00000e+00
      origin[2]= 0.00000e+00
   vec (3):
      vec[0]= 0.00000e+00
      vec[1]= 0.00000e+00
      vec[2]= 1.00000e+00
   start                          = true
   init                           = 13.364
   rate                           = 0
   k                              = 1806
   kB                             = 1806
   pull-coord 59:
   type                           = constant-force
   geometry                       = direction
   group[0]                       = 0
   group[1]                       = 60
   dim (3):
      dim[0]=0
      dim[1]=0
      dim[2]=1
   origin (3):
      origin[0]= 0.00000e+00
      origin[1]= 0.00000e+00
      origin[2]= 0.00000e+00
   vec (3):
      vec[0]= 0.00000e+00
      vec[1]= 0.00000e+00
      vec[2]= 1.00000e+00
   start                          = true
   init                           = -12.4086
   rate                           = 0
   k                              = -1806
   kB                             = -1806
   pull-coord 60:
   type                           = constant-force
   geometry                       = direction
   group[0]                       = 0
   group[1]                       = 61
   dim (3):
      dim[0]=0
      dim[1]=0
      dim[2]=1
   origin (3):
      origin[0]= 0.00000e+00
      origin[1]= 0.00000e+00
      origin[2]= 0.00000e+00
   vec (3):
      vec[0]= 0.00000e+00
      vec[1]= 0.00000e+00
      vec[2]= 1.00000e+00
   start                          = true
   init                           = 13.21
   rate                           = 0
   k                              = 1806
   kB                             = 1806
   pull-coord 61:
   type                           = constant-force
   geometry                       = direction
   group[0]                       = 0
   group[1]                       = 62
   dim (3):
      dim[0]=0
      dim[1]=0
      dim[2]=1
   origin (3):
      origin[0]= 0.00000e+00
      origin[1]= 0.00000e+00
      origin[2]= 0.00000e+00
   vec (3):
      vec[0]= 0.00000e+00
      vec[1]= 0.00000e+00
      vec[2]= 1.00000e+00
   start                          = true
   init                           = -10.8096
   rate                           = 0
   k                              = -1806
   kB                             = -1806
   pull-coord 62:
   type                           = constant-force
   geometry                       = direction
   group[0]                       = 0
   group[1]                       = 63
   dim (3):
      dim[0]=0
      dim[1]=0
      dim[2]=1
   origin (3):
      origin[0]= 0.00000e+00
      origin[1]= 0.00000e+00
      origin[2]= 0.00000e+00
   vec (3):
      vec[0]= 0.00000e+00
      vec[1]= 0.00000e+00
      vec[2]= 1.00000e+00
   start                          = true
   init                           = 13.075
   rate                           = 0
   k                              = 1806
   kB                             = 1806
   pull-coord 63:
   type                           = constant-force
   geometry                       = direction
   group[0]                       = 0
   group[1]                       = 64
   dim (3):
      dim[0]=0
      dim[1]=0
      dim[2]=1
   origin (3):
      origin[0]= 0.00000e+00
      origin[1]= 0.00000e+00
      origin[2]= 0.00000e+00
   vec (3):
      vec[0]= 0.00000e+00
      vec[1]= 0.00000e+00
      vec[2]= 1.00000e+00
   start                          = true
   init                           = -10.7056
   rate                           = 0
   k                              = -1806
   kB                             = -1806
   pull-coord 64:
   type                           = constant-force
   geometry                       = direction
   group[0]                       = 0
   group[1]                       = 65
   dim (3):
      dim[0]=0
      dim[1]=0
      dim[2]=1
   origin (3):
      origin[0]= 0.00000e+00
      origin[1]= 0.00000e+00
      origin[2]= 0.00000e+00
   vec (3):
      vec[0]= 0.00000e+00
      vec[1]= 0.00000e+00
      vec[2]= 1.00000e+00
   start                          = true
   init                           = 13.788
   rate                           = 0
   k                              = 1806
   kB                             = 1806
   pull-coord 65:
   type                           = constant-force
   geometry                       = direction
   group[0]                       = 0
   group[1]                       = 66
   dim (3):
      dim[0]=0
      dim[1]=0
      dim[2]=1
   origin (3):
      origin[0]= 0.00000e+00
      origin[1]= 0.00000e+00
      origin[2]= 0.00000e+00
   vec (3):
      vec[0]= 0.00000e+00
      vec[1]= 0.00000e+00
      vec[2]= 1.00000e+00
   start                          = true
   init                           = -11.3086
   rate                           = 0
   k                              = -1806
   kB                             = -1806
   awh                            = false
   rotation                       = false
   interactiveMD                  = false
   disre                          = No
   disre-weighting                = Conservative
   disre-mixed                    = false
   dr-fc                          = 1000
   dr-tau                         = 0
   nstdisreout                    = 100
   orire-fc                       = 0
   orire-tau                      = 0
   nstorireout                    = 100
   free-energy                    = no
   cos-acceleration               = 0
   deform (3x3):
      deform[    0]={ 0.00000e+00,  0.00000e+00,  0.00000e+00}
      deform[    1]={ 0.00000e+00,  0.00000e+00,  0.00000e+00}
      deform[    2]={ 0.00000e+00,  0.00000e+00,  0.00000e+00}
   simulated-tempering            = false
   swapcoords                     = no
   userint1                       = 0
   userint2                       = 0
   userint3                       = 0
   userint4                       = 0
   userreal1                      = 0
   userreal2                      = 0
   userreal3                      = 0
   userreal4                      = 0
   applied-forces:
     electric-field:
       x:
         E0                       = 0
         omega                    = 0
         t0                       = 0
         sigma                    = 0
       y:
         E0                       = 0
         omega                    = 0
         t0                       = 0
         sigma                    = 0
       z:
         E0                       = 0
         omega                    = 0
         t0                       = 0
         sigma                    = 0
     density-guided-simulation:
       active                     = false
       group                      = protein
       similarity-measure         = inner-product
       atom-spreading-weight      = unity
       force-constant             = 1e+09
       gaussian-transform-spreading-width = 0.2
       gaussian-transform-spreading-range-in-multiples-of-width = 4
       reference-density-filename = reference.mrc
       nst                        = 1
       normalize-densities        = true
       adaptive-force-scaling     = false
       adaptive-force-scaling-time-constant = 4
       shift-vector               = 
       transformation-matrix      = 
     qmmm-cp2k:
       active                     = false
       qmgroup                    = System
       qmmethod                   = PBE
       qmfilenames                = 
       qmcharge                   = 0
       qmmultiplicity             = 1
grpopts:
   nrdf:      131605      509896
   ref-t:         303         303
   tau-t:           2           2
annealing:          No          No
annealing-npoints:           0           0
   acc:	           0           0           0
   nfreeze:           N           N           N
   energygrp-flags[  0]: 0

Can not increase nstlist because verlet-buffer-tolerance is not set or used

Update groups can not be used for this system because an incompatible virtual site type is used

Update task can not run on the GPU, because the following condition(s) were not satisfied:
  Virtual sites are not supported.
  Triangle constraints are not supported.

Local state does not use filler particles

1 GPU selected for this run.
Mapping of GPU IDs to the 1 GPU task in the 1 rank on this node:
  PP:0
PP tasks will do non-perturbed short-ranged and most bonded interactions on the GPU
PP task will update and constrain coordinates on the CPU
Using 1 MPI thread
Using 8 OpenMP threads 

System total charge: -0.000
Reaction-Field:
epsRF = 0, rc = 1.1, krf = 0.375657, crf = 1.36364, epsfac = 9.26236
The electrostatics potential has its minimum at r = 1.1
Potential shift: LJ r^-12: -3.186e-01 r^-6: -5.645e-01
Generated table with 1175 data points for 1-4 COUL.
Tabscale = 500 points/nm
Generated table with 1175 data points for 1-4 LJ6.
Tabscale = 500 points/nm
Generated table with 1175 data points for 1-4 LJ12.
Tabscale = 500 points/nm


Using GPU 8x4 nonbonded short-range kernels

NBNxM GPU setup: super-cluster 2x2x2

Using a 8x8 pair-list setup:
  updated every 20 steps, buffer 0.250 nm, rlist 1.350 nm

The average pressure is off by at most 0.00 bar due to missing LJ interactions

Using full Lennard-Jones parameter combination matrix
Removing pbc first time

Pinning threads with an auto-selected logical cpu stride of 1

Will apply potential COM pulling
with 66 pull coordinates and 66 groups
with an absolute reference
Pull group 1:     1 atoms, mass    54.000
Pull group 2:     1 atoms, mass    36.000
Pull group 3:     1 atoms, mass    54.000
Pull group 4:     1 atoms, mass    36.000
Pull group 5:     1 atoms, mass    54.000
Pull group 6:     1 atoms, mass    36.000
Pull group 7:     1 atoms, mass    54.000
Pull group 8:     1 atoms, mass    36.000
Pull group 9:     1 atoms, mass    54.000
Pull group 10:     1 atoms, mass    36.000
Pull group 11:     1 atoms, mass    54.000
Pull group 12:     1 atoms, mass    36.000
Pull group 13:     1 atoms, mass    54.000
Pull group 14:     1 atoms, mass    36.000
Pull group 15:     1 atoms, mass    54.000
Pull group 16:     1 atoms, mass    36.000
Pull group 17:     1 atoms, mass    54.000
Pull group 18:     1 atoms, mass    36.000
Pull group 19:     1 atoms, mass    54.000
Pull group 20:     1 atoms, mass    36.000
Pull group 21:     1 atoms, mass    54.000
Pull group 22:     1 atoms, mass    36.000
Pull group 23:     1 atoms, mass    54.000
Pull group 24:     1 atoms, mass    36.000
Pull group 25:     1 atoms, mass    54.000
Pull group 26:     1 atoms, mass    36.000
Pull group 27:     1 atoms, mass    54.000
Pull group 28:     1 atoms, mass    36.000
Pull group 29:     1 atoms, mass    54.000
Pull group 30:     1 atoms, mass    36.000
Pull group 31:     1 atoms, mass    54.000
Pull group 32:     1 atoms, mass    36.000
Pull group 33:     1 atoms, mass    54.000
Pull group 34:     1 atoms, mass    36.000
Pull group 35:     1 atoms, mass    54.000
Pull group 36:     1 atoms, mass    36.000
Pull group 37:     1 atoms, mass    54.000
Pull group 38:     1 atoms, mass    36.000
Pull group 39:     1 atoms, mass    54.000
Pull group 40:     1 atoms, mass    36.000
Pull group 41:     1 atoms, mass    54.000
Pull group 42:     1 atoms, mass    36.000
Pull group 43:     1 atoms, mass    54.000
Pull group 44:     1 atoms, mass    36.000
Pull group 45:     1 atoms, mass    54.000
Pull group 46:     1 atoms, mass    36.000
Pull group 47:     1 atoms, mass    54.000
Pull group 48:     1 atoms, mass    36.000
Pull group 49:     1 atoms, mass    54.000
Pull group 50:     1 atoms, mass    36.000
Pull group 51:     1 atoms, mass    54.000
Pull group 52:     1 atoms, mass    36.000
Pull group 53:     1 atoms, mass    54.000
Pull group 54:     1 atoms, mass    36.000
Pull group 55:     1 atoms, mass    54.000
Pull group 56:     1 atoms, mass    36.000
Pull group 57:     1 atoms, mass    54.000
Pull group 58:     1 atoms, mass    36.000
Pull group 59:     1 atoms, mass    54.000
Pull group 60:     1 atoms, mass    36.000
Pull group 61:     1 atoms, mass    54.000
Pull group 62:     1 atoms, mass    36.000
Pull group 63:     1 atoms, mass    54.000
Pull group 64:     1 atoms, mass    36.000
Pull group 65:     1 atoms, mass    54.000
Pull group 66:     1 atoms, mass    36.000

Initializing LINear Constraint Solver

++++ PLEASE READ AND CITE THE FOLLOWING REFERENCE ++++
B. Hess
P-LINCS: A Parallel Linear Constraint Solver for molecular simulation
J. Chem. Theory Comput. (2008)
https://doi.org/10.1021/ct700200b
-------- -------- --- Thank You --- -------- --------

The number of constraints is 8524
1901 constraints are involved in constraint triangles,
will apply an additional matrix expansion of order 4 for couplings
between constraints inside triangles

++++ PLEASE READ AND CITE THE FOLLOWING REFERENCE ++++
G. Bussi, D. Donadio, M. Parrinello
Canonical sampling through velocity rescaling
J. Chem. Phys. (2007)
https://doi.org/10.1063/1.2408420
-------- -------- --- Thank You --- -------- --------

There are: 216676 Atoms
There are: 26118 VSites

Constraining the starting coordinates (step 0)

Constraining the coordinates at t0-dt (step 0)
Center of mass motion removal mode is Linear
We have the following groups for center of mass motion removal:
  0:  rest
RMS relative constraint deviation after constraining: 9.78e-06
Initial temperature: 303.37 K

Started mdrun on rank 0 Mon May 18 14:34:37 2026

           Step           Time
              0        0.00000

   Energies (kJ/mol)
           Bond          Angle       G96Angle    Proper Dih.          LJ-14
    2.10720e+05    1.26023e+05    1.97613e+04    3.10296e+04   -2.87221e+05
     Coulomb-14        LJ (SR)   Coulomb (SR)   COM Pull En.      Potential
    0.00000e+00   -4.98663e+06   -3.88380e+04    1.47027e+06   -3.45488e+06
    Kinetic En.   Total Energy  Conserved En.    Temperature Pressure (bar)
    8.09888e+05   -2.64499e+06   -2.64360e+06    3.03685e+02   -1.48211e+03
   Constr. rmsd
    1.97399e-05

           Step           Time
           1000        5.50000

   Energies (kJ/mol)
           Bond          Angle       G96Angle    Proper Dih.          LJ-14
    3.04212e+05    1.32250e+05    2.11316e+04    3.15615e+04   -2.86180e+05
     Coulomb-14        LJ (SR)   Coulomb (SR)   COM Pull En.      Potential
    0.00000e+00   -4.94265e+06   -3.86706e+04    1.17769e+06   -3.60065e+06
    Kinetic En.   Total Energy  Conserved En.    Temperature Pressure (bar)
    8.73032e+05   -2.72762e+06   -2.62445e+06    3.27362e+02   -1.44886e+03
   Constr. rmsd
    1.96876e-05

           Step           Time
           2000       11.00000

   Energies (kJ/mol)
           Bond          Angle       G96Angle    Proper Dih.          LJ-14
    3.67443e+05    1.37098e+05    2.16934e+04    3.13470e+04   -2.86169e+05
     Coulomb-14        LJ (SR)   Coulomb (SR)   COM Pull En.      Potential
    0.00000e+00   -4.94045e+06   -3.82911e+04    9.70644e+05   -3.73669e+06
    Kinetic En.   Total Energy  Conserved En.    Temperature Pressure (bar)
    8.62580e+05   -2.87411e+06   -2.61878e+06    3.23443e+02   -1.43708e+03
   Constr. rmsd
    1.69451e-05

           Step           Time
           3000       16.50000

   Energies (kJ/mol)
           Bond          Angle       G96Angle    Proper Dih.          LJ-14
    4.20005e+05    1.39145e+05    2.22969e+04    3.13230e+04   -2.85205e+05
     Coulomb-14        LJ (SR)   Coulomb (SR)   COM Pull En.      Potential
    0.00000e+00   -4.93789e+06   -3.79583e+04    8.24370e+05   -3.82391e+06
    Kinetic En.   Total Energy  Conserved En.    Temperature Pressure (bar)
    8.43354e+05   -2.98056e+06   -2.61262e+06    3.16234e+02   -1.43470e+03
   Constr. rmsd
    1.79373e-05

           Step           Time
           4000       22.00000

   Energies (kJ/mol)
           Bond          Angle       G96Angle    Proper Dih.          LJ-14
    4.70764e+05    1.41988e+05    2.22253e+04    3.31583e+04   -2.83792e+05
     Coulomb-14        LJ (SR)   Coulomb (SR)   COM Pull En.      Potential
    0.00000e+00   -4.95068e+06   -3.77625e+04    7.19776e+05   -3.88432e+06
    Kinetic En.   Total Energy  Conserved En.    Temperature Pressure (bar)
    8.25700e+05   -3.05862e+06   -2.61533e+06    3.09614e+02   -1.40658e+03
   Constr. rmsd
    1.79436e-05

           Step           Time
           5000       27.50000

   Energies (kJ/mol)
           Bond          Angle       G96Angle    Proper Dih.          LJ-14
    5.19140e+05    1.45230e+05    2.21713e+04    3.36383e+04   -2.82353e+05
     Coulomb-14        LJ (SR)   Coulomb (SR)   COM Pull En.      Potential
    0.00000e+00   -4.94464e+06   -3.78812e+04    6.48681e+05   -3.89601e+06
    Kinetic En.   Total Energy  Conserved En.    Temperature Pressure (bar)
    8.17536e+05   -3.07847e+06   -2.61006e+06    3.06553e+02   -1.42111e+03
   Constr. rmsd
    1.92803e-05

           Step           Time
           6000       33.00000

   Energies (kJ/mol)
           Bond          Angle       G96Angle    Proper Dih.          LJ-14
    5.48108e+05    1.47302e+05    2.19845e+04    3.41557e+04   -2.80420e+05
     Coulomb-14        LJ (SR)   Coulomb (SR)   COM Pull En.      Potential
    0.00000e+00   -4.94074e+06   -3.78450e+04    6.09570e+05   -3.89788e+06
    Kinetic En.   Total Energy  Conserved En.    Temperature Pressure (bar)
    8.10822e+05   -3.08706e+06   -2.60553e+06    3.04035e+02   -1.44367e+03
   Constr. rmsd
    1.78859e-05

           Step           Time
           7000       38.50000

   Energies (kJ/mol)
           Bond          Angle       G96Angle    Proper Dih.          LJ-14
    5.58170e+05    1.48200e+05    2.17053e+04    3.45587e+04   -2.80487e+05
     Coulomb-14        LJ (SR)   Coulomb (SR)   COM Pull En.      Potential
    0.00000e+00   -4.93714e+06   -3.77263e+04    5.91677e+05   -3.90104e+06
    Kinetic En.   Total Energy  Conserved En.    Temperature Pressure (bar)
    8.10397e+05   -3.09065e+06   -2.60148e+06    3.03876e+02   -1.43397e+03
   Constr. rmsd
    1.67510e-05

           Step           Time
           8000       44.00000

   Energies (kJ/mol)
           Bond          Angle       G96Angle    Proper Dih.          LJ-14
    5.70506e+05    1.50172e+05    2.21970e+04    3.43232e+04   -2.80698e+05
     Coulomb-14        LJ (SR)   Coulomb (SR)   COM Pull En.      Potential
    0.00000e+00   -4.93615e+06   -3.77385e+04    5.71581e+05   -3.90580e+06
    Kinetic En.   Total Energy  Conserved En.    Temperature Pressure (bar)
    8.11086e+05   -3.09472e+06   -2.59977e+06    3.04134e+02   -1.44210e+03
   Constr. rmsd
    1.61339e-05

           Step           Time
           9000       49.50000

   Energies (kJ/mol)
           Bond          Angle       G96Angle    Proper Dih.          LJ-14
    5.83124e+05    1.50502e+05    2.15904e+04    3.44364e+04   -2.80879e+05
     Coulomb-14        LJ (SR)   Coulomb (SR)   COM Pull En.      Potential
    0.00000e+00   -4.93644e+06   -3.77891e+04    5.52202e+05   -3.91326e+06
    Kinetic En.   Total Energy  Conserved En.    Temperature Pressure (bar)
    8.14756e+05   -3.09850e+06   -2.59634e+06    3.05510e+02   -1.46344e+03
   Constr. rmsd
    1.70446e-05

           Step           Time
          10000       55.00000

   Energies (kJ/mol)
           Bond          Angle       G96Angle    Proper Dih.          LJ-14
    5.90543e+05    1.51458e+05    2.14282e+04    3.43201e+04   -2.80356e+05
     Coulomb-14        LJ (SR)   Coulomb (SR)   COM Pull En.      Potential
    0.00000e+00   -4.94430e+06   -3.77260e+04    5.34243e+05   -3.93039e+06
    Kinetic En.   Total Energy  Conserved En.    Temperature Pressure (bar)
    8.13807e+05   -3.11658e+06   -2.59856e+06    3.05155e+02   -1.47254e+03
   Constr. rmsd
    1.80119e-05

           Step           Time
          11000       60.50000

   Energies (kJ/mol)
           Bond          Angle       G96Angle    Proper Dih.          LJ-14
    5.94878e+05    1.51534e+05    2.16006e+04    3.41685e+04   -2.80512e+05
     Coulomb-14        LJ (SR)   Coulomb (SR)   COM Pull En.      Potential
    0.00000e+00   -4.95017e+06   -3.78171e+04    5.23309e+05   -3.94301e+06
    Kinetic En.   Total Energy  Conserved En.    Temperature Pressure (bar)
    8.12623e+05   -3.13039e+06   -2.59705e+06    3.04711e+02   -1.50925e+03
   Constr. rmsd
    1.67315e-05

           Step           Time
          12000       66.00000

   Energies (kJ/mol)
           Bond          Angle       G96Angle    Proper Dih.          LJ-14
    6.01517e+05    1.52721e+05    2.14642e+04    3.40448e+04   -2.80486e+05
     Coulomb-14        LJ (SR)   Coulomb (SR)   COM Pull En.      Potential
    0.00000e+00   -4.95331e+06   -3.78080e+04    5.10905e+05   -3.95095e+06
    Kinetic En.   Total Energy  Conserved En.    Temperature Pressure (bar)
    8.11565e+05   -3.13939e+06   -2.59586e+06    3.04314e+02   -1.54063e+03
   Constr. rmsd
    1.69972e-05

           Step           Time
          13000       71.50000

   Energies (kJ/mol)
           Bond          Angle       G96Angle    Proper Dih.          LJ-14
    6.03540e+05    1.51196e+05    2.14098e+04    3.42726e+04   -2.80212e+05
     Coulomb-14        LJ (SR)   Coulomb (SR)   COM Pull En.      Potential
    0.00000e+00   -4.95680e+06   -3.78082e+04    5.06074e+05   -3.95833e+06
    Kinetic En.   Total Energy  Conserved En.    Temperature Pressure (bar)
    8.10834e+05   -3.14749e+06   -2.59451e+06    3.04040e+02   -1.55260e+03
   Constr. rmsd
    1.60237e-05

           Step           Time
          14000       77.00000

   Energies (kJ/mol)
           Bond          Angle       G96Angle    Proper Dih.          LJ-14
    6.02213e+05    1.50140e+05    2.12254e+04    3.43100e+04   -2.80058e+05
     Coulomb-14        LJ (SR)   Coulomb (SR)   COM Pull En.      Potential
    0.00000e+00   -4.96026e+06   -3.79084e+04    5.05030e+05   -3.96531e+06
    Kinetic En.   Total Energy  Conserved En.    Temperature Pressure (bar)
    8.12387e+05   -3.15292e+06   -2.58502e+06    3.04622e+02   -1.52303e+03
   Constr. rmsd
    1.95831e-05

           Step           Time
          15000       82.50000

   Energies (kJ/mol)
           Bond          Angle       G96Angle    Proper Dih.          LJ-14
    5.99062e+05    1.50139e+05    2.12127e+04    3.43497e+04   -2.80148e+05
     Coulomb-14        LJ (SR)   Coulomb (SR)   COM Pull En.      Potential
    0.00000e+00   -4.96449e+06   -3.80563e+04    5.04868e+05   -3.97307e+06
    Kinetic En.   Total Energy  Conserved En.    Temperature Pressure (bar)
    8.12920e+05   -3.16015e+06   -2.57866e+06    3.04822e+02   -1.51756e+03
   Constr. rmsd
    1.92850e-05

           Step           Time
          16000       88.00000

   Energies (kJ/mol)
           Bond          Angle       G96Angle    Proper Dih.          LJ-14
    5.93896e+05    1.49839e+05    2.14164e+04    3.45224e+04   -2.80558e+05
     Coulomb-14        LJ (SR)   Coulomb (SR)   COM Pull En.      Potential
    0.00000e+00   -4.96461e+06   -3.78781e+04    5.09432e+05   -3.97394e+06
    Kinetic En.   Total Energy  Conserved En.    Temperature Pressure (bar)
    8.07569e+05   -3.16637e+06   -2.57536e+06    3.02815e+02   -1.50107e+03
   Constr. rmsd
    1.94541e-05

           Step           Time
          17000       93.50000

   Energies (kJ/mol)
           Bond          Angle       G96Angle    Proper Dih.          LJ-14
    5.92764e+05    1.48156e+05    2.11189e+04    3.48634e+04   -2.80511e+05
     Coulomb-14        LJ (SR)   Coulomb (SR)   COM Pull En.      Potential
    0.00000e+00   -4.96239e+06   -3.79232e+04    5.12257e+05   -3.97167e+06
    Kinetic En.   Total Energy  Conserved En.    Temperature Pressure (bar)
    8.09506e+05   -3.16216e+06   -2.56489e+06    3.03542e+02   -1.50484e+03
   Constr. rmsd
    1.98378e-05

           Step           Time
          18000       99.00000

   Energies (kJ/mol)
           Bond          Angle       G96Angle    Proper Dih.          LJ-14
    5.89099e+05    1.48466e+05    2.13595e+04    3.47225e+04   -2.80515e+05
     Coulomb-14        LJ (SR)   Coulomb (SR)   COM Pull En.      Potential
    0.00000e+00   -4.96122e+06   -3.78380e+04    5.14785e+05   -3.97114e+06
    Kinetic En.   Total Energy  Conserved En.    Temperature Pressure (bar)
    8.07419e+05   -3.16373e+06   -2.56149e+06    3.02759e+02   -1.48505e+03
   Constr. rmsd
    1.83252e-05

           Step           Time
          19000      104.50000

   Energies (kJ/mol)
           Bond          Angle       G96Angle    Proper Dih.          LJ-14
    5.87771e+05    1.47219e+05    2.10481e+04    3.50716e+04   -2.80346e+05
     Coulomb-14        LJ (SR)   Coulomb (SR)   COM Pull En.      Potential
    0.00000e+00   -4.96442e+06   -3.78311e+04    5.14999e+05   -3.97649e+06
    Kinetic En.   Total Energy  Conserved En.    Temperature Pressure (bar)
    8.10295e+05   -3.16620e+06   -2.55657e+06    3.03838e+02   -1.47965e+03
   Constr. rmsd
    1.78012e-05

           Step           Time
          20000      110.00000

   Energies (kJ/mol)
           Bond          Angle       G96Angle    Proper Dih.          LJ-14
    5.91417e+05    1.46689e+05    2.09160e+04    3.47513e+04   -2.80393e+05
     Coulomb-14        LJ (SR)   Coulomb (SR)   COM Pull En.      Potential
    0.00000e+00   -4.96210e+06   -3.77474e+04    5.11058e+05   -3.97541e+06
    Kinetic En.   Total Energy  Conserved En.    Temperature Pressure (bar)
    8.10169e+05   -3.16524e+06   -2.54761e+06    3.03791e+02   -1.47882e+03
   Constr. rmsd
    1.86472e-05

           Step           Time
          21000      115.50000

   Energies (kJ/mol)
           Bond          Angle       G96Angle    Proper Dih.          LJ-14
    5.95097e+05    1.48220e+05    2.08155e+04    3.49397e+04   -2.80678e+05
     Coulomb-14        LJ (SR)   Coulomb (SR)   COM Pull En.      Potential
    0.00000e+00   -4.96488e+06   -3.77803e+04    5.03777e+05   -3.98049e+06
    Kinetic En.   Total Energy  Conserved En.    Temperature Pressure (bar)
    8.12242e+05   -3.16825e+06   -2.54783e+06    3.04568e+02   -1.48835e+03
   Constr. rmsd
    1.80542e-05

           Step           Time
          22000      121.00000

   Energies (kJ/mol)
           Bond          Angle       G96Angle    Proper Dih.          LJ-14
    6.00323e+05    1.48470e+05    2.09926e+04    3.45978e+04   -2.80348e+05
     Coulomb-14        LJ (SR)   Coulomb (SR)   COM Pull En.      Potential
    0.00000e+00   -4.96583e+06   -3.79016e+04    4.95152e+05   -3.98454e+06
    Kinetic En.   Total Energy  Conserved En.    Temperature Pressure (bar)
    8.11299e+05   -3.17324e+06   -2.54810e+06    3.04214e+02   -1.49592e+03
   Constr. rmsd
    2.00735e-05

           Step           Time
          23000      126.50000

   Energies (kJ/mol)
           Bond          Angle       G96Angle    Proper Dih.          LJ-14
    6.02002e+05    1.49336e+05    2.08507e+04    3.46618e+04   -2.80504e+05
     Coulomb-14        LJ (SR)   Coulomb (SR)   COM Pull En.      Potential
    0.00000e+00   -4.97109e+06   -3.77588e+04    4.89932e+05   -3.99257e+06
    Kinetic En.   Total Energy  Conserved En.    Temperature Pressure (bar)
    8.10385e+05   -3.18218e+06   -2.54740e+06    3.03872e+02   -1.50989e+03
   Constr. rmsd
    1.84897e-05

           Step           Time
          24000      132.00000

   Energies (kJ/mol)
           Bond          Angle       G96Angle    Proper Dih.          LJ-14
    6.00874e+05    1.49578e+05    2.08277e+04    3.48231e+04   -2.79917e+05
     Coulomb-14        LJ (SR)   Coulomb (SR)   COM Pull En.      Potential
    0.00000e+00   -4.97246e+06   -3.78117e+04    4.87964e+05   -3.99612e+06
    Kinetic En.   Total Energy  Conserved En.    Temperature Pressure (bar)
    8.08285e+05   -3.18784e+06   -2.54854e+06    3.03084e+02   -1.47769e+03
   Constr. rmsd
    1.90536e-05

           Step           Time
          25000      137.50000

   Energies (kJ/mol)
           Bond          Angle       G96Angle    Proper Dih.          LJ-14
    6.03979e+05    1.48534e+05    2.06514e+04    3.48732e+04   -2.80499e+05
     Coulomb-14        LJ (SR)   Coulomb (SR)   COM Pull En.      Potential
    0.00000e+00   -4.97145e+06   -3.78514e+04    4.86401e+05   -3.99536e+06
    Kinetic En.   Total Energy  Conserved En.    Temperature Pressure (bar)
    8.09363e+05   -3.18600e+06   -2.54542e+06    3.03488e+02   -1.49831e+03
   Constr. rmsd
    1.80553e-05

           Step           Time
          26000      143.00000

   Energies (kJ/mol)
           Bond          Angle       G96Angle    Proper Dih.          LJ-14
    6.04157e+05    1.48868e+05    2.05589e+04    3.49384e+04   -2.80120e+05
     Coulomb-14        LJ (SR)   Coulomb (SR)   COM Pull En.      Potential
    0.00000e+00   -4.97273e+06   -3.78352e+04    4.86354e+05   -3.99581e+06
    Kinetic En.   Total Energy  Conserved En.    Temperature Pressure (bar)
    8.13331e+05   -3.18248e+06   -2.53391e+06    3.04976e+02   -1.48789e+03
   Constr. rmsd
    1.89625e-05

           Step           Time
          27000      148.50000

   Energies (kJ/mol)
           Bond          Angle       G96Angle    Proper Dih.          LJ-14
    6.00238e+05    1.48206e+05    2.08395e+04    3.44743e+04   -2.79976e+05
     Coulomb-14        LJ (SR)   Coulomb (SR)   COM Pull En.      Potential
    0.00000e+00   -4.97090e+06   -3.79147e+04    4.89576e+05   -3.99545e+06
    Kinetic En.   Total Energy  Conserved En.    Temperature Pressure (bar)
    8.10650e+05   -3.18480e+06   -2.53169e+06    3.03971e+02   -1.48239e+03
   Constr. rmsd
    1.67444e-05

           Step           Time
          28000      154.00000

   Energies (kJ/mol)
           Bond          Angle       G96Angle    Proper Dih.          LJ-14
    5.99540e+05    1.48687e+05    2.05392e+04    3.47506e+04   -2.79942e+05
     Coulomb-14        LJ (SR)   Coulomb (SR)   COM Pull En.      Potential
    0.00000e+00   -4.97048e+06   -3.78101e+04    4.88636e+05   -3.99608e+06
    Kinetic En.   Total Energy  Conserved En.    Temperature Pressure (bar)
    8.12026e+05   -3.18405e+06   -2.53001e+06    3.04487e+02   -1.45682e+03
   Constr. rmsd
    1.79913e-05

           Step           Time
          29000      159.50000

   Energies (kJ/mol)
           Bond          Angle       G96Angle    Proper Dih.          LJ-14
    6.02608e+05    1.47483e+05    2.06511e+04    3.52994e+04   -2.79905e+05
     Coulomb-14        LJ (SR)   Coulomb (SR)   COM Pull En.      Potential
    0.00000e+00   -4.96954e+06   -3.78563e+04    4.88116e+05   -3.99314e+06
    Kinetic En.   Total Energy  Conserved En.    Temperature Pressure (bar)
    8.08263e+05   -3.18488e+06   -2.52685e+06    3.03076e+02   -1.48122e+03
   Constr. rmsd
    1.89981e-05

           Step           Time
          30000      165.00000

   Energies (kJ/mol)
           Bond          Angle       G96Angle    Proper Dih.          LJ-14
    5.99572e+05    1.48714e+05    2.04726e+04    3.54166e+04   -2.79569e+05
     Coulomb-14        LJ (SR)   Coulomb (SR)   COM Pull En.      Potential
    0.00000e+00   -4.96492e+06   -3.78766e+04    4.89755e+05   -3.98844e+06
    Kinetic En.   Total Energy  Conserved En.    Temperature Pressure (bar)
    8.08680e+05   -3.17976e+06   -2.52224e+06    3.03232e+02   -1.47878e+03
   Constr. rmsd
    1.84391e-05

           Step           Time
          31000      170.50000

   Energies (kJ/mol)
           Bond          Angle       G96Angle    Proper Dih.          LJ-14
    6.00345e+05    1.49142e+05    2.06999e+04    3.50757e+04   -2.79576e+05
     Coulomb-14        LJ (SR)   Coulomb (SR)   COM Pull En.      Potential
    0.00000e+00   -4.96922e+06   -3.80588e+04    4.86414e+05   -3.99517e+06
    Kinetic En.   Total Energy  Conserved En.    Temperature Pressure (bar)
    8.13021e+05   -3.18215e+06   -2.52168e+06    3.04860e+02   -1.47412e+03
   Constr. rmsd
    1.76425e-05

           Step           Time
          32000      176.00000

   Energies (kJ/mol)
           Bond          Angle       G96Angle    Proper Dih.          LJ-14
    6.04055e+05    1.48696e+05    2.06281e+04    3.53470e+04   -2.79603e+05
     Coulomb-14        LJ (SR)   Coulomb (SR)   COM Pull En.      Potential
    0.00000e+00   -4.97266e+06   -3.80597e+04    4.81197e+05   -4.00040e+06
    Kinetic En.   Total Energy  Conserved En.    Temperature Pressure (bar)
    8.12567e+05   -3.18783e+06   -2.51578e+06    3.04690e+02   -1.47691e+03
   Constr. rmsd
    1.84627e-05

           Step           Time
          33000      181.50000

   Energies (kJ/mol)
           Bond          Angle       G96Angle    Proper Dih.          LJ-14
    6.05706e+05    1.48238e+05    2.07757e+04    3.51783e+04   -2.79832e+05
     Coulomb-14        LJ (SR)   Coulomb (SR)   COM Pull En.      Potential
    0.00000e+00   -4.97231e+06   -3.79854e+04    4.78706e+05   -4.00152e+06
    Kinetic En.   Total Energy  Conserved En.    Temperature Pressure (bar)
    8.11166e+05   -3.19036e+06   -2.51366e+06    3.04164e+02   -1.48562e+03
   Constr. rmsd
    1.66125e-05

           Step           Time
          34000      187.00000

   Energies (kJ/mol)
           Bond          Angle       G96Angle    Proper Dih.          LJ-14
    6.09092e+05    1.48700e+05    2.06290e+04    3.55419e+04   -2.79104e+05
     Coulomb-14        LJ (SR)   Coulomb (SR)   COM Pull En.      Potential
    0.00000e+00   -4.97383e+06   -3.79641e+04    4.74688e+05   -4.00225e+06
    Kinetic En.   Total Energy  Conserved En.    Temperature Pressure (bar)
    8.09656e+05   -3.19260e+06   -2.50879e+06    3.03598e+02   -1.49358e+03
   Constr. rmsd
    2.15312e-05

           Step           Time
          35000      192.50000

   Energies (kJ/mol)
           Bond          Angle       G96Angle    Proper Dih.          LJ-14
    6.11341e+05    1.48524e+05    2.06833e+04    3.52225e+04   -2.79334e+05
     Coulomb-14        LJ (SR)   Coulomb (SR)   COM Pull En.      Potential
    0.00000e+00   -4.97678e+06   -3.80847e+04    4.70203e+05   -4.00822e+06
    Kinetic En.   Total Energy  Conserved En.    Temperature Pressure (bar)
    8.10686e+05   -3.19753e+06   -2.50846e+06    3.03984e+02   -1.50560e+03
   Constr. rmsd
    2.08518e-05

           Step           Time
          36000      198.00000

   Energies (kJ/mol)
           Bond          Angle       G96Angle    Proper Dih.          LJ-14
    6.10974e+05    1.48931e+05    2.08309e+04    3.54653e+04   -2.78924e+05
     Coulomb-14        LJ (SR)   Coulomb (SR)   COM Pull En.      Potential
    0.00000e+00   -4.97595e+06   -3.81268e+04    4.69899e+05   -4.00690e+06
    Kinetic En.   Total Energy  Conserved En.    Temperature Pressure (bar)
    8.10763e+05   -3.19614e+06   -2.50752e+06    3.04013e+02   -1.50259e+03
   Constr. rmsd
    1.65368e-05

           Step           Time
          37000      203.50000

   Energies (kJ/mol)
           Bond          Angle       G96Angle    Proper Dih.          LJ-14
    6.11626e+05    1.48019e+05    2.09185e+04    3.52949e+04   -2.79700e+05
     Coulomb-14        LJ (SR)   Coulomb (SR)   COM Pull En.      Potential
    0.00000e+00   -4.97870e+06   -3.79959e+04    4.69261e+05   -4.01127e+06
    Kinetic En.   Total Energy  Conserved En.    Temperature Pressure (bar)
    8.11019e+05   -3.20025e+06   -2.50606e+06    3.04109e+02   -1.51227e+03
   Constr. rmsd
    1.67453e-05

           Step           Time
          38000      209.00000

   Energies (kJ/mol)
           Bond          Angle       G96Angle    Proper Dih.          LJ-14
    6.10206e+05    1.48417e+05    2.09174e+04    3.50105e+04   -2.79174e+05
     Coulomb-14        LJ (SR)   Coulomb (SR)   COM Pull En.      Potential
    0.00000e+00   -4.97682e+06   -3.81138e+04    4.69522e+05   -4.01004e+06
    Kinetic En.   Total Energy  Conserved En.    Temperature Pressure (bar)
    8.13119e+05   -3.19692e+06   -2.50246e+06    3.04897e+02   -1.48739e+03
   Constr. rmsd
    1.67559e-05

           Step           Time
          39000      214.50000

   Energies (kJ/mol)
           Bond          Angle       G96Angle    Proper Dih.          LJ-14
    6.09150e+05    1.47654e+05    2.05135e+04    3.52194e+04   -2.78766e+05
     Coulomb-14        LJ (SR)   Coulomb (SR)   COM Pull En.      Potential
    0.00000e+00   -4.97400e+06   -3.79743e+04    4.71977e+05   -4.00622e+06
    Kinetic En.   Total Energy  Conserved En.    Temperature Pressure (bar)
    8.12059e+05   -3.19417e+06   -2.49863e+06    3.04499e+02   -1.48205e+03
   Constr. rmsd
    1.74287e-05

           Step           Time
          40000      220.00000

   Energies (kJ/mol)
           Bond          Angle       G96Angle    Proper Dih.          LJ-14
    6.09325e+05    1.48288e+05    2.05262e+04    3.51487e+04   -2.79104e+05
     Coulomb-14        LJ (SR)   Coulomb (SR)   COM Pull En.      Potential
    0.00000e+00   -4.97519e+06   -3.80336e+04    4.69312e+05   -4.00972e+06
    Kinetic En.   Total Energy  Conserved En.    Temperature Pressure (bar)
    8.12672e+05   -3.19705e+06   -2.49886e+06    3.04729e+02   -1.45825e+03
   Constr. rmsd
    1.95008e-05

           Step           Time
          41000      225.50000

   Energies (kJ/mol)
           Bond          Angle       G96Angle    Proper Dih.          LJ-14
    6.07964e+05    1.48053e+05    2.05205e+04    3.48510e+04   -2.79042e+05
     Coulomb-14        LJ (SR)   Coulomb (SR)   COM Pull En.      Potential
    0.00000e+00   -4.97440e+06   -3.80489e+04    4.70448e+05   -4.00965e+06
    Kinetic En.   Total Energy  Conserved En.    Temperature Pressure (bar)
    8.11623e+05   -3.19803e+06   -2.49664e+06    3.04336e+02   -1.45637e+03
   Constr. rmsd
    1.84300e-05

           Step           Time
          42000      231.00000

   Energies (kJ/mol)
           Bond          Angle       G96Angle    Proper Dih.          LJ-14
    6.08661e+05    1.49094e+05    2.07908e+04    3.52245e+04   -2.79105e+05
     Coulomb-14        LJ (SR)   Coulomb (SR)   COM Pull En.      Potential
    0.00000e+00   -4.97234e+06   -3.82525e+04    4.69569e+05   -4.00636e+06
    Kinetic En.   Total Energy  Conserved En.    Temperature Pressure (bar)
    8.12308e+05   -3.19405e+06   -2.49305e+06    3.04592e+02   -1.46858e+03
   Constr. rmsd
    1.95221e-05

           Step           Time
          43000      236.50000

   Energies (kJ/mol)
           Bond          Angle       G96Angle    Proper Dih.          LJ-14
    6.10268e+05    1.48289e+05    2.06167e+04    3.53854e+04   -2.78525e+05
     Coulomb-14        LJ (SR)   Coulomb (SR)   COM Pull En.      Potential
    0.00000e+00   -4.97460e+06   -3.81927e+04    4.67612e+05   -4.00915e+06
    Kinetic En.   Total Energy  Conserved En.    Temperature Pressure (bar)
    8.09518e+05   -3.19963e+06   -2.49243e+06    3.03546e+02   -1.47597e+03
   Constr. rmsd
    1.79635e-05

           Step           Time
          44000      242.00000

   Energies (kJ/mol)
           Bond          Angle       G96Angle    Proper Dih.          LJ-14
    6.12702e+05    1.48259e+05    2.08997e+04    3.53746e+04   -2.79041e+05
     Coulomb-14        LJ (SR)   Coulomb (SR)   COM Pull En.      Potential
    0.00000e+00   -4.97556e+06   -3.82027e+04    4.65929e+05   -4.00963e+06
    Kinetic En.   Total Energy  Conserved En.    Temperature Pressure (bar)
    8.12057e+05   -3.19758e+06   -2.49024e+06    3.04498e+02   -1.50286e+03
   Constr. rmsd
    1.85190e-05

           Step           Time
          45000      247.50000

   Energies (kJ/mol)
           Bond          Angle       G96Angle    Proper Dih.          LJ-14
    6.13362e+05    1.47838e+05    2.04613e+04    3.55739e+04   -2.79559e+05
     Coulomb-14        LJ (SR)   Coulomb (SR)   COM Pull En.      Potential
    0.00000e+00   -4.97242e+06   -3.81318e+04    4.65967e+05   -4.00691e+06
    Kinetic En.   Total Energy  Conserved En.    Temperature Pressure (bar)
    8.10667e+05   -3.19625e+06   -2.48893e+06    3.03977e+02   -1.48869e+03
   Constr. rmsd
    2.13660e-05

           Step           Time
          46000      253.00000

   Energies (kJ/mol)
           Bond          Angle       G96Angle    Proper Dih.          LJ-14
    6.14380e+05    1.48653e+05    2.05481e+04    3.52440e+04   -2.79154e+05
     Coulomb-14        LJ (SR)   Coulomb (SR)   COM Pull En.      Potential
    0.00000e+00   -4.97274e+06   -3.80495e+04    4.64534e+05   -4.00658e+06
    Kinetic En.   Total Energy  Conserved En.    Temperature Pressure (bar)
    8.08921e+05   -3.19766e+06   -2.48639e+06    3.03322e+02   -1.51000e+03
   Constr. rmsd
    1.93093e-05

           Step           Time
          47000      258.50000

   Energies (kJ/mol)
           Bond          Angle       G96Angle    Proper Dih.          LJ-14
    6.13387e+05    1.49215e+05    2.04638e+04    3.51971e+04   -2.79221e+05
     Coulomb-14        LJ (SR)   Coulomb (SR)   COM Pull En.      Potential
    0.00000e+00   -4.97370e+06   -3.80568e+04    4.63548e+05   -4.00916e+06
    Kinetic En.   Total Energy  Conserved En.    Temperature Pressure (bar)
    8.08590e+05   -3.20057e+06   -2.48670e+06    3.03198e+02   -1.49844e+03
   Constr. rmsd
    1.75151e-05

           Step           Time
          48000      264.00000

   Energies (kJ/mol)
           Bond          Angle       G96Angle    Proper Dih.          LJ-14
    6.13209e+05    1.48576e+05    2.07116e+04    3.55152e+04   -2.79022e+05
     Coulomb-14        LJ (SR)   Coulomb (SR)   COM Pull En.      Potential
    0.00000e+00   -4.97151e+06   -3.79773e+04    4.65316e+05   -4.00518e+06
    Kinetic En.   Total Energy  Conserved En.    Temperature Pressure (bar)
    8.10120e+05   -3.19506e+06   -2.48389e+06    3.03772e+02   -1.50828e+03
   Constr. rmsd
    1.74170e-05

           Step           Time
          49000      269.50000

   Energies (kJ/mol)
           Bond          Angle       G96Angle    Proper Dih.          LJ-14
    6.12160e+05    1.47708e+05    2.03002e+04    3.50975e+04   -2.79077e+05
     Coulomb-14        LJ (SR)   Coulomb (SR)   COM Pull En.      Potential
    0.00000e+00   -4.97520e+06   -3.80901e+04    4.65811e+05   -4.01129e+06
    Kinetic En.   Total Energy  Conserved En.    Temperature Pressure (bar)
    8.05343e+05   -3.20595e+06   -2.48348e+06    3.01981e+02   -1.50269e+03
   Constr. rmsd
    2.03102e-05

           Step           Time
          50000      275.00000

   Energies (kJ/mol)
           Bond          Angle       G96Angle    Proper Dih.          LJ-14
    6.10202e+05    1.47778e+05    2.04087e+04    3.57044e+04   -2.79093e+05
     Coulomb-14        LJ (SR)   Coulomb (SR)   COM Pull En.      Potential
    0.00000e+00   -4.97993e+06   -3.82158e+04    4.65929e+05   -4.01722e+06
    Kinetic En.   Total Energy  Conserved En.    Temperature Pressure (bar)
    8.05476e+05   -3.21174e+06   -2.48386e+06    3.02030e+02   -1.49313e+03
   Constr. rmsd
    1.68512e-05

           Step           Time
          51000      280.50000

   Energies (kJ/mol)
           Bond          Angle       G96Angle    Proper Dih.          LJ-14
    6.10020e+05    1.47214e+05    2.05824e+04    3.55653e+04   -2.78837e+05
     Coulomb-14        LJ (SR)   Coulomb (SR)   COM Pull En.      Potential
    0.00000e+00   -4.97955e+06   -3.81774e+04    4.66598e+05   -4.01659e+06
    Kinetic En.   Total Energy  Conserved En.    Temperature Pressure (bar)
    8.10073e+05   -3.20652e+06   -2.47786e+06    3.03755e+02   -1.48935e+03
   Constr. rmsd
    1.83650e-05

           Step           Time
          52000      286.00000

   Energies (kJ/mol)
           Bond          Angle       G96Angle    Proper Dih.          LJ-14
    6.14511e+05    1.48092e+05    2.05517e+04    3.55507e+04   -2.79319e+05
     Coulomb-14        LJ (SR)   Coulomb (SR)   COM Pull En.      Potential
    0.00000e+00   -4.97632e+06   -3.82518e+04    4.62271e+05   -4.01291e+06
    Kinetic En.   Total Energy  Conserved En.    Temperature Pressure (bar)
    8.11362e+05   -3.20155e+06   -2.47011e+06    3.04238e+02   -1.51058e+03
   Constr. rmsd
    1.72653e-05

           Step           Time
          53000      291.50000

   Energies (kJ/mol)
           Bond          Angle       G96Angle    Proper Dih.          LJ-14
    6.15569e+05    1.47732e+05    2.05253e+04    3.57679e+04   -2.78719e+05
     Coulomb-14        LJ (SR)   Coulomb (SR)   COM Pull En.      Potential
    0.00000e+00   -4.97512e+06   -3.79084e+04    4.61946e+05   -4.01021e+06
    Kinetic En.   Total Energy  Conserved En.    Temperature Pressure (bar)
    8.07918e+05   -3.20229e+06   -2.46814e+06    3.02946e+02   -1.50987e+03
   Constr. rmsd
    1.80413e-05

           Step           Time
          54000      297.00000

   Energies (kJ/mol)
           Bond          Angle       G96Angle    Proper Dih.          LJ-14
    6.14780e+05    1.47931e+05    2.05619e+04    3.58907e+04   -2.79216e+05
     Coulomb-14        LJ (SR)   Coulomb (SR)   COM Pull En.      Potential
    0.00000e+00   -4.97627e+06   -3.80724e+04    4.61784e+05   -4.01261e+06
    Kinetic En.   Total Energy  Conserved En.    Temperature Pressure (bar)
    8.08046e+05   -3.20457e+06   -2.46669e+06    3.02994e+02   -1.52625e+03
   Constr. rmsd
    1.83286e-05

           Step           Time
          55000      302.50000

   Energies (kJ/mol)
           Bond          Angle       G96Angle    Proper Dih.          LJ-14
    6.12316e+05    1.47430e+05    2.05372e+04    3.56778e+04   -2.79117e+05
     Coulomb-14        LJ (SR)   Coulomb (SR)   COM Pull En.      Potential
    0.00000e+00   -4.98079e+06   -3.81857e+04    4.60908e+05   -4.02123e+06
    Kinetic En.   Total Energy  Conserved En.    Temperature Pressure (bar)
    8.08397e+05   -3.21283e+06   -2.46806e+06    3.03126e+02   -1.49569e+03
   Constr. rmsd
    1.73184e-05

           Step           Time
          56000      308.00000

   Energies (kJ/mol)
           Bond          Angle       G96Angle    Proper Dih.          LJ-14
    6.14483e+05    1.47578e+05    2.02893e+04    3.54337e+04   -2.78885e+05
     Coulomb-14        LJ (SR)   Coulomb (SR)   COM Pull En.      Potential
    0.00000e+00   -4.97703e+06   -3.81149e+04    4.61564e+05   -4.01468e+06
    Kinetic En.   Total Energy  Conserved En.    Temperature Pressure (bar)
    8.07525e+05   -3.20716e+06   -2.46304e+06    3.02799e+02   -1.53161e+03
   Constr. rmsd
    1.76358e-05

           Step           Time
          57000      313.50000

   Energies (kJ/mol)
           Bond          Angle       G96Angle    Proper Dih.          LJ-14
    6.11508e+05    1.48140e+05    2.02198e+04    3.56571e+04   -2.79270e+05
     Coulomb-14        LJ (SR)   Coulomb (SR)   COM Pull En.      Potential
    0.00000e+00   -4.97969e+06   -3.82518e+04    4.62246e+05   -4.01944e+06
    Kinetic En.   Total Energy  Conserved En.    Temperature Pressure (bar)
    8.06081e+05   -3.21336e+06   -2.46277e+06    3.02258e+02   -1.51794e+03
   Constr. rmsd
    1.77535e-05

           Step           Time
          58000      319.00000

   Energies (kJ/mol)
           Bond          Angle       G96Angle    Proper Dih.          LJ-14
    6.14103e+05    1.47575e+05    2.01769e+04    3.56561e+04   -2.78678e+05
     Coulomb-14        LJ (SR)   Coulomb (SR)   COM Pull En.      Potential
    0.00000e+00   -4.97828e+06   -3.82901e+04    4.59686e+05   -4.01805e+06
    Kinetic En.   Total Energy  Conserved En.    Temperature Pressure (bar)
    8.08067e+05   -3.20998e+06   -2.46216e+06    3.03002e+02   -1.50001e+03
   Constr. rmsd
    1.73565e-05

           Step           Time
          59000      324.50000

   Energies (kJ/mol)
           Bond          Angle       G96Angle    Proper Dih.          LJ-14
    6.14391e+05    1.47456e+05    2.02885e+04    3.56684e+04   -2.78677e+05
     Coulomb-14        LJ (SR)   Coulomb (SR)   COM Pull En.      Potential
    0.00000e+00   -4.97970e+06   -3.81137e+04    4.59114e+05   -4.01957e+06
    Kinetic En.   Total Energy  Conserved En.    Temperature Pressure (bar)
    8.07930e+05   -3.21164e+06   -2.45958e+06    3.02951e+02   -1.51355e+03
   Constr. rmsd
    1.61962e-05

           Step           Time
          60000      330.00000

   Energies (kJ/mol)
           Bond          Angle       G96Angle    Proper Dih.          LJ-14
    6.12434e+05    1.47279e+05    2.02927e+04    3.62419e+04   -2.78583e+05
     Coulomb-14        LJ (SR)   Coulomb (SR)   COM Pull En.      Potential
    0.00000e+00   -4.97834e+06   -3.81279e+04    4.60324e+05   -4.01848e+06
    Kinetic En.   Total Energy  Conserved En.    Temperature Pressure (bar)
    8.10143e+05   -3.20834e+06   -2.45151e+06    3.03781e+02   -1.49453e+03
   Constr. rmsd
    1.80187e-05

           Step           Time
          61000      335.50000

   Energies (kJ/mol)
           Bond          Angle       G96Angle    Proper Dih.          LJ-14
    6.12866e+05    1.47358e+05    2.03375e+04    3.57968e+04   -2.78764e+05
     Coulomb-14        LJ (SR)   Coulomb (SR)   COM Pull En.      Potential
    0.00000e+00   -4.97782e+06   -3.81917e+04    4.59912e+05   -4.01851e+06
    Kinetic En.   Total Energy  Conserved En.    Temperature Pressure (bar)
    8.08980e+05   -3.20953e+06   -2.45038e+06    3.03345e+02   -1.49621e+03
   Constr. rmsd
    1.59893e-05

           Step           Time
          62000      341.00000

   Energies (kJ/mol)
           Bond          Angle       G96Angle    Proper Dih.          LJ-14
    6.15024e+05    1.46638e+05    2.04172e+04    3.59571e+04   -2.78775e+05
     Coulomb-14        LJ (SR)   Coulomb (SR)   COM Pull En.      Potential
    0.00000e+00   -4.97673e+06   -3.80722e+04    4.58873e+05   -4.01667e+06
    Kinetic En.   Total Energy  Conserved En.    Temperature Pressure (bar)
    8.08726e+05   -3.20794e+06   -2.44508e+06    3.03249e+02   -1.48805e+03
   Constr. rmsd
    1.71240e-05

           Step           Time
          63000      346.50000

   Energies (kJ/mol)
           Bond          Angle       G96Angle    Proper Dih.          LJ-14
    6.14041e+05    1.47451e+05    2.01232e+04    3.63875e+04   -2.78690e+05
     Coulomb-14        LJ (SR)   Coulomb (SR)   COM Pull En.      Potential
    0.00000e+00   -4.97862e+06   -3.80676e+04    4.58776e+05   -4.01860e+06
    Kinetic En.   Total Energy  Conserved En.    Temperature Pressure (bar)
    8.11108e+05   -3.20749e+06   -2.43975e+06    3.04142e+02   -1.49459e+03
   Constr. rmsd
    1.65852e-05

           Step           Time
          64000      352.00000

   Energies (kJ/mol)
           Bond          Angle       G96Angle    Proper Dih.          LJ-14
    6.15692e+05    1.47034e+05    2.05670e+04    3.64475e+04   -2.78036e+05
     Coulomb-14        LJ (SR)   Coulomb (SR)   COM Pull En.      Potential
    0.00000e+00   -4.97819e+06   -3.81241e+04    4.56940e+05   -4.01767e+06
    Kinetic En.   Total Energy  Conserved En.    Temperature Pressure (bar)
    8.09082e+05   -3.20859e+06   -2.43487e+06    3.03383e+02   -1.50716e+03
   Constr. rmsd
    1.79464e-05

           Step           Time
          65000      357.50000

   Energies (kJ/mol)
           Bond          Angle       G96Angle    Proper Dih.          LJ-14
    6.17783e+05    1.47201e+05    2.04674e+04    3.60383e+04   -2.78566e+05
     Coulomb-14        LJ (SR)   Coulomb (SR)   COM Pull En.      Potential
    0.00000e+00   -4.97505e+06   -3.82845e+04    4.55197e+05   -4.01522e+06
    Kinetic En.   Total Energy  Conserved En.    Temperature Pressure (bar)
    8.09401e+05   -3.20582e+06   -2.43237e+06    3.03503e+02   -1.48654e+03
   Constr. rmsd
    1.74185e-05

           Step           Time
          66000      363.00000

   Energies (kJ/mol)
           Bond          Angle       G96Angle    Proper Dih.          LJ-14
    6.16398e+05    1.47698e+05    2.05297e+04    3.61754e+04   -2.78533e+05
     Coulomb-14        LJ (SR)   Coulomb (SR)   COM Pull En.      Potential
    0.00000e+00   -4.97436e+06   -3.83281e+04    4.54697e+05   -4.01572e+06
    Kinetic En.   Total Energy  Conserved En.    Temperature Pressure (bar)
    8.09787e+05   -3.20593e+06   -2.43074e+06    3.03647e+02   -1.49202e+03
   Constr. rmsd
    1.92122e-05

           Step           Time
          67000      368.50000

   Energies (kJ/mol)
           Bond          Angle       G96Angle    Proper Dih.          LJ-14
    6.17575e+05    1.47314e+05    2.06207e+04    3.59099e+04   -2.78506e+05
     Coulomb-14        LJ (SR)   Coulomb (SR)   COM Pull En.      Potential
    0.00000e+00   -4.97400e+06   -3.83516e+04    4.55430e+05   -4.01401e+06
    Kinetic En.   Total Energy  Conserved En.    Temperature Pressure (bar)
    8.09112e+05   -3.20490e+06   -2.42833e+06    3.03394e+02   -1.50420e+03
   Constr. rmsd
    2.03271e-05

           Step           Time
          68000      374.00000

   Energies (kJ/mol)
           Bond          Angle       G96Angle    Proper Dih.          LJ-14
    6.19492e+05    1.47459e+05    2.02217e+04    3.62872e+04   -2.78310e+05
     Coulomb-14        LJ (SR)   Coulomb (SR)   COM Pull En.      Potential
    0.00000e+00   -4.97891e+06   -3.82718e+04    4.51592e+05   -4.02044e+06
    Kinetic En.   Total Energy  Conserved En.    Temperature Pressure (bar)
    8.10072e+05   -3.21037e+06   -2.42773e+06    3.03754e+02   -1.50898e+03
   Constr. rmsd
    1.62503e-05

           Step           Time
          69000      379.50000

   Energies (kJ/mol)
           Bond          Angle       G96Angle    Proper Dih.          LJ-14
    6.16765e+05    1.46805e+05    2.01268e+04    3.67468e+04   -2.78087e+05
     Coulomb-14        LJ (SR)   Coulomb (SR)   COM Pull En.      Potential
    0.00000e+00   -4.97726e+06   -3.81216e+04    4.52710e+05   -4.02032e+06
    Kinetic En.   Total Energy  Conserved En.    Temperature Pressure (bar)
    8.10399e+05   -3.20992e+06   -2.42795e+06    3.03877e+02   -1.48420e+03
   Constr. rmsd
    1.76676e-05

           Step           Time
          70000      385.00000

   Energies (kJ/mol)
           Bond          Angle       G96Angle    Proper Dih.          LJ-14
    6.18098e+05    1.47021e+05    2.03088e+04    3.63495e+04   -2.77861e+05
     Coulomb-14        LJ (SR)   Coulomb (SR)   COM Pull En.      Potential
    0.00000e+00   -4.98093e+06   -3.82042e+04    4.51854e+05   -4.02336e+06
    Kinetic En.   Total Energy  Conserved En.    Temperature Pressure (bar)
    8.09468e+05   -3.21389e+06   -2.42607e+06    3.03528e+02   -1.49737e+03
   Constr. rmsd
    2.01088e-05

           Step           Time
          71000      390.50000

   Energies (kJ/mol)
           Bond          Angle       G96Angle    Proper Dih.          LJ-14
    6.17579e+05    1.47641e+05    2.06779e+04    3.64840e+04   -2.78328e+05
     Coulomb-14        LJ (SR)   Coulomb (SR)   COM Pull En.      Potential
    0.00000e+00   -4.97815e+06   -3.81038e+04    4.50662e+05   -4.02153e+06
    Kinetic En.   Total Energy  Conserved En.    Temperature Pressure (bar)
    8.12278e+05   -3.20925e+06   -2.42549e+06    3.04581e+02   -1.47765e+03
   Constr. rmsd
    1.72626e-05

           Step           Time
          72000      396.00000

   Energies (kJ/mol)
           Bond          Angle       G96Angle    Proper Dih.          LJ-14
    6.18939e+05    1.46833e+05    2.05733e+04    3.62434e+04   -2.77821e+05
     Coulomb-14        LJ (SR)   Coulomb (SR)   COM Pull En.      Potential
    0.00000e+00   -4.97613e+06   -3.81460e+04    4.50529e+05   -4.01898e+06
    Kinetic En.   Total Energy  Conserved En.    Temperature Pressure (bar)
    8.10327e+05   -3.20865e+06   -2.42298e+06    3.03850e+02   -1.48042e+03
   Constr. rmsd
    1.77979e-05

           Step           Time
          73000      401.50000

   Energies (kJ/mol)
           Bond          Angle       G96Angle    Proper Dih.          LJ-14
    6.19518e+05    1.46748e+05    2.04700e+04    3.60586e+04   -2.78058e+05
     Coulomb-14        LJ (SR)   Coulomb (SR)   COM Pull En.      Potential
    0.00000e+00   -4.97892e+06   -3.82406e+04    4.49586e+05   -4.02284e+06
    Kinetic En.   Total Energy  Conserved En.    Temperature Pressure (bar)
    8.08267e+05   -3.21457e+06   -2.42179e+06    3.03077e+02   -1.49449e+03
   Constr. rmsd
    1.84661e-05

           Step           Time
          74000      407.00000

   Energies (kJ/mol)
           Bond          Angle       G96Angle    Proper Dih.          LJ-14
    6.21444e+05    1.46153e+05    2.02900e+04    3.69351e+04   -2.78169e+05
     Coulomb-14        LJ (SR)   Coulomb (SR)   COM Pull En.      Potential
    0.00000e+00   -4.98215e+06   -3.82347e+04    4.47645e+05   -4.02608e+06
    Kinetic En.   Total Energy  Conserved En.    Temperature Pressure (bar)
    8.10819e+05   -3.21526e+06   -2.41640e+06    3.04034e+02   -1.48593e+03
   Constr. rmsd
    1.84720e-05

           Step           Time
          75000      412.50000

   Energies (kJ/mol)
           Bond          Angle       G96Angle    Proper Dih.          LJ-14
    6.19746e+05    1.46556e+05    2.03317e+04    3.64276e+04   -2.78213e+05
     Coulomb-14        LJ (SR)   Coulomb (SR)   COM Pull En.      Potential
    0.00000e+00   -4.98395e+06   -3.84014e+04    4.47707e+05   -4.02979e+06
    Kinetic En.   Total Energy  Conserved En.    Temperature Pressure (bar)
    8.09083e+05   -3.22071e+06   -2.41508e+06    3.03383e+02   -1.49094e+03
   Constr. rmsd
    1.55138e-05

           Step           Time
          76000      418.00000

   Energies (kJ/mol)
           Bond          Angle       G96Angle    Proper Dih.          LJ-14
    6.19767e+05    1.46503e+05    2.01519e+04    3.65071e+04   -2.78546e+05
     Coulomb-14        LJ (SR)   Coulomb (SR)   COM Pull En.      Potential
    0.00000e+00   -4.97864e+06   -3.84660e+04    4.50428e+05   -4.02230e+06
    Kinetic En.   Total Energy  Conserved En.    Temperature Pressure (bar)
    8.07053e+05   -3.21524e+06   -2.40935e+06    3.02622e+02   -1.51296e+03
   Constr. rmsd
    1.42684e-05

           Step           Time
          77000      423.50000

   Energies (kJ/mol)
           Bond          Angle       G96Angle    Proper Dih.          LJ-14
    6.20436e+05    1.48455e+05    2.04634e+04    3.65299e+04   -2.78158e+05
     Coulomb-14        LJ (SR)   Coulomb (SR)   COM Pull En.      Potential
    0.00000e+00   -4.97500e+06   -3.83128e+04    4.48604e+05   -4.01698e+06
    Kinetic En.   Total Energy  Conserved En.    Temperature Pressure (bar)
    8.06624e+05   -3.21036e+06   -2.40767e+06    3.02461e+02   -1.51632e+03
   Constr. rmsd
    1.58886e-05

           Step           Time
          78000      429.00000

   Energies (kJ/mol)
           Bond          Angle       G96Angle    Proper Dih.          LJ-14
    6.22446e+05    1.46491e+05    2.03470e+04    3.66012e+04   -2.77619e+05
     Coulomb-14        LJ (SR)   Coulomb (SR)   COM Pull En.      Potential
    0.00000e+00   -4.97589e+06   -3.83551e+04    4.46964e+05   -4.01901e+06
    Kinetic En.   Total Energy  Conserved En.    Temperature Pressure (bar)
    8.08375e+05   -3.21064e+06   -2.40752e+06    3.03118e+02   -1.50790e+03
   Constr. rmsd
    1.81520e-05

           Step           Time
          79000      434.50000

   Energies (kJ/mol)
           Bond          Angle       G96Angle    Proper Dih.          LJ-14
    6.18174e+05    1.45890e+05    2.04249e+04    3.62147e+04   -2.78291e+05
     Coulomb-14        LJ (SR)   Coulomb (SR)   COM Pull En.      Potential
    0.00000e+00   -4.97906e+06   -3.82887e+04    4.49886e+05   -4.02505e+06
    Kinetic En.   Total Energy  Conserved En.    Temperature Pressure (bar)
    8.06007e+05   -3.21904e+06   -2.40840e+06    3.02230e+02   -1.49730e+03
   Constr. rmsd
    1.92462e-05

           Step           Time
          80000      440.00000

   Energies (kJ/mol)
           Bond          Angle       G96Angle    Proper Dih.          LJ-14
    6.15638e+05    1.46312e+05    2.05269e+04    3.66912e+04   -2.77789e+05
     Coulomb-14        LJ (SR)   Coulomb (SR)   COM Pull En.      Potential
    0.00000e+00   -4.98088e+06   -3.83677e+04    4.50557e+05   -4.02731e+06
    Kinetic En.   Total Energy  Conserved En.    Temperature Pressure (bar)
    8.10377e+05   -3.21694e+06   -2.40916e+06    3.03868e+02   -1.48161e+03
   Constr. rmsd
    1.67605e-05

           Step           Time
          81000      445.50000

   Energies (kJ/mol)
           Bond          Angle       G96Angle    Proper Dih.          LJ-14
    6.17593e+05    1.46959e+05    2.06925e+04    3.64200e+04   -2.78674e+05
     Coulomb-14        LJ (SR)   Coulomb (SR)   COM Pull En.      Potential
    0.00000e+00   -4.97941e+06   -3.81983e+04    4.48978e+05   -4.02564e+06
    Kinetic En.   Total Energy  Conserved En.    Temperature Pressure (bar)
    8.07648e+05   -3.21799e+06   -2.40824e+06    3.02845e+02   -1.48929e+03
   Constr. rmsd
    1.78400e-05

           Step           Time
          82000      451.00000

   Energies (kJ/mol)
           Bond          Angle       G96Angle    Proper Dih.          LJ-14
    6.17430e+05    1.46892e+05    2.06251e+04    3.63853e+04   -2.78019e+05
     Coulomb-14        LJ (SR)   Coulomb (SR)   COM Pull En.      Potential
    0.00000e+00   -4.97783e+06   -3.81526e+04    4.49883e+05   -4.02278e+06
    Kinetic En.   Total Energy  Conserved En.    Temperature Pressure (bar)
    8.10797e+05   -3.21198e+06   -2.40738e+06    3.04026e+02   -1.48336e+03
   Constr. rmsd
    1.68903e-05

           Step           Time
          83000      456.50000

   Energies (kJ/mol)
           Bond          Angle       G96Angle    Proper Dih.          LJ-14
    6.15834e+05    1.47365e+05    2.05701e+04    3.65763e+04   -2.78087e+05
     Coulomb-14        LJ (SR)   Coulomb (SR)   COM Pull En.      Potential
    0.00000e+00   -4.98068e+06   -3.83226e+04    4.48575e+05   -4.02817e+06
    Kinetic En.   Total Energy  Conserved En.    Temperature Pressure (bar)
    8.11231e+05   -3.21694e+06   -2.40836e+06    3.04189e+02   -1.46966e+03
   Constr. rmsd
    2.00207e-05

           Step           Time
          84000      462.00000

   Energies (kJ/mol)
           Bond          Angle       G96Angle    Proper Dih.          LJ-14
    6.20305e+05    1.45920e+05    2.05354e+04    3.61542e+04   -2.78198e+05
     Coulomb-14        LJ (SR)   Coulomb (SR)   COM Pull En.      Potential
    0.00000e+00   -4.98312e+06   -3.83195e+04    4.45878e+05   -4.03085e+06
    Kinetic En.   Total Energy  Conserved En.    Temperature Pressure (bar)
    8.12412e+05   -3.21844e+06   -2.40736e+06    3.04631e+02   -1.48438e+03
   Constr. rmsd
    1.66598e-05

           Step           Time
          85000      467.50000

   Energies (kJ/mol)
           Bond          Angle       G96Angle    Proper Dih.          LJ-14
    6.19642e+05    1.46764e+05    2.06441e+04    3.68496e+04   -2.78443e+05
     Coulomb-14        LJ (SR)   Coulomb (SR)   COM Pull En.      Potential
    0.00000e+00   -4.98286e+06   -3.83413e+04    4.45813e+05   -4.02993e+06
    Kinetic En.   Total Energy  Conserved En.    Temperature Pressure (bar)
    8.12291e+05   -3.21764e+06   -2.40711e+06    3.04586e+02   -1.48986e+03
   Constr. rmsd
    1.63049e-05

           Step           Time
          86000      473.00000

   Energies (kJ/mol)
           Bond          Angle       G96Angle    Proper Dih.          LJ-14
    6.21510e+05    1.46071e+05    2.07173e+04    3.65859e+04   -2.78097e+05
     Coulomb-14        LJ (SR)   Coulomb (SR)   COM Pull En.      Potential
    0.00000e+00   -4.97725e+06   -3.83740e+04    4.46965e+05   -4.02187e+06
    Kinetic En.   Total Energy  Conserved En.    Temperature Pressure (bar)
    8.13824e+05   -3.20805e+06   -2.39854e+06    3.05161e+02   -1.49463e+03
   Constr. rmsd
    1.89131e-05

           Step           Time
          87000      478.50000

   Energies (kJ/mol)
           Bond          Angle       G96Angle    Proper Dih.          LJ-14
    6.19262e+05    1.47076e+05    2.04356e+04    3.61678e+04   -2.77884e+05
     Coulomb-14        LJ (SR)   Coulomb (SR)   COM Pull En.      Potential
    0.00000e+00   -4.97839e+06   -3.83593e+04    4.46283e+05   -4.02541e+06
    Kinetic En.   Total Energy  Conserved En.    Temperature Pressure (bar)
    8.08824e+05   -3.21658e+06   -2.39856e+06    3.03286e+02   -1.49279e+03
   Constr. rmsd
    1.70083e-05

           Step           Time
          88000      484.00000

   Energies (kJ/mol)
           Bond          Angle       G96Angle    Proper Dih.          LJ-14
    6.20353e+05    1.45906e+05    2.07557e+04    3.63950e+04   -2.77741e+05
     Coulomb-14        LJ (SR)   Coulomb (SR)   COM Pull En.      Potential
    0.00000e+00   -4.98084e+06   -3.83736e+04    4.45019e+05   -4.02852e+06
    Kinetic En.   Total Energy  Conserved En.    Temperature Pressure (bar)
    8.08763e+05   -3.21976e+06   -2.39776e+06    3.03263e+02   -1.48195e+03
   Constr. rmsd
    1.75556e-05

           Step           Time
          89000      489.50000

   Energies (kJ/mol)
           Bond          Angle       G96Angle    Proper Dih.          LJ-14
    6.17548e+05    1.45890e+05    2.02265e+04    3.65563e+04   -2.77284e+05
     Coulomb-14        LJ (SR)   Coulomb (SR)   COM Pull En.      Potential
    0.00000e+00   -4.98029e+06   -3.83523e+04    4.48379e+05   -4.02732e+06
    Kinetic En.   Total Energy  Conserved En.    Temperature Pressure (bar)
    8.06748e+05   -3.22058e+06   -2.38595e+06    3.02508e+02   -1.48526e+03
   Constr. rmsd
    1.76828e-05

           Step           Time
          90000      495.00000

   Energies (kJ/mol)
           Bond          Angle       G96Angle    Proper Dih.          LJ-14
    6.18248e+05    1.46640e+05    2.04277e+04    3.69563e+04   -2.78349e+05
     Coulomb-14        LJ (SR)   Coulomb (SR)   COM Pull En.      Potential
    0.00000e+00   -4.98188e+06   -3.83486e+04    4.47689e+05   -4.02862e+06
    Kinetic En.   Total Energy  Conserved En.    Temperature Pressure (bar)
    8.11386e+05   -3.21723e+06   -2.38559e+06    3.04247e+02   -1.48656e+03
   Constr. rmsd
    1.58523e-05

           Step           Time
          91000      500.50000

   Energies (kJ/mol)
           Bond          Angle       G96Angle    Proper Dih.          LJ-14
    6.16636e+05    1.46278e+05    2.05698e+04    3.65130e+04   -2.78262e+05
     Coulomb-14        LJ (SR)   Coulomb (SR)   COM Pull En.      Potential
    0.00000e+00   -4.98567e+06   -3.84388e+04    4.46791e+05   -4.03558e+06
    Kinetic En.   Total Energy  Conserved En.    Temperature Pressure (bar)
    8.11320e+05   -3.22426e+06   -2.38604e+06    3.04222e+02   -1.48664e+03
   Constr. rmsd
    1.79998e-05

           Step           Time
          92000      506.00000

   Energies (kJ/mol)
           Bond          Angle       G96Angle    Proper Dih.          LJ-14
    6.18652e+05    1.46495e+05    2.06317e+04    3.66802e+04   -2.77983e+05
     Coulomb-14        LJ (SR)   Coulomb (SR)   COM Pull En.      Potential
    0.00000e+00   -4.98282e+06   -3.83521e+04    4.45472e+05   -4.03123e+06
    Kinetic En.   Total Energy  Conserved En.    Temperature Pressure (bar)
    8.03900e+05   -3.22733e+06   -2.38398e+06    3.01440e+02   -1.49077e+03
   Constr. rmsd
    1.90953e-05

           Step           Time
          93000      511.50000

   Energies (kJ/mol)
           Bond          Angle       G96Angle    Proper Dih.          LJ-14
    6.17689e+05    1.46213e+05    2.06378e+04    3.68548e+04   -2.78016e+05
     Coulomb-14        LJ (SR)   Coulomb (SR)   COM Pull En.      Potential
    0.00000e+00   -4.98673e+06   -3.83589e+04    4.45361e+05   -4.03635e+06
    Kinetic En.   Total Energy  Conserved En.    Temperature Pressure (bar)
    8.09281e+05   -3.22707e+06   -2.38334e+06    3.03457e+02   -1.49856e+03
   Constr. rmsd
    1.96811e-05

           Step           Time
          94000      517.00000

   Energies (kJ/mol)
           Bond          Angle       G96Angle    Proper Dih.          LJ-14
    6.22676e+05    1.45902e+05    2.04390e+04    3.67436e+04   -2.78222e+05
     Coulomb-14        LJ (SR)   Coulomb (SR)   COM Pull En.      Potential
    0.00000e+00   -4.98225e+06   -3.83905e+04    4.43035e+05   -4.03006e+06
    Kinetic En.   Total Energy  Conserved En.    Temperature Pressure (bar)
    8.07941e+05   -3.22212e+06   -2.38036e+06    3.02955e+02   -1.50461e+03
   Constr. rmsd
    1.76426e-05

           Step           Time
          95000      522.50000

   Energies (kJ/mol)
           Bond          Angle       G96Angle    Proper Dih.          LJ-14
    6.23218e+05    1.45300e+05    2.05614e+04    3.65136e+04   -2.78140e+05
     Coulomb-14        LJ (SR)   Coulomb (SR)   COM Pull En.      Potential
    0.00000e+00   -4.98070e+06   -3.82484e+04    4.42493e+05   -4.02900e+06
    Kinetic En.   Total Energy  Conserved En.    Temperature Pressure (bar)
    8.09320e+05   -3.21968e+06   -2.37944e+06    3.03472e+02   -1.50359e+03
   Constr. rmsd
    1.85424e-05

           Step           Time
          96000      528.00000

   Energies (kJ/mol)
           Bond          Angle       G96Angle    Proper Dih.          LJ-14
    6.20249e+05    1.46661e+05    2.01352e+04    3.65146e+04   -2.77597e+05
     Coulomb-14        LJ (SR)   Coulomb (SR)   COM Pull En.      Potential
    0.00000e+00   -4.98110e+06   -3.82487e+04    4.43349e+05   -4.03004e+06
    Kinetic En.   Total Energy  Conserved En.    Temperature Pressure (bar)
    8.06752e+05   -3.22329e+06   -2.37609e+06    3.02509e+02   -1.49858e+03
   Constr. rmsd
    1.75835e-05

           Step           Time
          97000      533.50000

   Energies (kJ/mol)
           Bond          Angle       G96Angle    Proper Dih.          LJ-14
    6.20541e+05    1.47025e+05    2.03437e+04    3.67181e+04   -2.77961e+05
     Coulomb-14        LJ (SR)   Coulomb (SR)   COM Pull En.      Potential
    0.00000e+00   -4.98201e+06   -3.83323e+04    4.42824e+05   -4.03086e+06
    Kinetic En.   Total Energy  Conserved En.    Temperature Pressure (bar)
    8.09866e+05   -3.22099e+06   -2.37639e+06    3.03677e+02   -1.49294e+03
   Constr. rmsd
    1.78062e-05

           Step           Time
          98000      539.00000

   Energies (kJ/mol)
           Bond          Angle       G96Angle    Proper Dih.          LJ-14
    6.21692e+05    1.46571e+05    2.00690e+04    3.66821e+04   -2.77951e+05
     Coulomb-14        LJ (SR)   Coulomb (SR)   COM Pull En.      Potential
    0.00000e+00   -4.98068e+06   -3.82674e+04    4.43612e+05   -4.02828e+06
    Kinetic En.   Total Energy  Conserved En.    Temperature Pressure (bar)
    8.08421e+05   -3.21986e+06   -2.37331e+06    3.03135e+02   -1.50376e+03
   Constr. rmsd
    1.66271e-05

           Step           Time
          99000      544.50000

   Energies (kJ/mol)
           Bond          Angle       G96Angle    Proper Dih.          LJ-14
    6.20379e+05    1.46331e+05    2.03831e+04    3.66358e+04   -2.78101e+05
     Coulomb-14        LJ (SR)   Coulomb (SR)   COM Pull En.      Potential
    0.00000e+00   -4.97910e+06   -3.81332e+04    4.45114e+05   -4.02649e+06
    Kinetic En.   Total Energy  Conserved En.    Temperature Pressure (bar)
    8.06400e+05   -3.22009e+06   -2.37210e+06    3.02377e+02   -1.51149e+03
   Constr. rmsd
    1.67045e-05

           Step           Time
         100000      550.00000

   Energies (kJ/mol)
           Bond          Angle       G96Angle    Proper Dih.          LJ-14
    6.22629e+05    1.46804e+05    2.05384e+04    3.61737e+04   -2.77956e+05
     Coulomb-14        LJ (SR)   Coulomb (SR)   COM Pull En.      Potential
    0.00000e+00   -4.97484e+06   -3.81644e+04    4.44281e+05   -4.02053e+06
    Kinetic En.   Total Energy  Conserved En.    Temperature Pressure (bar)
    8.07014e+05   -3.21352e+06   -2.37065e+06    3.02607e+02   -1.51028e+03
   Constr. rmsd
    1.85978e-05

           Step           Time
         101000      555.50000

   Energies (kJ/mol)
           Bond          Angle       G96Angle    Proper Dih.          LJ-14
    6.19420e+05    1.46417e+05    2.02302e+04    3.63979e+04   -2.77715e+05
     Coulomb-14        LJ (SR)   Coulomb (SR)   COM Pull En.      Potential
    0.00000e+00   -4.97692e+06   -3.82078e+04    4.45700e+05   -4.02468e+06
    Kinetic En.   Total Energy  Conserved En.    Temperature Pressure (bar)
    8.08750e+05   -3.21593e+06   -2.37171e+06    3.03259e+02   -1.48923e+03
   Constr. rmsd
    2.01645e-05

           Step           Time
         102000      561.00000

   Energies (kJ/mol)
           Bond          Angle       G96Angle    Proper Dih.          LJ-14
    6.23646e+05    1.45758e+05    2.07166e+04    3.74838e+04   -2.77527e+05
     Coulomb-14        LJ (SR)   Coulomb (SR)   COM Pull En.      Potential
    0.00000e+00   -4.97963e+06   -3.82838e+04    4.43959e+05   -4.02388e+06
    Kinetic En.   Total Energy  Conserved En.    Temperature Pressure (bar)
    8.14796e+05   -3.20909e+06   -2.34743e+06    3.05525e+02   -1.50857e+03
   Constr. rmsd
    1.95635e-05

           Step           Time
         103000      566.50000

   Energies (kJ/mol)
           Bond          Angle       G96Angle    Proper Dih.          LJ-14
    6.20636e+05    1.45895e+05    2.05424e+04    3.70972e+04   -2.77613e+05
     Coulomb-14        LJ (SR)   Coulomb (SR)   COM Pull En.      Potential
    0.00000e+00   -4.97918e+06   -3.83174e+04    4.44816e+05   -4.02613e+06
    Kinetic En.   Total Energy  Conserved En.    Temperature Pressure (bar)
    8.09366e+05   -3.21676e+06   -2.34535e+06    3.03489e+02   -1.50163e+03
   Constr. rmsd
    1.69059e-05

           Step           Time
         104000      572.00000

   Energies (kJ/mol)
           Bond          Angle       G96Angle    Proper Dih.          LJ-14
    6.20881e+05    1.45815e+05    2.02806e+04    3.71770e+04   -2.78205e+05
     Coulomb-14        LJ (SR)   Coulomb (SR)   COM Pull En.      Potential
    0.00000e+00   -4.98038e+06   -3.82562e+04    4.42907e+05   -4.02978e+06
    Kinetic En.   Total Energy  Conserved En.    Temperature Pressure (bar)
    8.10576e+05   -3.21921e+06   -2.34585e+06    3.03943e+02   -1.48033e+03
   Constr. rmsd
    1.60983e-05

           Step           Time
         105000      577.50000

   Energies (kJ/mol)
           Bond          Angle       G96Angle    Proper Dih.          LJ-14
    6.20379e+05    1.46208e+05    2.03899e+04    3.69267e+04   -2.77785e+05
     Coulomb-14        LJ (SR)   Coulomb (SR)   COM Pull En.      Potential
    0.00000e+00   -4.98485e+06   -3.81405e+04    4.41020e+05   -4.03585e+06
    Kinetic En.   Total Energy  Conserved En.    Temperature Pressure (bar)
    8.08605e+05   -3.22724e+06   -2.34645e+06    3.03204e+02   -1.48830e+03
   Constr. rmsd
    1.79182e-05

           Step           Time
         106000      583.00000

   Energies (kJ/mol)
           Bond          Angle       G96Angle    Proper Dih.          LJ-14
    6.22703e+05    1.45854e+05    2.02262e+04    3.73162e+04   -2.77786e+05
     Coulomb-14        LJ (SR)   Coulomb (SR)   COM Pull En.      Potential
    0.00000e+00   -4.98402e+06   -3.81752e+04    4.38362e+05   -4.03552e+06
    Kinetic En.   Total Energy  Conserved En.    Temperature Pressure (bar)
    8.09811e+05   -3.22571e+06   -2.34517e+06    3.03656e+02   -1.49347e+03
   Constr. rmsd
    1.91066e-05

           Step           Time
         107000      588.50000

   Energies (kJ/mol)
           Bond          Angle       G96Angle    Proper Dih.          LJ-14
    6.22423e+05    1.46640e+05    2.03536e+04    3.68161e+04   -2.77911e+05
     Coulomb-14        LJ (SR)   Coulomb (SR)   COM Pull En.      Potential
    0.00000e+00   -4.97723e+06   -3.83010e+04    4.40064e+05   -4.02714e+06
    Kinetic En.   Total Energy  Conserved En.    Temperature Pressure (bar)
    8.07756e+05   -3.21939e+06   -2.34263e+06    3.02886e+02   -1.49191e+03
   Constr. rmsd
    1.85457e-05

           Step           Time
         108000      594.00000

   Energies (kJ/mol)
           Bond          Angle       G96Angle    Proper Dih.          LJ-14
    6.21766e+05    1.45942e+05    2.02819e+04    3.72631e+04   -2.77809e+05
     Coulomb-14        LJ (SR)   Coulomb (SR)   COM Pull En.      Potential
    0.00000e+00   -4.97898e+06   -3.84063e+04    4.40748e+05   -4.02920e+06
    Kinetic En.   Total Energy  Conserved En.    Temperature Pressure (bar)
    8.09555e+05   -3.21964e+06   -2.34194e+06    3.03560e+02   -1.50218e+03
   Constr. rmsd
    1.75022e-05

           Step           Time
         109000      599.50000

   Energies (kJ/mol)
           Bond          Angle       G96Angle    Proper Dih.          LJ-14
    6.24367e+05    1.46231e+05    2.02823e+04    3.75479e+04   -2.77754e+05
     Coulomb-14        LJ (SR)   Coulomb (SR)   COM Pull En.      Potential
    0.00000e+00   -4.97767e+06   -3.83852e+04    4.39268e+05   -4.02612e+06
    Kinetic En.   Total Energy  Conserved En.    Temperature Pressure (bar)
    8.09956e+05   -3.21616e+06   -2.33722e+06    3.03711e+02   -1.50241e+03
   Constr. rmsd
    1.77633e-05

           Step           Time
         110000      605.00000

   Energies (kJ/mol)
           Bond          Angle       G96Angle    Proper Dih.          LJ-14
    6.19663e+05    1.45534e+05    2.01341e+04    3.69927e+04   -2.77568e+05
     Coulomb-14        LJ (SR)   Coulomb (SR)   COM Pull En.      Potential
    0.00000e+00   -4.98168e+06   -3.83753e+04    4.41002e+05   -4.03430e+06
    Kinetic En.   Total Energy  Conserved En.    Temperature Pressure (bar)
    8.07933e+05   -3.22637e+06   -2.33822e+06    3.02952e+02   -1.48380e+03
   Constr. rmsd
    1.72907e-05

           Step           Time
         111000      610.50000

   Energies (kJ/mol)
           Bond          Angle       G96Angle    Proper Dih.          LJ-14
    6.22007e+05    1.45560e+05    2.01565e+04    3.66837e+04   -2.77812e+05
     Coulomb-14        LJ (SR)   Coulomb (SR)   COM Pull En.      Potential
    0.00000e+00   -4.98166e+06   -3.83517e+04    4.40496e+05   -4.03292e+06
    Kinetic En.   Total Energy  Conserved En.    Temperature Pressure (bar)
    8.07443e+05   -3.22547e+06   -2.33728e+06    3.02768e+02   -1.48923e+03
   Constr. rmsd
    2.09874e-05

           Step           Time
         112000      616.00000

   Energies (kJ/mol)
           Bond          Angle       G96Angle    Proper Dih.          LJ-14
    6.21596e+05    1.46380e+05    2.03991e+04    3.67752e+04   -2.77542e+05
     Coulomb-14        LJ (SR)   Coulomb (SR)   COM Pull En.      Potential
    0.00000e+00   -4.97897e+06   -3.81824e+04    4.41638e+05   -4.02791e+06
    Kinetic En.   Total Energy  Conserved En.    Temperature Pressure (bar)
    8.08875e+05   -3.21903e+06   -2.33474e+06    3.03305e+02   -1.49284e+03
   Constr. rmsd
    1.61629e-05

           Step           Time
         113000      621.50000

   Energies (kJ/mol)
           Bond          Angle       G96Angle    Proper Dih.          LJ-14
    6.21343e+05    1.46241e+05    2.03774e+04    3.73628e+04   -2.77496e+05
     Coulomb-14        LJ (SR)   Coulomb (SR)   COM Pull En.      Potential
    0.00000e+00   -4.97666e+06   -3.83449e+04    4.41788e+05   -4.02538e+06
    Kinetic En.   Total Energy  Conserved En.    Temperature Pressure (bar)
    8.10036e+05   -3.21535e+06   -2.33326e+06    3.03741e+02   -1.49519e+03
   Constr. rmsd
    1.52981e-05

           Step           Time
         114000      627.00000

   Energies (kJ/mol)
           Bond          Angle       G96Angle    Proper Dih.          LJ-14
    6.23206e+05    1.45468e+05    2.01580e+04    3.68097e+04   -2.77735e+05
     Coulomb-14        LJ (SR)   Coulomb (SR)   COM Pull En.      Potential
    0.00000e+00   -4.97839e+06   -3.83582e+04    4.40510e+05   -4.02833e+06
    Kinetic En.   Total Energy  Conserved En.    Temperature Pressure (bar)
    8.08649e+05   -3.21968e+06   -2.33179e+06    3.03221e+02   -1.49300e+03
   Constr. rmsd
    1.54029e-05

           Step           Time
         115000      632.50000

   Energies (kJ/mol)
           Bond          Angle       G96Angle    Proper Dih.          LJ-14
    6.23021e+05    1.46700e+05    2.05010e+04    3.69034e+04   -2.77249e+05
     Coulomb-14        LJ (SR)   Coulomb (SR)   COM Pull En.      Potential
    0.00000e+00   -4.98216e+06   -3.82718e+04    4.37218e+05   -4.03334e+06
    Kinetic En.   Total Energy  Conserved En.    Temperature Pressure (bar)
    8.06324e+05   -3.22701e+06   -2.33227e+06    3.02349e+02   -1.50142e+03
   Constr. rmsd
    1.67370e-05

           Step           Time
         116000      638.00000

   Energies (kJ/mol)
           Bond          Angle       G96Angle    Proper Dih.          LJ-14
    6.26170e+05    1.45787e+05    2.00795e+04    3.68816e+04   -2.77743e+05
     Coulomb-14        LJ (SR)   Coulomb (SR)   COM Pull En.      Potential
    0.00000e+00   -4.98104e+06   -3.83315e+04    4.35921e+05   -4.03227e+06
    Kinetic En.   Total Energy  Conserved En.    Temperature Pressure (bar)
    8.09246e+05   -3.22303e+06   -2.33116e+06    3.03444e+02   -1.51417e+03
   Constr. rmsd
    1.81862e-05

           Step           Time
         117000      643.50000

   Energies (kJ/mol)
           Bond          Angle       G96Angle    Proper Dih.          LJ-14
    6.24596e+05    1.46519e+05    2.02123e+04    3.67937e+04   -2.77432e+05
     Coulomb-14        LJ (SR)   Coulomb (SR)   COM Pull En.      Potential
    0.00000e+00   -4.97670e+06   -3.83547e+04    4.37868e+05   -4.02650e+06
    Kinetic En.   Total Energy  Conserved En.    Temperature Pressure (bar)
    8.07596e+05   -3.21890e+06   -2.32818e+06    3.02825e+02   -1.50537e+03
   Constr. rmsd
    1.95165e-05

           Step           Time
         118000      649.00000

   Energies (kJ/mol)
           Bond          Angle       G96Angle    Proper Dih.          LJ-14
    6.24725e+05    1.46279e+05    2.01974e+04    3.68531e+04   -2.77189e+05
     Coulomb-14        LJ (SR)   Coulomb (SR)   COM Pull En.      Potential
    0.00000e+00   -4.98030e+06   -3.83388e+04    4.35287e+05   -4.03248e+06
    Kinetic En.   Total Energy  Conserved En.    Temperature Pressure (bar)
    8.06815e+05   -3.22567e+06   -2.32943e+06    3.02533e+02   -1.49624e+03
   Constr. rmsd
    2.06749e-05

           Step           Time
         119000      654.50000

   Energies (kJ/mol)
           Bond          Angle       G96Angle    Proper Dih.          LJ-14
    6.23284e+05    1.46061e+05    2.03168e+04    3.69581e+04   -2.77679e+05
     Coulomb-14        LJ (SR)   Coulomb (SR)   COM Pull En.      Potential
    0.00000e+00   -4.98290e+06   -3.83632e+04    4.35918e+05   -4.03641e+06
    Kinetic En.   Total Energy  Conserved En.    Temperature Pressure (bar)
    8.09859e+05   -3.22655e+06   -2.32874e+06    3.03674e+02   -1.49206e+03
   Constr. rmsd
    1.83616e-05

           Step           Time
         120000      660.00000

   Energies (kJ/mol)
           Bond          Angle       G96Angle    Proper Dih.          LJ-14
    6.24644e+05    1.45016e+05    2.04702e+04    3.71359e+04   -2.77553e+05
     Coulomb-14        LJ (SR)   Coulomb (SR)   COM Pull En.      Potential
    0.00000e+00   -4.98345e+06   -3.82804e+04    4.35340e+05   -4.03668e+06
    Kinetic En.   Total Energy  Conserved En.    Temperature Pressure (bar)
    8.10296e+05   -3.22639e+06   -2.32853e+06    3.03838e+02   -1.48522e+03
   Constr. rmsd
    2.10997e-05

           Step           Time
         121000      665.50000

   Energies (kJ/mol)
           Bond          Angle       G96Angle    Proper Dih.          LJ-14
    6.21971e+05    1.46290e+05    2.03096e+04    3.70132e+04   -2.77219e+05
     Coulomb-14        LJ (SR)   Coulomb (SR)   COM Pull En.      Potential
    0.00000e+00   -4.98521e+06   -3.82337e+04    4.36542e+05   -4.03853e+06
    Kinetic En.   Total Energy  Conserved En.    Temperature Pressure (bar)
    8.07285e+05   -3.23125e+06   -2.32839e+06    3.02709e+02   -1.48813e+03
   Constr. rmsd
    1.71006e-05

           Step           Time
         122000      671.00000

   Energies (kJ/mol)
           Bond          Angle       G96Angle    Proper Dih.          LJ-14
    6.22010e+05    1.45466e+05    2.01680e+04    3.71853e+04   -2.77199e+05
     Coulomb-14        LJ (SR)   Coulomb (SR)   COM Pull En.      Potential
    0.00000e+00   -4.98383e+06   -3.81324e+04    4.36231e+05   -4.03811e+06
    Kinetic En.   Total Energy  Conserved En.    Temperature Pressure (bar)
    8.09384e+05   -3.22872e+06   -2.32828e+06    3.03496e+02   -1.46965e+03
   Constr. rmsd
    1.76906e-05

           Step           Time
         123000      676.50000

   Energies (kJ/mol)
           Bond          Angle       G96Angle    Proper Dih.          LJ-14
    6.24090e+05    1.45946e+05    2.02669e+04    3.71313e+04   -2.76799e+05
     Coulomb-14        LJ (SR)   Coulomb (SR)   COM Pull En.      Potential
    0.00000e+00   -4.98512e+06   -3.82794e+04    4.34133e+05   -4.03863e+06
    Kinetic En.   Total Energy  Conserved En.    Temperature Pressure (bar)
    8.07454e+05   -3.23118e+06   -2.32531e+06    3.02772e+02   -1.47969e+03
   Constr. rmsd
    1.90270e-05

           Step           Time
         124000      682.00000

   Energies (kJ/mol)
           Bond          Angle       G96Angle    Proper Dih.          LJ-14
    6.24278e+05    1.45126e+05    2.01237e+04    3.73263e+04   -2.77160e+05
     Coulomb-14        LJ (SR)   Coulomb (SR)   COM Pull En.      Potential
    0.00000e+00   -4.98409e+06   -3.82410e+04    4.34278e+05   -4.03836e+06
    Kinetic En.   Total Energy  Conserved En.    Temperature Pressure (bar)
    8.09113e+05   -3.22925e+06   -2.32383e+06    3.03394e+02   -1.48881e+03
   Constr. rmsd
    1.65694e-05

           Step           Time
         125000      687.50000

   Energies (kJ/mol)
           Bond          Angle       G96Angle    Proper Dih.          LJ-14
    6.24541e+05    1.46163e+05    1.99784e+04    3.68427e+04   -2.76718e+05
     Coulomb-14        LJ (SR)   Coulomb (SR)   COM Pull En.      Potential
    0.00000e+00   -4.98179e+06   -3.81462e+04    4.33929e+05   -4.03520e+06
    Kinetic En.   Total Energy  Conserved En.    Temperature Pressure (bar)
    8.06098e+05   -3.22910e+06   -2.32262e+06    3.02264e+02   -1.49517e+03
   Constr. rmsd
    1.71561e-05

           Step           Time
         126000      693.00000

   Energies (kJ/mol)
           Bond          Angle       G96Angle    Proper Dih.          LJ-14
    6.24444e+05    1.45186e+05    2.02353e+04    3.71866e+04   -2.77174e+05
     Coulomb-14        LJ (SR)   Coulomb (SR)   COM Pull En.      Potential
    0.00000e+00   -4.98593e+06   -3.81604e+04    4.33899e+05   -4.04031e+06
    Kinetic En.   Total Energy  Conserved En.    Temperature Pressure (bar)
    8.08407e+05   -3.23191e+06   -2.32294e+06    3.03130e+02   -1.49533e+03
   Constr. rmsd
    1.91641e-05

           Step           Time
         127000      698.50000

   Energies (kJ/mol)
           Bond          Angle       G96Angle    Proper Dih.          LJ-14
    6.23159e+05    1.45474e+05    2.03073e+04    3.75776e+04   -2.77531e+05
     Coulomb-14        LJ (SR)   Coulomb (SR)   COM Pull En.      Potential
    0.00000e+00   -4.98500e+06   -3.82695e+04    4.34368e+05   -4.03991e+06
    Kinetic En.   Total Energy  Conserved En.    Temperature Pressure (bar)
    8.09412e+05   -3.23050e+06   -2.32264e+06    3.03506e+02   -1.47763e+03
   Constr. rmsd
    1.81275e-05

           Step           Time
         128000      704.00000

   Energies (kJ/mol)
           Bond          Angle       G96Angle    Proper Dih.          LJ-14
    6.22409e+05    1.46147e+05    2.04100e+04    3.72134e+04   -2.77650e+05
     Coulomb-14        LJ (SR)   Coulomb (SR)   COM Pull En.      Potential
    0.00000e+00   -4.98351e+06   -3.83387e+04    4.34451e+05   -4.03887e+06
    Kinetic En.   Total Energy  Conserved En.    Temperature Pressure (bar)
    8.10176e+05   -3.22870e+06   -2.32184e+06    3.03793e+02   -1.47868e+03
   Constr. rmsd
    1.70728e-05

           Step           Time
         129000      709.50000

   Energies (kJ/mol)
           Bond          Angle       G96Angle    Proper Dih.          LJ-14
    6.20205e+05    1.45481e+05    2.00984e+04    3.70713e+04   -2.77189e+05
     Coulomb-14        LJ (SR)   Coulomb (SR)   COM Pull En.      Potential
    0.00000e+00   -4.98630e+06   -3.83989e+04    4.36656e+05   -4.04238e+06
    Kinetic En.   Total Energy  Conserved En.    Temperature Pressure (bar)
    8.08942e+05   -3.23343e+06   -2.32136e+06    3.03330e+02   -1.46594e+03
   Constr. rmsd
    1.87103e-05

           Step           Time
         130000      715.00000

   Energies (kJ/mol)
           Bond          Angle       G96Angle    Proper Dih.          LJ-14
    6.21125e+05    1.45606e+05    2.03579e+04    3.69558e+04   -2.77232e+05
     Coulomb-14        LJ (SR)   Coulomb (SR)   COM Pull En.      Potential
    0.00000e+00   -4.98538e+06   -3.83978e+04    4.35141e+05   -4.04182e+06
    Kinetic En.   Total Energy  Conserved En.    Temperature Pressure (bar)
    8.09402e+05   -3.23242e+06   -2.31996e+06    3.03503e+02   -1.46851e+03
   Constr. rmsd
    1.66118e-05

           Step           Time
         131000      720.50000

   Energies (kJ/mol)
           Bond          Angle       G96Angle    Proper Dih.          LJ-14
    6.21492e+05    1.45669e+05    2.01706e+04    3.71422e+04   -2.77305e+05
     Coulomb-14        LJ (SR)   Coulomb (SR)   COM Pull En.      Potential
    0.00000e+00   -4.98722e+06   -3.83082e+04    4.34627e+05   -4.04373e+06
    Kinetic En.   Total Energy  Conserved En.    Temperature Pressure (bar)
    8.09185e+05   -3.23455e+06   -2.31739e+06    3.03422e+02   -1.48463e+03
   Constr. rmsd
    1.77767e-05

           Step           Time
         132000      726.00000

   Energies (kJ/mol)
           Bond          Angle       G96Angle    Proper Dih.          LJ-14
    6.22848e+05    1.45904e+05    2.00269e+04    3.73526e+04   -2.77262e+05
     Coulomb-14        LJ (SR)   Coulomb (SR)   COM Pull En.      Potential
    0.00000e+00   -4.98403e+06   -3.81743e+04    4.34749e+05   -4.03858e+06
    Kinetic En.   Total Energy  Conserved En.    Temperature Pressure (bar)
    8.07685e+05   -3.23090e+06   -2.31546e+06    3.02859e+02   -1.48296e+03
   Constr. rmsd
    1.91016e-05

           Step           Time
         133000      731.50000

   Energies (kJ/mol)
           Bond          Angle       G96Angle    Proper Dih.          LJ-14
    6.20888e+05    1.46615e+05    1.98899e+04    3.73675e+04   -2.76930e+05
     Coulomb-14        LJ (SR)   Coulomb (SR)   COM Pull En.      Potential
    0.00000e+00   -4.98298e+06   -3.81906e+04    4.35564e+05   -4.03778e+06
    Kinetic En.   Total Energy  Conserved En.    Temperature Pressure (bar)
    8.07402e+05   -3.23037e+06   -2.31491e+06    3.02753e+02   -1.48611e+03
   Constr. rmsd
    1.63931e-05

           Step           Time
         134000      737.00000

   Energies (kJ/mol)
           Bond          Angle       G96Angle    Proper Dih.          LJ-14
    6.23890e+05    1.45972e+05    2.00632e+04    3.75047e+04   -2.77049e+05
     Coulomb-14        LJ (SR)   Coulomb (SR)   COM Pull En.      Potential
    0.00000e+00   -4.98273e+06   -3.80657e+04    4.33206e+05   -4.03721e+06
    Kinetic En.   Total Energy  Conserved En.    Temperature Pressure (bar)
    8.06309e+05   -3.23091e+06   -2.31370e+06    3.02343e+02   -1.50513e+03
   Constr. rmsd
    1.83953e-05

           Step           Time
         135000      742.50000

   Energies (kJ/mol)
           Bond          Angle       G96Angle    Proper Dih.          LJ-14
    6.22803e+05    1.45958e+05    2.01632e+04    3.76834e+04   -2.77117e+05
     Coulomb-14        LJ (SR)   Coulomb (SR)   COM Pull En.      Potential
    0.00000e+00   -4.98267e+06   -3.81921e+04    4.34428e+05   -4.03695e+06
    Kinetic En.   Total Energy  Conserved En.    Temperature Pressure (bar)
    8.07863e+05   -3.22908e+06   -2.31171e+06    3.02926e+02   -1.49073e+03
   Constr. rmsd
    1.72983e-05

           Step           Time
         136000      748.00000

   Energies (kJ/mol)
           Bond          Angle       G96Angle    Proper Dih.          LJ-14
    6.25684e+05    1.46152e+05    2.00624e+04    3.74438e+04   -2.77086e+05
     Coulomb-14        LJ (SR)   Coulomb (SR)   COM Pull En.      Potential
    0.00000e+00   -4.97977e+06   -3.80258e+04    4.31009e+05   -4.03453e+06
    Kinetic En.   Total Energy  Conserved En.    Temperature Pressure (bar)
    8.11756e+05   -3.22278e+06   -2.31128e+06    3.04386e+02   -1.47844e+03
   Constr. rmsd
    1.88838e-05

           Step           Time
         137000      753.50000

   Energies (kJ/mol)
           Bond          Angle       G96Angle    Proper Dih.          LJ-14
    6.24643e+05    1.45325e+05    2.01698e+04    3.75790e+04   -2.77227e+05
     Coulomb-14        LJ (SR)   Coulomb (SR)   COM Pull En.      Potential
    0.00000e+00   -4.97805e+06   -3.81001e+04    4.33541e+05   -4.03212e+06
    Kinetic En.   Total Energy  Conserved En.    Temperature Pressure (bar)
    8.11611e+05   -3.22051e+06   -2.30916e+06    3.04331e+02   -1.48566e+03
   Constr. rmsd
    1.70644e-05

           Step           Time
         138000      759.00000

   Energies (kJ/mol)
           Bond          Angle       G96Angle    Proper Dih.          LJ-14
    6.24589e+05    1.46027e+05    2.01006e+04    3.74187e+04   -2.76770e+05
     Coulomb-14        LJ (SR)   Coulomb (SR)   COM Pull En.      Potential
    0.00000e+00   -4.98021e+06   -3.82257e+04    4.33082e+05   -4.03399e+06
    Kinetic En.   Total Energy  Conserved En.    Temperature Pressure (bar)
    8.10294e+05   -3.22370e+06   -2.30874e+06    3.03837e+02   -1.48912e+03
   Constr. rmsd
    1.93950e-05

           Step           Time
         139000      764.50000

   Energies (kJ/mol)
           Bond          Angle       G96Angle    Proper Dih.          LJ-14
    6.26780e+05    1.45433e+05    2.01036e+04    3.77822e+04   -2.76556e+05
     Coulomb-14        LJ (SR)   Coulomb (SR)   COM Pull En.      Potential
    0.00000e+00   -4.98013e+06   -3.81332e+04    4.30834e+05   -4.03388e+06
    Kinetic En.   Total Energy  Conserved En.    Temperature Pressure (bar)
    8.10005e+05   -3.22388e+06   -2.30800e+06    3.03729e+02   -1.49354e+03
   Constr. rmsd
    1.67500e-05

           Step           Time
         140000      770.00000

   Energies (kJ/mol)
           Bond          Angle       G96Angle    Proper Dih.          LJ-14
    6.27136e+05    1.45808e+05    2.02341e+04    3.72087e+04   -2.76510e+05
     Coulomb-14        LJ (SR)   Coulomb (SR)   COM Pull En.      Potential
    0.00000e+00   -4.98019e+06   -3.80985e+04    4.30525e+05   -4.03389e+06
    Kinetic En.   Total Energy  Conserved En.    Temperature Pressure (bar)
    8.08552e+05   -3.22534e+06   -2.30703e+06    3.03184e+02   -1.49759e+03
   Constr. rmsd
    1.84592e-05

           Step           Time
         141000      775.50000

   Energies (kJ/mol)
           Bond          Angle       G96Angle    Proper Dih.          LJ-14
    6.27787e+05    1.45720e+05    2.01235e+04    3.73234e+04   -2.76025e+05
     Coulomb-14        LJ (SR)   Coulomb (SR)   COM Pull En.      Potential
    0.00000e+00   -4.98120e+06   -3.81713e+04    4.29085e+05   -4.03536e+06
    Kinetic En.   Total Energy  Conserved En.    Temperature Pressure (bar)
    8.12486e+05   -3.22287e+06   -2.30057e+06    3.04659e+02   -1.48929e+03
   Constr. rmsd
    1.74238e-05

           Step           Time
         142000      781.00000

   Energies (kJ/mol)
           Bond          Angle       G96Angle    Proper Dih.          LJ-14
    6.25933e+05    1.46727e+05    2.03005e+04    3.73326e+04   -2.76609e+05
     Coulomb-14        LJ (SR)   Coulomb (SR)   COM Pull En.      Potential
    0.00000e+00   -4.98115e+06   -3.79748e+04    4.30135e+05   -4.03530e+06
    Kinetic En.   Total Energy  Conserved En.    Temperature Pressure (bar)
    8.09689e+05   -3.22562e+06   -2.30080e+06    3.03610e+02   -1.47881e+03
   Constr. rmsd
    1.86431e-05

           Step           Time
         143000      786.50000

   Energies (kJ/mol)
           Bond          Angle       G96Angle    Proper Dih.          LJ-14
    6.29490e+05    1.46098e+05    2.01818e+04    3.73806e+04   -2.76780e+05
     Coulomb-14        LJ (SR)   Coulomb (SR)   COM Pull En.      Potential
    0.00000e+00   -4.97848e+06   -3.80133e+04    4.29934e+05   -4.03019e+06
    Kinetic En.   Total Energy  Conserved En.    Temperature Pressure (bar)
    8.06913e+05   -3.22328e+06   -2.29433e+06    3.02569e+02   -1.52071e+03
   Constr. rmsd
    2.10253e-05

           Step           Time
         144000      792.00000

   Energies (kJ/mol)
           Bond          Angle       G96Angle    Proper Dih.          LJ-14
    6.26249e+05    1.46489e+05    2.01500e+04    3.71755e+04   -2.76239e+05
     Coulomb-14        LJ (SR)   Coulomb (SR)   COM Pull En.      Potential
    0.00000e+00   -4.97659e+06   -3.80667e+04    4.33071e+05   -4.02777e+06
    Kinetic En.   Total Energy  Conserved En.    Temperature Pressure (bar)
    8.07793e+05   -3.21997e+06   -2.29339e+06    3.02900e+02   -1.51402e+03
   Constr. rmsd
    1.78473e-05

           Step           Time
         145000      797.50000

   Energies (kJ/mol)
           Bond          Angle       G96Angle    Proper Dih.          LJ-14
    6.26924e+05    1.45601e+05    2.03298e+04    3.72037e+04   -2.76539e+05
     Coulomb-14        LJ (SR)   Coulomb (SR)   COM Pull En.      Potential
    0.00000e+00   -4.98466e+06   -3.80881e+04    4.30086e+05   -4.03914e+06
    Kinetic En.   Total Energy  Conserved En.    Temperature Pressure (bar)
    8.07545e+05   -3.23160e+06   -2.29487e+06    3.02807e+02   -1.50997e+03
   Constr. rmsd
    1.81879e-05

           Step           Time
         146000      803.00000

   Energies (kJ/mol)
           Bond          Angle       G96Angle    Proper Dih.          LJ-14
    6.24069e+05    1.45618e+05    2.02876e+04    3.71322e+04   -2.76298e+05
     Coulomb-14        LJ (SR)   Coulomb (SR)   COM Pull En.      Potential
    0.00000e+00   -4.98034e+06   -3.81224e+04    4.31502e+05   -4.03615e+06
    Kinetic En.   Total Energy  Conserved En.    Temperature Pressure (bar)
    8.09252e+05   -3.22690e+06   -2.29313e+06    3.03447e+02   -1.48454e+03
   Constr. rmsd
    1.91587e-05

           Step           Time
         147000      808.50000

   Energies (kJ/mol)
           Bond          Angle       G96Angle    Proper Dih.          LJ-14
    6.24028e+05    1.45494e+05    2.03710e+04    3.70249e+04   -2.76829e+05
     Coulomb-14        LJ (SR)   Coulomb (SR)   COM Pull En.      Potential
    0.00000e+00   -4.98149e+06   -3.80601e+04    4.32088e+05   -4.03737e+06
    Kinetic En.   Total Energy  Conserved En.    Temperature Pressure (bar)
    8.10170e+05   -3.22720e+06   -2.29255e+06    3.03791e+02   -1.49420e+03
   Constr. rmsd
    1.79241e-05

           Step           Time
         148000      814.00000

   Energies (kJ/mol)
           Bond          Angle       G96Angle    Proper Dih.          LJ-14
    6.22381e+05    1.44433e+05    2.03157e+04    3.72938e+04   -2.76351e+05
     Coulomb-14        LJ (SR)   Coulomb (SR)   COM Pull En.      Potential
    0.00000e+00   -4.98746e+06   -3.80948e+04    4.31003e+05   -4.04647e+06
    Kinetic En.   Total Energy  Conserved En.    Temperature Pressure (bar)
    8.10425e+05   -3.23605e+06   -2.29467e+06    3.03886e+02   -1.46085e+03
   Constr. rmsd
    1.79647e-05

           Step           Time
         149000      819.50000

   Energies (kJ/mol)
           Bond          Angle       G96Angle    Proper Dih.          LJ-14
    6.23530e+05    1.44683e+05    2.02916e+04    3.73251e+04   -2.76179e+05
     Coulomb-14        LJ (SR)   Coulomb (SR)   COM Pull En.      Potential
    0.00000e+00   -4.98676e+06   -3.80940e+04    4.29677e+05   -4.04553e+06
    Kinetic En.   Total Energy  Conserved En.    Temperature Pressure (bar)
    8.07301e+05   -3.23822e+06   -2.29316e+06    3.02715e+02   -1.47877e+03
   Constr. rmsd
    1.79265e-05

           Step           Time
         150000      825.00000

   Energies (kJ/mol)
           Bond          Angle       G96Angle    Proper Dih.          LJ-14
    6.23516e+05    1.46096e+05    2.02751e+04    3.76304e+04   -2.76473e+05
     Coulomb-14        LJ (SR)   Coulomb (SR)   COM Pull En.      Potential
    0.00000e+00   -4.98519e+06   -3.81768e+04    4.29163e+05   -4.04316e+06
    Kinetic En.   Total Energy  Conserved En.    Temperature Pressure (bar)
    8.10448e+05   -3.23271e+06   -2.29098e+06    3.03895e+02   -1.47469e+03
   Constr. rmsd
    1.81659e-05

           Step           Time
         151000      830.50000

   Energies (kJ/mol)
           Bond          Angle       G96Angle    Proper Dih.          LJ-14
    6.21223e+05    1.45180e+05    2.03278e+04    3.75279e+04   -2.76100e+05
     Coulomb-14        LJ (SR)   Coulomb (SR)   COM Pull En.      Potential
    0.00000e+00   -4.98569e+06   -3.80661e+04    4.32127e+05   -4.04347e+06
    Kinetic En.   Total Energy  Conserved En.    Temperature Pressure (bar)
    8.12563e+05   -3.23091e+06   -2.28992e+06    3.04688e+02   -1.47357e+03
   Constr. rmsd
    1.68817e-05

           Step           Time
         152000      836.00000

   Energies (kJ/mol)
           Bond          Angle       G96Angle    Proper Dih.          LJ-14
    6.23750e+05    1.45127e+05    2.02880e+04    3.75908e+04   -2.76478e+05
     Coulomb-14        LJ (SR)   Coulomb (SR)   COM Pull En.      Potential
    0.00000e+00   -4.98605e+06   -3.80622e+04    4.29031e+05   -4.04480e+06
    Kinetic En.   Total Energy  Conserved En.    Temperature Pressure (bar)
    8.08584e+05   -3.23622e+06   -2.29049e+06    3.03196e+02   -1.46397e+03
   Constr. rmsd
    1.96419e-05

           Step           Time
         153000      841.50000

   Energies (kJ/mol)
           Bond          Angle       G96Angle    Proper Dih.          LJ-14
    6.23229e+05    1.45680e+05    2.03307e+04    3.73223e+04   -2.76033e+05
     Coulomb-14        LJ (SR)   Coulomb (SR)   COM Pull En.      Potential
    0.00000e+00   -4.98450e+06   -3.81870e+04    4.29295e+05   -4.04286e+06
    Kinetic En.   Total Energy  Conserved En.    Temperature Pressure (bar)
    8.11324e+05   -3.23154e+06   -2.28913e+06    3.04224e+02   -1.46403e+03
   Constr. rmsd
    1.94816e-05

           Step           Time
         154000      847.00000

   Energies (kJ/mol)
           Bond          Angle       G96Angle    Proper Dih.          LJ-14
    6.26862e+05    1.45388e+05    1.99556e+04    3.74914e+04   -2.76451e+05
     Coulomb-14        LJ (SR)   Coulomb (SR)   COM Pull En.      Potential
    0.00000e+00   -4.98249e+06   -3.81471e+04    4.27045e+05   -4.04035e+06
    Kinetic En.   Total Energy  Conserved En.    Temperature Pressure (bar)
    8.11345e+05   -3.22900e+06   -2.28666e+06    3.04231e+02   -1.46335e+03
   Constr. rmsd
    1.70043e-05

           Step           Time
         155000      852.50000

   Energies (kJ/mol)
           Bond          Angle       G96Angle    Proper Dih.          LJ-14
    6.26184e+05    1.45451e+05    2.03950e+04    3.77050e+04   -2.75776e+05
     Coulomb-14        LJ (SR)   Coulomb (SR)   COM Pull En.      Potential
    0.00000e+00   -4.98434e+06   -3.80270e+04    4.28736e+05   -4.03968e+06
    Kinetic En.   Total Energy  Conserved En.    Temperature Pressure (bar)
    8.13216e+05   -3.22646e+06   -2.27571e+06    3.04933e+02   -1.47881e+03
   Constr. rmsd
    1.74330e-05

           Step           Time
         156000      858.00000

   Energies (kJ/mol)
           Bond          Angle       G96Angle    Proper Dih.          LJ-14
    6.26524e+05    1.45625e+05    2.03918e+04    3.75633e+04   -2.75872e+05
     Coulomb-14        LJ (SR)   Coulomb (SR)   COM Pull En.      Potential
    0.00000e+00   -4.98178e+06   -3.81489e+04    4.27275e+05   -4.03842e+06
    Kinetic En.   Total Energy  Conserved En.    Temperature Pressure (bar)
    8.11409e+05   -3.22701e+06   -2.27404e+06    3.04255e+02   -1.48135e+03
   Constr. rmsd
    1.63519e-05

           Step           Time
         157000      863.50000

   Energies (kJ/mol)
           Bond          Angle       G96Angle    Proper Dih.          LJ-14
    6.25192e+05    1.45355e+05    2.00514e+04    3.75792e+04   -2.76052e+05
     Coulomb-14        LJ (SR)   Coulomb (SR)   COM Pull En.      Potential
    0.00000e+00   -4.98298e+06   -3.81675e+04    4.29516e+05   -4.03950e+06
    Kinetic En.   Total Energy  Conserved En.    Temperature Pressure (bar)
    8.09609e+05   -3.22989e+06   -2.26973e+06    3.03581e+02   -1.49369e+03
   Constr. rmsd
    1.67980e-05

           Step           Time
         158000      869.00000

   Energies (kJ/mol)
           Bond          Angle       G96Angle    Proper Dih.          LJ-14
    6.28926e+05    1.45226e+05    2.02193e+04    3.72400e+04   -2.76999e+05
     Coulomb-14        LJ (SR)   Coulomb (SR)   COM Pull En.      Potential
    0.00000e+00   -4.98268e+06   -3.82061e+04    4.27019e+05   -4.03926e+06
    Kinetic En.   Total Energy  Conserved En.    Temperature Pressure (bar)
    8.05381e+05   -3.23388e+06   -2.26719e+06    3.01995e+02   -1.51154e+03
   Constr. rmsd
    1.68532e-05

           Step           Time
         159000      874.50000

   Energies (kJ/mol)
           Bond          Angle       G96Angle    Proper Dih.          LJ-14
    6.27656e+05    1.45644e+05    2.01392e+04    3.76588e+04   -2.76331e+05
     Coulomb-14        LJ (SR)   Coulomb (SR)   COM Pull En.      Potential
    0.00000e+00   -4.98354e+06   -3.82513e+04    4.28124e+05   -4.03890e+06
    Kinetic En.   Total Energy  Conserved En.    Temperature Pressure (bar)
    8.06738e+05   -3.23216e+06   -2.26604e+06    3.02504e+02   -1.52120e+03
   Constr. rmsd
    1.83554e-05

           Step           Time
         160000      880.00000

   Energies (kJ/mol)
           Bond          Angle       G96Angle    Proper Dih.          LJ-14
    6.24952e+05    1.45900e+05    2.00959e+04    3.76192e+04   -2.76124e+05
     Coulomb-14        LJ (SR)   Coulomb (SR)   COM Pull En.      Potential
    0.00000e+00   -4.98224e+06   -3.80558e+04    4.29236e+05   -4.03862e+06
    Kinetic En.   Total Energy  Conserved En.    Temperature Pressure (bar)
    8.10144e+05   -3.22847e+06   -2.26640e+06    3.03781e+02   -1.48981e+03
   Constr. rmsd
    1.77122e-05

           Step           Time
         161000      885.50000

   Energies (kJ/mol)
           Bond          Angle       G96Angle    Proper Dih.          LJ-14
    6.26470e+05    1.44919e+05    2.03342e+04    3.75463e+04   -2.75912e+05
     Coulomb-14        LJ (SR)   Coulomb (SR)   COM Pull En.      Potential
    0.00000e+00   -4.98584e+06   -3.81935e+04    4.25914e+05   -4.04476e+06
    Kinetic En.   Total Energy  Conserved En.    Temperature Pressure (bar)
    8.07916e+05   -3.23684e+06   -2.26681e+06    3.02946e+02   -1.48213e+03
   Constr. rmsd
    1.72430e-05

           Step           Time
         162000      891.00000

   Energies (kJ/mol)
           Bond          Angle       G96Angle    Proper Dih.          LJ-14
    6.25276e+05    1.45085e+05    2.01740e+04    3.73767e+04   -2.75953e+05
     Coulomb-14        LJ (SR)   Coulomb (SR)   COM Pull En.      Potential
    0.00000e+00   -4.98738e+06   -3.82173e+04    4.26006e+05   -4.04764e+06
    Kinetic En.   Total Energy  Conserved En.    Temperature Pressure (bar)
    8.11707e+05   -3.23593e+06   -2.26468e+06    3.04367e+02   -1.47160e+03
   Constr. rmsd
    1.89469e-05

           Step           Time
         163000      896.50000

   Energies (kJ/mol)
           Bond          Angle       G96Angle    Proper Dih.          LJ-14
    6.28921e+05    1.44087e+05    2.02104e+04    3.74233e+04   -2.76068e+05
     Coulomb-14        LJ (SR)   Coulomb (SR)   COM Pull En.      Potential
    0.00000e+00   -4.98698e+06   -3.82470e+04    4.24850e+05   -4.04580e+06
    Kinetic En.   Total Energy  Conserved En.    Temperature Pressure (bar)
    8.10756e+05   -3.23505e+06   -2.26020e+06    3.04010e+02   -1.48097e+03
   Constr. rmsd
    1.52156e-05

           Step           Time
         164000      902.00000

   Energies (kJ/mol)
           Bond          Angle       G96Angle    Proper Dih.          LJ-14
    6.28134e+05    1.44982e+05    2.00426e+04    3.77580e+04   -2.76077e+05
     Coulomb-14        LJ (SR)   Coulomb (SR)   COM Pull En.      Potential
    0.00000e+00   -4.98543e+06   -3.82773e+04    4.23569e+05   -4.04530e+06
    Kinetic En.   Total Energy  Conserved En.    Temperature Pressure (bar)
    8.09617e+05   -3.23568e+06   -2.25890e+06    3.03583e+02   -1.48343e+03
   Constr. rmsd
    1.69079e-05

           Step           Time
         165000      907.50000

   Energies (kJ/mol)
           Bond          Angle       G96Angle    Proper Dih.          LJ-14
    6.26159e+05    1.45606e+05    2.02267e+04    3.75920e+04   -2.76300e+05
     Coulomb-14        LJ (SR)   Coulomb (SR)   COM Pull En.      Potential
    0.00000e+00   -4.98577e+06   -3.80911e+04    4.24315e+05   -4.04626e+06
    Kinetic En.   Total Energy  Conserved En.    Temperature Pressure (bar)
    8.07856e+05   -3.23841e+06   -2.25810e+06    3.02923e+02   -1.47662e+03
   Constr. rmsd
    1.84369e-05

           Step           Time
         166000      913.00000

   Energies (kJ/mol)
           Bond          Angle       G96Angle    Proper Dih.          LJ-14
    6.27302e+05    1.45037e+05    1.99672e+04    3.76064e+04   -2.76749e+05
     Coulomb-14        LJ (SR)   Coulomb (SR)   COM Pull En.      Potential
    0.00000e+00   -4.98640e+06   -3.83228e+04    4.23707e+05   -4.04785e+06
    Kinetic En.   Total Energy  Conserved En.    Temperature Pressure (bar)
    8.08526e+05   -3.23932e+06   -2.25720e+06    3.03174e+02   -1.48065e+03
   Constr. rmsd
    1.79542e-05

           Step           Time
         167000      918.50000

   Energies (kJ/mol)
           Bond          Angle       G96Angle    Proper Dih.          LJ-14
    6.28229e+05    1.45409e+05    1.99203e+04    3.72566e+04   -2.76502e+05
     Coulomb-14        LJ (SR)   Coulomb (SR)   COM Pull En.      Potential
    0.00000e+00   -4.98711e+06   -3.82355e+04    4.23095e+05   -4.04794e+06
    Kinetic En.   Total Energy  Conserved En.    Temperature Pressure (bar)
    8.05594e+05   -3.24235e+06   -2.25645e+06    3.02075e+02   -1.49574e+03
   Constr. rmsd
    1.56939e-05

           Step           Time
         168000      924.00000

   Energies (kJ/mol)
           Bond          Angle       G96Angle    Proper Dih.          LJ-14
    6.30897e+05    1.44510e+05    2.01470e+04    3.75821e+04   -2.76712e+05
     Coulomb-14        LJ (SR)   Coulomb (SR)   COM Pull En.      Potential
    0.00000e+00   -4.98462e+06   -3.83201e+04    4.22636e+05   -4.04388e+06
    Kinetic En.   Total Energy  Conserved En.    Temperature Pressure (bar)
    8.05886e+05   -3.23799e+06   -2.25498e+06    3.02184e+02   -1.50831e+03
   Constr. rmsd
    1.83518e-05

           Step           Time
         169000      929.50000

   Energies (kJ/mol)
           Bond          Angle       G96Angle    Proper Dih.          LJ-14
    6.32276e+05    1.45340e+05    2.01547e+04    3.79379e+04   -2.75820e+05
     Coulomb-14        LJ (SR)   Coulomb (SR)   COM Pull En.      Potential
    0.00000e+00   -4.98398e+06   -3.83444e+04    4.20526e+05   -4.04191e+06
    Kinetic En.   Total Energy  Conserved En.    Temperature Pressure (bar)
    8.07588e+05   -3.23433e+06   -2.25408e+06    3.02822e+02   -1.50755e+03
   Constr. rmsd
    1.74849e-05

           Step           Time
         170000      935.00000

   Energies (kJ/mol)
           Bond          Angle       G96Angle    Proper Dih.          LJ-14
    6.31512e+05    1.46783e+05    2.02088e+04    3.78328e+04   -2.76235e+05
     Coulomb-14        LJ (SR)   Coulomb (SR)   COM Pull En.      Potential
    0.00000e+00   -4.98004e+06   -3.81513e+04    4.22214e+05   -4.03587e+06
    Kinetic En.   Total Energy  Conserved En.    Temperature Pressure (bar)
    8.05005e+05   -3.23087e+06   -2.25127e+06    3.01854e+02   -1.52199e+03
   Constr. rmsd
    1.90846e-05

           Step           Time
         171000      940.50000

   Energies (kJ/mol)
           Bond          Angle       G96Angle    Proper Dih.          LJ-14
    6.31589e+05    1.44821e+05    2.03634e+04    3.69450e+04   -2.76107e+05
     Coulomb-14        LJ (SR)   Coulomb (SR)   COM Pull En.      Potential
    0.00000e+00   -4.98260e+06   -3.81971e+04    4.22294e+05   -4.04089e+06
    Kinetic En.   Total Energy  Conserved En.    Temperature Pressure (bar)
    8.06513e+05   -3.23438e+06   -2.25230e+06    3.02420e+02   -1.51217e+03
   Constr. rmsd
    1.89154e-05

           Step           Time
         172000      946.00000

   Energies (kJ/mol)
           Bond          Angle       G96Angle    Proper Dih.          LJ-14
    6.32890e+05    1.45305e+05    2.01015e+04    3.73514e+04   -2.76149e+05
     Coulomb-14        LJ (SR)   Coulomb (SR)   COM Pull En.      Potential
    0.00000e+00   -4.98113e+06   -3.82351e+04    4.20105e+05   -4.03976e+06
    Kinetic En.   Total Energy  Conserved En.    Temperature Pressure (bar)
    8.08700e+05   -3.23106e+06   -2.25185e+06    3.03240e+02   -1.50769e+03
   Constr. rmsd
    1.62573e-05

           Step           Time
         173000      951.50000

   Energies (kJ/mol)
           Bond          Angle       G96Angle    Proper Dih.          LJ-14
    6.29272e+05    1.45943e+05    2.02003e+04    3.72039e+04   -2.76323e+05
     Coulomb-14        LJ (SR)   Coulomb (SR)   COM Pull En.      Potential
    0.00000e+00   -4.98339e+06   -3.82592e+04    4.21861e+05   -4.04349e+06
    Kinetic En.   Total Energy  Conserved En.    Temperature Pressure (bar)
    8.09089e+05   -3.23440e+06   -2.25174e+06    3.03385e+02   -1.50638e+03
   Constr. rmsd
    2.06404e-05

           Step           Time
         174000      957.00000

   Energies (kJ/mol)
           Bond          Angle       G96Angle    Proper Dih.          LJ-14
    6.30220e+05    1.45056e+05    2.02759e+04    3.71086e+04   -2.76043e+05
     Coulomb-14        LJ (SR)   Coulomb (SR)   COM Pull En.      Potential
    0.00000e+00   -4.98457e+06   -3.82466e+04    4.21670e+05   -4.04453e+06
    Kinetic En.   Total Energy  Conserved En.    Temperature Pressure (bar)
    8.08538e+05   -3.23599e+06   -2.25104e+06    3.03179e+02   -1.49747e+03
   Constr. rmsd
    1.79673e-05

           Step           Time
         175000      962.50000

   Energies (kJ/mol)
           Bond          Angle       G96Angle    Proper Dih.          LJ-14
    6.30600e+05    1.45642e+05    1.99654e+04    3.73017e+04   -2.76250e+05
     Coulomb-14        LJ (SR)   Coulomb (SR)   COM Pull En.      Potential
    0.00000e+00   -4.98207e+06   -3.81530e+04    4.21206e+05   -4.04176e+06
    Kinetic En.   Total Energy  Conserved En.    Temperature Pressure (bar)
    8.08103e+05   -3.23366e+06   -2.24924e+06    3.03016e+02   -1.49974e+03
   Constr. rmsd
    1.71794e-05

           Step           Time
         176000      968.00000

   Energies (kJ/mol)
           Bond          Angle       G96Angle    Proper Dih.          LJ-14
    6.27455e+05    1.45262e+05    2.03391e+04    3.73279e+04   -2.76290e+05
     Coulomb-14        LJ (SR)   Coulomb (SR)   COM Pull En.      Potential
    0.00000e+00   -4.98382e+06   -3.81067e+04    4.23287e+05   -4.04454e+06
    Kinetic En.   Total Energy  Conserved En.    Temperature Pressure (bar)
    8.06832e+05   -3.23771e+06   -2.24972e+06    3.02539e+02   -1.48818e+03
   Constr. rmsd
    1.73627e-05

           Step           Time
         177000      973.50000

   Energies (kJ/mol)
           Bond          Angle       G96Angle    Proper Dih.          LJ-14
    6.28651e+05    1.44723e+05    2.01372e+04    3.71823e+04   -2.76548e+05
     Coulomb-14        LJ (SR)   Coulomb (SR)   COM Pull En.      Potential
    0.00000e+00   -4.98445e+06   -3.80805e+04    4.22809e+05   -4.04558e+06
    Kinetic En.   Total Energy  Conserved En.    Temperature Pressure (bar)
    8.07853e+05   -3.23773e+06   -2.24961e+06    3.02922e+02   -1.48512e+03
   Constr. rmsd
    1.92375e-05

           Step           Time
         178000      979.00000

   Energies (kJ/mol)
           Bond          Angle       G96Angle    Proper Dih.          LJ-14
    6.29162e+05    1.45574e+05    2.01161e+04    3.75233e+04   -2.76163e+05
     Coulomb-14        LJ (SR)   Coulomb (SR)   COM Pull En.      Potential
    0.00000e+00   -4.98030e+06   -3.80646e+04    4.22212e+05   -4.03994e+06
    Kinetic En.   Total Energy  Conserved En.    Temperature Pressure (bar)
    8.06119e+05   -3.23382e+06   -2.24759e+06    3.02272e+02   -1.50092e+03
   Constr. rmsd
    1.92363e-05

           Step           Time
         179000      984.50000

   Energies (kJ/mol)
           Bond          Angle       G96Angle    Proper Dih.          LJ-14
    6.30278e+05    1.45477e+05    2.00193e+04    3.71380e+04   -2.76465e+05
     Coulomb-14        LJ (SR)   Coulomb (SR)   COM Pull En.      Potential
    0.00000e+00   -4.98104e+06   -3.80777e+04    4.21353e+05   -4.04131e+06
    Kinetic En.   Total Energy  Conserved En.    Temperature Pressure (bar)
    8.06105e+05   -3.23521e+06   -2.24661e+06    3.02266e+02   -1.50249e+03
   Constr. rmsd
    1.85006e-05

           Step           Time
         180000      990.00000

   Energies (kJ/mol)
           Bond          Angle       G96Angle    Proper Dih.          LJ-14
    6.29540e+05    1.45368e+05    2.01074e+04    3.74295e+04   -2.75835e+05
     Coulomb-14        LJ (SR)   Coulomb (SR)   COM Pull En.      Potential
    0.00000e+00   -4.98167e+06   -3.81245e+04    4.21534e+05   -4.04166e+06
    Kinetic En.   Total Energy  Conserved En.    Temperature Pressure (bar)
    8.06219e+05   -3.23544e+06   -2.24623e+06    3.02309e+02   -1.50250e+03
   Constr. rmsd
    1.84166e-05

           Step           Time
         181000      995.50000

   Energies (kJ/mol)
           Bond          Angle       G96Angle    Proper Dih.          LJ-14
    6.27751e+05    1.44867e+05    2.02700e+04    3.78192e+04   -2.75810e+05
     Coulomb-14        LJ (SR)   Coulomb (SR)   COM Pull En.      Potential
    0.00000e+00   -4.98559e+06   -3.81527e+04    4.23222e+05   -4.04562e+06
    Kinetic En.   Total Energy  Conserved En.    Temperature Pressure (bar)
    8.07072e+05   -3.23855e+06   -2.24644e+06    3.02629e+02   -1.49858e+03
   Constr. rmsd
    1.78372e-05

           Step           Time
         182000     1001.00000

   Energies (kJ/mol)
           Bond          Angle       G96Angle    Proper Dih.          LJ-14
    6.28135e+05    1.45750e+05    1.98523e+04    3.72056e+04   -2.75893e+05
     Coulomb-14        LJ (SR)   Coulomb (SR)   COM Pull En.      Potential
    0.00000e+00   -4.98262e+06   -3.81996e+04    4.22082e+05   -4.04369e+06
    Kinetic En.   Total Energy  Conserved En.    Temperature Pressure (bar)
    8.09097e+05   -3.23459e+06   -2.24542e+06    3.03388e+02   -1.48357e+03
   Constr. rmsd
    1.77346e-05

           Step           Time
         183000     1006.50000

   Energies (kJ/mol)
           Bond          Angle       G96Angle    Proper Dih.          LJ-14
    6.28134e+05    1.45355e+05    2.01609e+04    3.77328e+04   -2.75945e+05
     Coulomb-14        LJ (SR)   Coulomb (SR)   COM Pull En.      Potential
    0.00000e+00   -4.98616e+06   -3.81800e+04    4.21215e+05   -4.04768e+06
    Kinetic En.   Total Energy  Conserved En.    Temperature Pressure (bar)
    8.09323e+05   -3.23836e+06   -2.24485e+06    3.03473e+02   -1.48292e+03
   Constr. rmsd
    1.79930e-05

           Step           Time
         184000     1012.00000

   Energies (kJ/mol)
           Bond          Angle       G96Angle    Proper Dih.          LJ-14
    6.29125e+05    1.45718e+05    1.99354e+04    3.73566e+04   -2.75881e+05
     Coulomb-14        LJ (SR)   Coulomb (SR)   COM Pull En.      Potential
    0.00000e+00   -4.98631e+06   -3.81106e+04    4.20049e+05   -4.04811e+06
    Kinetic En.   Total Energy  Conserved En.    Temperature Pressure (bar)
    8.08818e+05   -3.23930e+06   -2.24491e+06    3.03284e+02   -1.48654e+03
   Constr. rmsd
    2.00342e-05

           Step           Time
         185000     1017.50000

   Energies (kJ/mol)
           Bond          Angle       G96Angle    Proper Dih.          LJ-14
    6.28965e+05    1.44647e+05    2.01590e+04    3.74699e+04   -2.76027e+05
     Coulomb-14        LJ (SR)   Coulomb (SR)   COM Pull En.      Potential
    0.00000e+00   -4.98772e+06   -3.81179e+04    4.19755e+05   -4.05087e+06
    Kinetic En.   Total Energy  Conserved En.    Temperature Pressure (bar)
    8.07171e+05   -3.24370e+06   -2.24518e+06    3.02666e+02   -1.48192e+03
   Constr. rmsd
    1.92324e-05

           Step           Time
         186000     1023.00000

   Energies (kJ/mol)
           Bond          Angle       G96Angle    Proper Dih.          LJ-14
    6.29741e+05    1.45597e+05    1.99811e+04    3.75042e+04   -2.76048e+05
     Coulomb-14        LJ (SR)   Coulomb (SR)   COM Pull En.      Potential
    0.00000e+00   -4.98532e+06   -3.80158e+04    4.20103e+05   -4.04646e+06
    Kinetic En.   Total Energy  Conserved En.    Temperature Pressure (bar)
    8.06738e+05   -3.23972e+06   -2.24314e+06    3.02504e+02   -1.49142e+03
   Constr. rmsd
    1.69466e-05

           Step           Time
         187000     1028.50000

   Energies (kJ/mol)
           Bond          Angle       G96Angle    Proper Dih.          LJ-14
    6.30948e+05    1.45424e+05    1.98107e+04    3.75974e+04   -2.75723e+05
     Coulomb-14        LJ (SR)   Coulomb (SR)   COM Pull En.      Potential
    0.00000e+00   -4.98207e+06   -3.81457e+04    4.20830e+05   -4.04133e+06
    Kinetic En.   Total Energy  Conserved En.    Temperature Pressure (bar)
    8.08202e+05   -3.23313e+06   -2.24005e+06    3.03053e+02   -1.50502e+03
   Constr. rmsd
    1.70450e-05

           Step           Time
         188000     1034.00000

   Energies (kJ/mol)
           Bond          Angle       G96Angle    Proper Dih.          LJ-14
    6.27649e+05    1.45009e+05    1.96818e+04    3.81049e+04   -2.76234e+05
     Coulomb-14        LJ (SR)   Coulomb (SR)   COM Pull En.      Potential
    0.00000e+00   -4.98279e+06   -3.79865e+04    4.22087e+05   -4.04448e+06
    Kinetic En.   Total Energy  Conserved En.    Temperature Pressure (bar)
    8.08774e+05   -3.23571e+06   -2.24151e+06    3.03267e+02   -1.47558e+03
   Constr. rmsd
    1.53320e-05

           Step           Time
         189000     1039.50000

   Energies (kJ/mol)
           Bond          Angle       G96Angle    Proper Dih.          LJ-14
    6.26038e+05    1.45154e+05    2.03016e+04    3.75250e+04   -2.75520e+05
     Coulomb-14        LJ (SR)   Coulomb (SR)   COM Pull En.      Potential
    0.00000e+00   -4.98279e+06   -3.82162e+04    4.22974e+05   -4.04453e+06
    Kinetic En.   Total Energy  Conserved En.    Temperature Pressure (bar)
    8.07042e+05   -3.23749e+06   -2.24136e+06    3.02618e+02   -1.47851e+03
   Constr. rmsd
    1.67220e-05

           Step           Time
         190000     1045.00000

   Energies (kJ/mol)
           Bond          Angle       G96Angle    Proper Dih.          LJ-14
    6.26561e+05    1.45047e+05    2.00673e+04    3.80172e+04   -2.76622e+05
     Coulomb-14        LJ (SR)   Coulomb (SR)   COM Pull En.      Potential
    0.00000e+00   -4.98631e+06   -3.79378e+04    4.23807e+05   -4.04737e+06
    Kinetic En.   Total Energy  Conserved En.    Temperature Pressure (bar)
    8.10285e+05   -3.23708e+06   -2.24022e+06    3.03834e+02   -1.50070e+03
   Constr. rmsd
    1.81492e-05

           Step           Time
         191000     1050.50000

   Energies (kJ/mol)
           Bond          Angle       G96Angle    Proper Dih.          LJ-14
    6.25995e+05    1.45919e+05    2.00740e+04    3.81865e+04   -2.76249e+05
     Coulomb-14        LJ (SR)   Coulomb (SR)   COM Pull En.      Potential
    0.00000e+00   -4.98430e+06   -3.80830e+04    4.24168e+05   -4.04429e+06
    Kinetic En.   Total Energy  Conserved En.    Temperature Pressure (bar)
    8.07357e+05   -3.23694e+06   -2.23845e+06    3.02736e+02   -1.50595e+03
   Constr. rmsd
    1.83873e-05

           Step           Time
         192000     1056.00000

   Energies (kJ/mol)
           Bond          Angle       G96Angle    Proper Dih.          LJ-14
    6.27919e+05    1.44638e+05    2.02002e+04    3.74823e+04   -2.76033e+05
     Coulomb-14        LJ (SR)   Coulomb (SR)   COM Pull En.      Potential
    0.00000e+00   -4.98818e+06   -3.80052e+04    4.21263e+05   -4.05071e+06
    Kinetic En.   Total Energy  Conserved En.    Temperature Pressure (bar)
    8.06531e+05   -3.24418e+06   -2.24000e+06    3.02426e+02   -1.50606e+03
   Constr. rmsd
    1.77430e-05

           Step           Time
         193000     1061.50000

   Energies (kJ/mol)
           Bond          Angle       G96Angle    Proper Dih.          LJ-14
    6.28808e+05    1.45037e+05    2.01815e+04    3.79164e+04   -2.75897e+05
     Coulomb-14        LJ (SR)   Coulomb (SR)   COM Pull En.      Potential
    0.00000e+00   -4.98778e+06   -3.81023e+04    4.19703e+05   -4.05014e+06
    Kinetic En.   Total Energy  Conserved En.    Temperature Pressure (bar)
    8.13814e+05   -3.23633e+06   -2.23736e+06    3.05157e+02   -1.48271e+03
   Constr. rmsd
    1.84025e-05

           Step           Time
         194000     1067.00000

   Energies (kJ/mol)
           Bond          Angle       G96Angle    Proper Dih.          LJ-14
    6.29028e+05    1.45231e+05    1.99939e+04    3.78465e+04   -2.75484e+05
     Coulomb-14        LJ (SR)   Coulomb (SR)   COM Pull En.      Potential
    0.00000e+00   -4.98558e+06   -3.81349e+04    4.19468e+05   -4.04764e+06
    Kinetic En.   Total Energy  Conserved En.    Temperature Pressure (bar)
    8.08464e+05   -3.23917e+06   -2.23629e+06    3.03151e+02   -1.47524e+03
   Constr. rmsd
    1.80118e-05

           Step           Time
         195000     1072.50000

   Energies (kJ/mol)
           Bond          Angle       G96Angle    Proper Dih.          LJ-14
    6.28124e+05    1.44796e+05    2.00330e+04    3.79671e+04   -2.76082e+05
     Coulomb-14        LJ (SR)   Coulomb (SR)   COM Pull En.      Potential
    0.00000e+00   -4.98461e+06   -3.81456e+04    4.21059e+05   -4.04686e+06
    Kinetic En.   Total Energy  Conserved En.    Temperature Pressure (bar)
    8.08516e+05   -3.23834e+06   -2.23294e+06    3.03171e+02   -1.48558e+03
   Constr. rmsd
    1.75109e-05

           Step           Time
         196000     1078.00000

   Energies (kJ/mol)
           Bond          Angle       G96Angle    Proper Dih.          LJ-14
    6.31093e+05    1.44991e+05    2.04157e+04    3.79122e+04   -2.75999e+05
     Coulomb-14        LJ (SR)   Coulomb (SR)   COM Pull En.      Potential
    0.00000e+00   -4.98276e+06   -3.80313e+04    4.18840e+05   -4.04354e+06
    Kinetic En.   Total Energy  Conserved En.    Temperature Pressure (bar)
    8.09867e+05   -3.23367e+06   -2.23127e+06    3.03677e+02   -1.49460e+03
   Constr. rmsd
    1.81842e-05

           Step           Time
         197000     1083.50000

   Energies (kJ/mol)
           Bond          Angle       G96Angle    Proper Dih.          LJ-14
    6.31871e+05    1.45711e+05    2.02809e+04    3.75983e+04   -2.75830e+05
     Coulomb-14        LJ (SR)   Coulomb (SR)   COM Pull En.      Potential
    0.00000e+00   -4.98194e+06   -3.81639e+04    4.17527e+05   -4.04294e+06
    Kinetic En.   Total Energy  Conserved En.    Temperature Pressure (bar)
    8.07922e+05   -3.23502e+06   -2.23029e+06    3.02948e+02   -1.50815e+03
   Constr. rmsd
    1.73742e-05

           Step           Time
         198000     1089.00000

   Energies (kJ/mol)
           Bond          Angle       G96Angle    Proper Dih.          LJ-14
    6.34206e+05    1.44771e+05    2.02302e+04    3.73437e+04   -2.75645e+05
     Coulomb-14        LJ (SR)   Coulomb (SR)   COM Pull En.      Potential
    0.00000e+00   -4.98125e+06   -3.82816e+04    4.17282e+05   -4.04135e+06
    Kinetic En.   Total Energy  Conserved En.    Temperature Pressure (bar)
    8.05803e+05   -3.23554e+06   -2.22698e+06    3.02153e+02   -1.50923e+03
   Constr. rmsd
    1.71695e-05

           Step           Time
         199000     1094.50000

   Energies (kJ/mol)
           Bond          Angle       G96Angle    Proper Dih.          LJ-14
    6.32894e+05    1.44953e+05    2.02469e+04    3.79813e+04   -2.76044e+05
     Coulomb-14        LJ (SR)   Coulomb (SR)   COM Pull En.      Potential
    0.00000e+00   -4.98070e+06   -3.82246e+04    4.18722e+05   -4.04017e+06
    Kinetic En.   Total Energy  Conserved En.    Temperature Pressure (bar)
    8.07056e+05   -3.23311e+06   -2.22408e+06    3.02623e+02   -1.52248e+03
   Constr. rmsd
    1.77190e-05

           Step           Time
         200000     1100.00000

   Energies (kJ/mol)
           Bond          Angle       G96Angle    Proper Dih.          LJ-14
    6.32823e+05    1.45635e+05    1.98524e+04    3.77848e+04   -2.75504e+05
     Coulomb-14        LJ (SR)   Coulomb (SR)   COM Pull En.      Potential
    0.00000e+00   -4.97994e+06   -3.83445e+04    4.19061e+05   -4.03863e+06
    Kinetic En.   Total Energy  Conserved En.    Temperature Pressure (bar)
    8.06138e+05   -3.23250e+06   -2.22220e+06    3.02279e+02   -1.51267e+03
   Constr. rmsd
    1.74399e-05

           Step           Time
         201000     1105.50000

   Energies (kJ/mol)
           Bond          Angle       G96Angle    Proper Dih.          LJ-14
    6.31579e+05    1.45463e+05    1.99963e+04    3.78012e+04   -2.75967e+05
     Coulomb-14        LJ (SR)   Coulomb (SR)   COM Pull En.      Potential
    0.00000e+00   -4.97757e+06   -3.81610e+04    4.19487e+05   -4.03737e+06
    Kinetic En.   Total Energy  Conserved En.    Temperature Pressure (bar)
    8.09579e+05   -3.22779e+06   -2.22167e+06    3.03569e+02   -1.49756e+03
   Constr. rmsd
    1.63894e-05

           Step           Time
         202000     1111.00000

   Energies (kJ/mol)
           Bond          Angle       G96Angle    Proper Dih.          LJ-14
    6.32284e+05    1.44989e+05    1.98410e+04    3.80588e+04   -2.76093e+05
     Coulomb-14        LJ (SR)   Coulomb (SR)   COM Pull En.      Potential
    0.00000e+00   -4.98355e+06   -3.82835e+04    4.17753e+05   -4.04500e+06
    Kinetic En.   Total Energy  Conserved En.    Temperature Pressure (bar)
    8.08602e+05   -3.23640e+06   -2.22226e+06    3.03203e+02   -1.50618e+03
   Constr. rmsd
    1.98335e-05

           Step           Time
         203000     1116.50000

   Energies (kJ/mol)
           Bond          Angle       G96Angle    Proper Dih.          LJ-14
    6.33832e+05    1.45862e+05    2.01787e+04    3.76867e+04   -2.75976e+05
     Coulomb-14        LJ (SR)   Coulomb (SR)   COM Pull En.      Potential
    0.00000e+00   -4.98531e+06   -3.82807e+04    4.15525e+05   -4.04648e+06
    Kinetic En.   Total Energy  Conserved En.    Temperature Pressure (bar)
    8.06316e+05   -3.24016e+06   -2.22117e+06    3.02346e+02   -1.51425e+03
   Constr. rmsd
    1.68689e-05

           Step           Time
         204000     1122.00000

   Energies (kJ/mol)
           Bond          Angle       G96Angle    Proper Dih.          LJ-14
    6.35613e+05    1.44674e+05    2.02303e+04    3.77121e+04   -2.75901e+05
     Coulomb-14        LJ (SR)   Coulomb (SR)   COM Pull En.      Potential
    0.00000e+00   -4.97883e+06   -3.82784e+04    4.15885e+05   -4.03890e+06
    Kinetic En.   Total Energy  Conserved En.    Temperature Pressure (bar)
    8.05344e+05   -3.23355e+06   -2.21834e+06    3.01981e+02   -1.51858e+03
   Constr. rmsd
    1.73028e-05

           Step           Time
         205000     1127.50000

   Energies (kJ/mol)
           Bond          Angle       G96Angle    Proper Dih.          LJ-14
    6.33672e+05    1.45635e+05    1.99328e+04    3.70371e+04   -2.75316e+05
     Coulomb-14        LJ (SR)   Coulomb (SR)   COM Pull En.      Potential
    0.00000e+00   -4.97993e+06   -3.83487e+04    4.17419e+05   -4.03990e+06
    Kinetic En.   Total Energy  Conserved En.    Temperature Pressure (bar)
    8.03542e+05   -3.23636e+06   -2.21586e+06    3.01306e+02   -1.52240e+03
   Constr. rmsd
    1.56104e-05

           Step           Time
         206000     1133.00000

   Energies (kJ/mol)
           Bond          Angle       G96Angle    Proper Dih.          LJ-14
    6.34223e+05    1.45480e+05    1.98930e+04    3.81130e+04   -2.75649e+05
     Coulomb-14        LJ (SR)   Coulomb (SR)   COM Pull En.      Potential
    0.00000e+00   -4.98098e+06   -3.82905e+04    4.15893e+05   -4.04132e+06
    Kinetic En.   Total Energy  Conserved En.    Temperature Pressure (bar)
    8.02324e+05   -3.23899e+06   -2.21578e+06    3.00849e+02   -1.53017e+03
   Constr. rmsd
    1.70475e-05

           Step           Time
         207000     1138.50000

   Energies (kJ/mol)
           Bond          Angle       G96Angle    Proper Dih.          LJ-14
    6.37159e+05    1.45450e+05    2.03191e+04    3.78040e+04   -2.75698e+05
     Coulomb-14        LJ (SR)   Coulomb (SR)   COM Pull En.      Potential
    0.00000e+00   -4.98037e+06   -3.82933e+04    4.14217e+05   -4.03941e+06
    Kinetic En.   Total Energy  Conserved En.    Temperature Pressure (bar)
    8.03215e+05   -3.23620e+06   -2.21399e+06    3.01183e+02   -1.54002e+03
   Constr. rmsd
    1.60446e-05

           Step           Time
         208000     1144.00000

   Energies (kJ/mol)
           Bond          Angle       G96Angle    Proper Dih.          LJ-14
    6.33693e+05    1.45084e+05    2.01388e+04    3.76420e+04   -2.75816e+05
     Coulomb-14        LJ (SR)   Coulomb (SR)   COM Pull En.      Potential
    0.00000e+00   -4.98263e+06   -3.83305e+04    4.15951e+05   -4.04427e+06
    Kinetic En.   Total Energy  Conserved En.    Temperature Pressure (bar)
    8.04169e+05   -3.24010e+06   -2.21506e+06    3.01541e+02   -1.52906e+03
   Constr. rmsd
    1.71670e-05

           Step           Time
         209000     1149.50000

   Energies (kJ/mol)
           Bond          Angle       G96Angle    Proper Dih.          LJ-14
    6.31471e+05    1.44763e+05    2.01693e+04    3.76470e+04   -2.75502e+05
     Coulomb-14        LJ (SR)   Coulomb (SR)   COM Pull En.      Potential
    0.00000e+00   -4.98277e+06   -3.83075e+04    4.17291e+05   -4.04524e+06
    Kinetic En.   Total Energy  Conserved En.    Temperature Pressure (bar)
    8.03787e+05   -3.24145e+06   -2.21582e+06    3.01397e+02   -1.50974e+03
   Constr. rmsd
    2.08155e-05

           Step           Time
         210000     1155.00000

   Energies (kJ/mol)
           Bond          Angle       G96Angle    Proper Dih.          LJ-14
    6.31659e+05    1.44448e+05    1.98402e+04    3.77378e+04   -2.75630e+05
     Coulomb-14        LJ (SR)   Coulomb (SR)   COM Pull En.      Potential
    0.00000e+00   -4.98671e+06   -3.83275e+04    4.16276e+05   -4.05070e+06
    Kinetic En.   Total Energy  Conserved En.    Temperature Pressure (bar)
    8.05706e+05   -3.24499e+06   -2.21473e+06    3.02117e+02   -1.49864e+03
   Constr. rmsd
    1.72735e-05

           Step           Time
         211000     1160.50000

   Energies (kJ/mol)
           Bond          Angle       G96Angle    Proper Dih.          LJ-14
    6.30690e+05    1.44450e+05    2.03482e+04    3.76868e+04   -2.75834e+05
     Coulomb-14        LJ (SR)   Coulomb (SR)   COM Pull En.      Potential
    0.00000e+00   -4.98715e+06   -3.84854e+04    4.15695e+05   -4.05260e+06
    Kinetic En.   Total Energy  Conserved En.    Temperature Pressure (bar)
    8.06954e+05   -3.24564e+06   -2.21489e+06    3.02585e+02   -1.48684e+03
   Constr. rmsd
    1.82761e-05

           Step           Time
         212000     1166.00000

   Energies (kJ/mol)
           Bond          Angle       G96Angle    Proper Dih.          LJ-14
    6.31266e+05    1.45097e+05    2.00686e+04    3.76624e+04   -2.75978e+05
     Coulomb-14        LJ (SR)   Coulomb (SR)   COM Pull En.      Potential
    0.00000e+00   -4.98691e+06   -3.82827e+04    4.15219e+05   -4.05186e+06
    Kinetic En.   Total Energy  Conserved En.    Temperature Pressure (bar)
    8.06660e+05   -3.24520e+06   -2.21372e+06    3.02475e+02   -1.49007e+03
   Constr. rmsd
    1.91693e-05

           Step           Time
         213000     1171.50000

   Energies (kJ/mol)
           Bond          Angle       G96Angle    Proper Dih.          LJ-14
    6.31965e+05    1.44932e+05    2.00922e+04    3.78577e+04   -2.76042e+05
     Coulomb-14        LJ (SR)   Coulomb (SR)   COM Pull En.      Potential
    0.00000e+00   -4.98706e+06   -3.84129e+04    4.16155e+05   -4.05051e+06
    Kinetic En.   Total Energy  Conserved En.    Temperature Pressure (bar)
    8.06453e+05   -3.24406e+06   -2.21286e+06    3.02397e+02   -1.50506e+03
   Constr. rmsd
    1.60030e-05

           Step           Time
         214000     1177.00000

   Energies (kJ/mol)
           Bond          Angle       G96Angle    Proper Dih.          LJ-14
    6.33052e+05    1.46003e+05    2.01526e+04    3.77041e+04   -2.75740e+05
     Coulomb-14        LJ (SR)   Coulomb (SR)   COM Pull En.      Potential
    0.00000e+00   -4.98396e+06   -3.83636e+04    4.14383e+05   -4.04676e+06
    Kinetic En.   Total Energy  Conserved En.    Temperature Pressure (bar)
    8.04472e+05   -3.24229e+06   -2.21166e+06    3.01654e+02   -1.50712e+03
   Constr. rmsd
    1.74188e-05

           Step           Time
         215000     1182.50000

   Energies (kJ/mol)
           Bond          Angle       G96Angle    Proper Dih.          LJ-14
    6.34558e+05    1.45874e+05    1.97394e+04    3.74652e+04   -2.75917e+05
     Coulomb-14        LJ (SR)   Coulomb (SR)   COM Pull En.      Potential
    0.00000e+00   -4.98351e+06   -3.84153e+04    4.13497e+05   -4.04671e+06
    Kinetic En.   Total Energy  Conserved En.    Temperature Pressure (bar)
    8.06534e+05   -3.24017e+06   -2.21065e+06    3.02427e+02   -1.51212e+03
   Constr. rmsd
    1.95252e-05

           Step           Time
         216000     1188.00000

   Energies (kJ/mol)
           Bond          Angle       G96Angle    Proper Dih.          LJ-14
    6.33899e+05    1.45232e+05    2.01694e+04    3.77491e+04   -2.76035e+05
     Coulomb-14        LJ (SR)   Coulomb (SR)   COM Pull En.      Potential
    0.00000e+00   -4.98607e+06   -3.84706e+04    4.14588e+05   -4.04893e+06
    Kinetic En.   Total Energy  Conserved En.    Temperature Pressure (bar)
    8.06766e+05   -3.24217e+06   -2.21067e+06    3.02514e+02   -1.50681e+03
   Constr. rmsd
    1.88323e-05

           Step           Time
         217000     1193.50000

   Energies (kJ/mol)
           Bond          Angle       G96Angle    Proper Dih.          LJ-14
    6.31122e+05    1.45077e+05    2.01649e+04    3.74548e+04   -2.75643e+05
     Coulomb-14        LJ (SR)   Coulomb (SR)   COM Pull En.      Potential
    0.00000e+00   -4.98459e+06   -3.84385e+04    4.15998e+05   -4.04885e+06
    Kinetic En.   Total Energy  Conserved En.    Temperature Pressure (bar)
    8.06354e+05   -3.24250e+06   -2.21110e+06    3.02360e+02   -1.49290e+03
   Constr. rmsd
    2.01092e-05

           Step           Time
         218000     1199.00000

   Energies (kJ/mol)
           Bond          Angle       G96Angle    Proper Dih.          LJ-14
    6.33412e+05    1.45690e+05    1.98898e+04    3.77734e+04   -2.75752e+05
     Coulomb-14        LJ (SR)   Coulomb (SR)   COM Pull En.      Potential
    0.00000e+00   -4.98345e+06   -3.83786e+04    4.13859e+05   -4.04696e+06
    Kinetic En.   Total Energy  Conserved En.    Temperature Pressure (bar)
    8.07293e+05   -3.23967e+06   -2.21072e+06    3.02712e+02   -1.49212e+03
   Constr. rmsd
    1.93236e-05

           Step           Time
         219000     1204.50000

   Energies (kJ/mol)
           Bond          Angle       G96Angle    Proper Dih.          LJ-14
    6.30407e+05    1.45879e+05    1.99736e+04    3.77052e+04   -2.75850e+05
     Coulomb-14        LJ (SR)   Coulomb (SR)   COM Pull En.      Potential
    0.00000e+00   -4.98371e+06   -3.85103e+04    4.15005e+05   -4.04910e+06
    Kinetic En.   Total Energy  Conserved En.    Temperature Pressure (bar)
    8.08659e+05   -3.24044e+06   -2.21035e+06    3.03224e+02   -1.49076e+03
   Constr. rmsd
    1.75256e-05

           Step           Time
         220000     1210.00000

   Energies (kJ/mol)
           Bond          Angle       G96Angle    Proper Dih.          LJ-14
    6.29779e+05    1.45540e+05    2.00567e+04    3.79285e+04   -2.75478e+05
     Coulomb-14        LJ (SR)   Coulomb (SR)   COM Pull En.      Potential
    0.00000e+00   -4.98790e+06   -3.83398e+04    4.15654e+05   -4.05276e+06
    Kinetic En.   Total Energy  Conserved En.    Temperature Pressure (bar)
    8.08666e+05   -3.24410e+06   -2.21073e+06    3.03227e+02   -1.47853e+03
   Constr. rmsd
    1.52847e-05

           Step           Time
         221000     1215.50000

   Energies (kJ/mol)
           Bond          Angle       G96Angle    Proper Dih.          LJ-14
    6.32270e+05    1.45483e+05    2.02487e+04    3.75091e+04   -2.75662e+05
     Coulomb-14        LJ (SR)   Coulomb (SR)   COM Pull En.      Potential
    0.00000e+00   -4.98934e+06   -3.84020e+04    4.12884e+05   -4.05501e+06
    Kinetic En.   Total Energy  Conserved En.    Temperature Pressure (bar)
    8.09774e+05   -3.24524e+06   -2.21097e+06    3.03642e+02   -1.47634e+03
   Constr. rmsd
    1.60487e-05

           Step           Time
         222000     1221.00000

   Energies (kJ/mol)
           Bond          Angle       G96Angle    Proper Dih.          LJ-14
    6.30616e+05    1.45300e+05    2.00552e+04    3.78329e+04   -2.75757e+05
     Coulomb-14        LJ (SR)   Coulomb (SR)   COM Pull En.      Potential
    0.00000e+00   -4.98761e+06   -3.83985e+04    4.14889e+05   -4.05307e+06
    Kinetic En.   Total Energy  Conserved En.    Temperature Pressure (bar)
    8.11276e+05   -3.24179e+06   -2.20961e+06    3.04205e+02   -1.47467e+03
   Constr. rmsd
    1.67590e-05

           Step           Time
         223000     1226.50000

   Energies (kJ/mol)
           Bond          Angle       G96Angle    Proper Dih.          LJ-14
    6.30240e+05    1.44811e+05    2.01835e+04    3.78053e+04   -2.75331e+05
     Coulomb-14        LJ (SR)   Coulomb (SR)   COM Pull En.      Potential
    0.00000e+00   -4.98815e+06   -3.83362e+04    4.15347e+05   -4.05343e+06
    Kinetic En.   Total Energy  Conserved En.    Temperature Pressure (bar)
    8.08347e+05   -3.24508e+06   -2.20938e+06    3.03107e+02   -1.47486e+03
   Constr. rmsd
    1.58556e-05

           Step           Time
         224000     1232.00000

   Energies (kJ/mol)
           Bond          Angle       G96Angle    Proper Dih.          LJ-14
    6.29614e+05    1.44932e+05    2.00958e+04    3.77205e+04   -2.75509e+05
     Coulomb-14        LJ (SR)   Coulomb (SR)   COM Pull En.      Potential
    0.00000e+00   -4.98787e+06   -3.83989e+04    4.15568e+05   -4.05385e+06
    Kinetic En.   Total Energy  Conserved En.    Temperature Pressure (bar)
    8.08412e+05   -3.24544e+06   -2.20937e+06    3.03132e+02   -1.46514e+03
   Constr. rmsd
    1.86374e-05

           Step           Time
         225000     1237.50000

   Energies (kJ/mol)
           Bond          Angle       G96Angle    Proper Dih.          LJ-14
    6.27169e+05    1.45941e+05    2.01754e+04    3.76157e+04   -2.75523e+05
     Coulomb-14        LJ (SR)   Coulomb (SR)   COM Pull En.      Potential
    0.00000e+00   -4.98772e+06   -3.82469e+04    4.15818e+05   -4.05477e+06
    Kinetic En.   Total Energy  Conserved En.    Temperature Pressure (bar)
    8.12457e+05   -3.24231e+06   -2.20846e+06    3.04648e+02   -1.46368e+03
   Constr. rmsd
    1.86818e-05

           Step           Time
         226000     1243.00000

   Energies (kJ/mol)
           Bond          Angle       G96Angle    Proper Dih.          LJ-14
    6.30465e+05    1.45300e+05    1.99275e+04    3.72134e+04   -2.75631e+05
     Coulomb-14        LJ (SR)   Coulomb (SR)   COM Pull En.      Potential
    0.00000e+00   -4.98849e+06   -3.83467e+04    4.14307e+05   -4.05525e+06
    Kinetic En.   Total Energy  Conserved En.    Temperature Pressure (bar)
    8.07971e+05   -3.24728e+06   -2.20781e+06    3.02966e+02   -1.47893e+03
   Constr. rmsd
    1.53315e-05

           Step           Time
         227000     1248.50000

   Energies (kJ/mol)
           Bond          Angle       G96Angle    Proper Dih.          LJ-14
    6.33040e+05    1.45452e+05    2.02218e+04    3.79128e+04   -2.76024e+05
     Coulomb-14        LJ (SR)   Coulomb (SR)   COM Pull En.      Potential
    0.00000e+00   -4.98284e+06   -3.83394e+04    4.13041e+05   -4.04754e+06
    Kinetic En.   Total Energy  Conserved En.    Temperature Pressure (bar)
    8.09970e+05   -3.23757e+06   -2.20566e+06    3.03716e+02   -1.48804e+03
   Constr. rmsd
    1.58586e-05

           Step           Time
         228000     1254.00000

   Energies (kJ/mol)
           Bond          Angle       G96Angle    Proper Dih.          LJ-14
    6.34507e+05    1.46342e+05    2.03359e+04    3.77515e+04   -2.75820e+05
     Coulomb-14        LJ (SR)   Coulomb (SR)   COM Pull En.      Potential
    0.00000e+00   -4.98279e+06   -3.82333e+04    4.12097e+05   -4.04581e+06
    Kinetic En.   Total Energy  Conserved En.    Temperature Pressure (bar)
    8.10725e+05   -3.23508e+06   -2.20353e+06    3.03999e+02   -1.50595e+03
   Constr. rmsd
    1.81937e-05

           Step           Time
         229000     1259.50000

   Energies (kJ/mol)
           Bond          Angle       G96Angle    Proper Dih.          LJ-14
    6.31999e+05    1.45297e+05    2.03761e+04    3.75759e+04   -2.75567e+05
     Coulomb-14        LJ (SR)   Coulomb (SR)   COM Pull En.      Potential
    0.00000e+00   -4.98385e+06   -3.81294e+04    4.12747e+05   -4.04955e+06
    Kinetic En.   Total Energy  Conserved En.    Temperature Pressure (bar)
    8.08897e+05   -3.24066e+06   -2.20503e+06    3.03313e+02   -1.47834e+03
   Constr. rmsd
    1.71127e-05

           Step           Time
         230000     1265.00000

   Energies (kJ/mol)
           Bond          Angle       G96Angle    Proper Dih.          LJ-14
    6.30194e+05    1.45857e+05    2.00917e+04    3.74249e+04   -2.75564e+05
     Coulomb-14        LJ (SR)   Coulomb (SR)   COM Pull En.      Potential
    0.00000e+00   -4.98263e+06   -3.82777e+04    4.15548e+05   -4.04735e+06
    Kinetic En.   Total Energy  Conserved En.    Temperature Pressure (bar)
    8.07176e+05   -3.24018e+06   -2.20338e+06    3.02668e+02   -1.48288e+03
   Constr. rmsd
    1.64827e-05

           Step           Time
         231000     1270.50000

   Energies (kJ/mol)
           Bond          Angle       G96Angle    Proper Dih.          LJ-14
    6.30258e+05    1.45146e+05    2.03053e+04    3.75527e+04   -2.75831e+05
     Coulomb-14        LJ (SR)   Coulomb (SR)   COM Pull En.      Potential
    0.00000e+00   -4.98321e+06   -3.84488e+04    4.16277e+05   -4.04795e+06
    Kinetic En.   Total Energy  Conserved En.    Temperature Pressure (bar)
    8.10171e+05   -3.23778e+06   -2.20268e+06    3.03791e+02   -1.48453e+03
   Constr. rmsd
    1.57066e-05

           Step           Time
         232000     1276.00000

   Energies (kJ/mol)
           Bond          Angle       G96Angle    Proper Dih.          LJ-14
    6.28451e+05    1.45542e+05    2.00114e+04    3.76689e+04   -2.75573e+05
     Coulomb-14        LJ (SR)   Coulomb (SR)   COM Pull En.      Potential
    0.00000e+00   -4.98422e+06   -3.84210e+04    4.15532e+05   -4.05101e+06
    Kinetic En.   Total Energy  Conserved En.    Temperature Pressure (bar)
    8.08514e+05   -3.24250e+06   -2.20276e+06    3.03170e+02   -1.46531e+03
   Constr. rmsd
    2.11892e-05

           Step           Time
         233000     1281.50000

   Energies (kJ/mol)
           Bond          Angle       G96Angle    Proper Dih.          LJ-14
    6.29309e+05    1.44718e+05    2.03295e+04    3.74322e+04   -2.76177e+05
     Coulomb-14        LJ (SR)   Coulomb (SR)   COM Pull En.      Potential
    0.00000e+00   -4.98877e+06   -3.82992e+04    4.14744e+05   -4.05671e+06
    Kinetic En.   Total Energy  Conserved En.    Temperature Pressure (bar)
    8.09223e+05   -3.24749e+06   -2.20328e+06    3.03436e+02   -1.48696e+03
   Constr. rmsd
    1.62988e-05

           Step           Time
         234000     1287.00000

   Energies (kJ/mol)
           Bond          Angle       G96Angle    Proper Dih.          LJ-14
    6.31557e+05    1.44932e+05    2.00803e+04    3.76144e+04   -2.75319e+05
     Coulomb-14        LJ (SR)   Coulomb (SR)   COM Pull En.      Potential
    0.00000e+00   -4.98631e+06   -3.83812e+04    4.14327e+05   -4.05150e+06
    Kinetic En.   Total Energy  Conserved En.    Temperature Pressure (bar)
    8.06746e+05   -3.24475e+06   -2.20036e+06    3.02507e+02   -1.48787e+03
   Constr. rmsd
    1.64040e-05

           Step           Time
         235000     1292.50000

   Energies (kJ/mol)
           Bond          Angle       G96Angle    Proper Dih.          LJ-14
    6.34073e+05    1.45005e+05    2.00307e+04    3.76513e+04   -2.76010e+05
     Coulomb-14        LJ (SR)   Coulomb (SR)   COM Pull En.      Potential
    0.00000e+00   -4.98989e+06   -3.84239e+04    4.10482e+05   -4.05708e+06
    Kinetic En.   Total Energy  Conserved En.    Temperature Pressure (bar)
    8.06689e+05   -3.25039e+06   -2.20073e+06    3.02486e+02   -1.50279e+03
   Constr. rmsd
    1.76060e-05

           Step           Time
         236000     1298.00000

   Energies (kJ/mol)
           Bond          Angle       G96Angle    Proper Dih.          LJ-14
    6.33355e+05    1.46268e+05    2.01121e+04    3.77665e+04   -2.75708e+05
     Coulomb-14        LJ (SR)   Coulomb (SR)   COM Pull En.      Potential
    0.00000e+00   -4.99023e+06   -3.84022e+04    4.08428e+05   -4.05841e+06
    Kinetic En.   Total Energy  Conserved En.    Temperature Pressure (bar)
    8.07559e+05   -3.25085e+06   -2.19933e+06    3.02812e+02   -1.49131e+03
   Constr. rmsd
    1.45175e-05

           Step           Time
         237000     1303.50000

   Energies (kJ/mol)
           Bond          Angle       G96Angle    Proper Dih.          LJ-14
    6.33847e+05    1.46412e+05    2.00286e+04    3.75958e+04   -2.75884e+05
     Coulomb-14        LJ (SR)   Coulomb (SR)   COM Pull En.      Potential
    0.00000e+00   -4.98812e+06   -3.84063e+04    4.09598e+05   -4.05492e+06
    Kinetic En.   Total Energy  Conserved En.    Temperature Pressure (bar)
    8.05008e+05   -3.24992e+06   -2.19768e+06    3.01855e+02   -1.49737e+03
   Constr. rmsd
    1.80746e-05

           Step           Time
         238000     1309.00000

   Energies (kJ/mol)
           Bond          Angle       G96Angle    Proper Dih.          LJ-14
    6.33883e+05    1.46100e+05    2.01011e+04    3.76490e+04   -2.74945e+05
     Coulomb-14        LJ (SR)   Coulomb (SR)   COM Pull En.      Potential
    0.00000e+00   -4.98152e+06   -3.84209e+04    4.10485e+05   -4.04666e+06
    Kinetic En.   Total Energy  Conserved En.    Temperature Pressure (bar)
    8.08244e+05   -3.23842e+06   -2.19555e+06    3.03069e+02   -1.49204e+03
   Constr. rmsd
    1.82908e-05

           Step           Time
         239000     1314.50000

   Energies (kJ/mol)
           Bond          Angle       G96Angle    Proper Dih.          LJ-14
    6.35065e+05    1.45450e+05    2.01074e+04    3.78070e+04   -2.75738e+05
     Coulomb-14        LJ (SR)   Coulomb (SR)   COM Pull En.      Potential
    0.00000e+00   -4.98248e+06   -3.84185e+04    4.10172e+05   -4.04804e+06
    Kinetic En.   Total Energy  Conserved En.    Temperature Pressure (bar)
    8.08491e+05   -3.23955e+06   -2.19532e+06    3.03161e+02   -1.50032e+03
   Constr. rmsd
    1.85943e-05

           Step           Time
         240000     1320.00000

   Energies (kJ/mol)
           Bond          Angle       G96Angle    Proper Dih.          LJ-14
    6.31884e+05    1.45135e+05    2.00613e+04    3.75906e+04   -2.75420e+05
     Coulomb-14        LJ (SR)   Coulomb (SR)   COM Pull En.      Potential
    0.00000e+00   -4.98554e+06   -3.83556e+04    4.13264e+05   -4.05138e+06
    Kinetic En.   Total Energy  Conserved En.    Temperature Pressure (bar)
    8.05579e+05   -3.24580e+06   -2.19315e+06    3.02069e+02   -1.50119e+03
   Constr. rmsd
    1.82122e-05

           Step           Time
         241000     1325.50000

   Energies (kJ/mol)
           Bond          Angle       G96Angle    Proper Dih.          LJ-14
    6.32161e+05    1.45287e+05    1.99814e+04    3.75652e+04   -2.75821e+05
     Coulomb-14        LJ (SR)   Coulomb (SR)   COM Pull En.      Potential
    0.00000e+00   -4.98471e+06   -3.84178e+04    4.12814e+05   -4.05114e+06
    Kinetic En.   Total Energy  Conserved En.    Temperature Pressure (bar)
    8.06106e+05   -3.24504e+06   -2.19265e+06    3.02267e+02   -1.50469e+03
   Constr. rmsd
    1.78640e-05

           Step           Time
         242000     1331.00000

   Energies (kJ/mol)
           Bond          Angle       G96Angle    Proper Dih.          LJ-14
    6.34063e+05    1.45597e+05    2.00894e+04    3.74780e+04   -2.75621e+05
     Coulomb-14        LJ (SR)   Coulomb (SR)   COM Pull En.      Potential
    0.00000e+00   -4.98554e+06   -3.85188e+04    4.09227e+05   -4.05323e+06
    Kinetic En.   Total Energy  Conserved En.    Temperature Pressure (bar)
    8.08379e+05   -3.24485e+06   -2.19234e+06    3.03119e+02   -1.48652e+03
   Constr. rmsd
    1.79562e-05

           Step           Time
         243000     1336.50000

   Energies (kJ/mol)
           Bond          Angle       G96Angle    Proper Dih.          LJ-14
    6.34032e+05    1.44401e+05    1.99343e+04    3.76975e+04   -2.75361e+05
     Coulomb-14        LJ (SR)   Coulomb (SR)   COM Pull En.      Potential
    0.00000e+00   -4.98517e+06   -3.84865e+04    4.10945e+05   -4.05201e+06
    Kinetic En.   Total Energy  Conserved En.    Temperature Pressure (bar)
    8.08064e+05   -3.24394e+06   -2.19228e+06    3.03001e+02   -1.48353e+03
   Constr. rmsd
    1.70712e-05

           Step           Time
         244000     1342.00000

   Energies (kJ/mol)
           Bond          Angle       G96Angle    Proper Dih.          LJ-14
    6.34648e+05    1.44424e+05    2.01690e+04    3.77055e+04   -2.75090e+05
     Coulomb-14        LJ (SR)   Coulomb (SR)   COM Pull En.      Potential
    0.00000e+00   -4.98296e+06   -3.84917e+04    4.10049e+05   -4.04955e+06
    Kinetic En.   Total Energy  Conserved En.    Temperature Pressure (bar)
    8.06118e+05   -3.24343e+06   -2.19065e+06    3.02271e+02   -1.49998e+03
   Constr. rmsd
    1.80361e-05

           Step           Time
         245000     1347.50000

   Energies (kJ/mol)
           Bond          Angle       G96Angle    Proper Dih.          LJ-14
    6.35853e+05    1.45319e+05    2.00556e+04    3.78270e+04   -2.75227e+05
     Coulomb-14        LJ (SR)   Coulomb (SR)   COM Pull En.      Potential
    0.00000e+00   -4.98433e+06   -3.83592e+04    4.08787e+05   -4.05007e+06
    Kinetic En.   Total Energy  Conserved En.    Temperature Pressure (bar)
    8.06944e+05   -3.24313e+06   -2.19030e+06    3.02581e+02   -1.49351e+03
   Constr. rmsd
    1.82934e-05

           Step           Time
         246000     1353.00000

   Energies (kJ/mol)
           Bond          Angle       G96Angle    Proper Dih.          LJ-14
    6.34335e+05    1.45884e+05    2.00256e+04    3.78640e+04   -2.74916e+05
     Coulomb-14        LJ (SR)   Coulomb (SR)   COM Pull En.      Potential
    0.00000e+00   -4.98560e+06   -3.82894e+04    4.08645e+05   -4.05205e+06
    Kinetic En.   Total Energy  Conserved En.    Temperature Pressure (bar)
    8.05967e+05   -3.24608e+06   -2.18947e+06    3.02215e+02   -1.50371e+03
   Constr. rmsd
    1.57241e-05

           Step           Time
         247000     1358.50000

   Energies (kJ/mol)
           Bond          Angle       G96Angle    Proper Dih.          LJ-14
    6.33176e+05    1.44797e+05    2.04289e+04    3.75965e+04   -2.75243e+05
     Coulomb-14        LJ (SR)   Coulomb (SR)   COM Pull En.      Potential
    0.00000e+00   -4.98725e+06   -3.84227e+04    4.10135e+05   -4.05478e+06
    Kinetic En.   Total Energy  Conserved En.    Temperature Pressure (bar)
    8.08291e+05   -3.24649e+06   -2.18907e+06    3.03086e+02   -1.49435e+03
   Constr. rmsd
    1.71748e-05

           Step           Time
         248000     1364.00000

   Energies (kJ/mol)
           Bond          Angle       G96Angle    Proper Dih.          LJ-14
    6.33889e+05    1.44702e+05    2.04715e+04    3.76229e+04   -2.75215e+05
     Coulomb-14        LJ (SR)   Coulomb (SR)   COM Pull En.      Potential
    0.00000e+00   -4.98641e+06   -3.84353e+04    4.10000e+05   -4.05337e+06
    Kinetic En.   Total Energy  Conserved En.    Temperature Pressure (bar)
    8.07250e+05   -3.24612e+06   -2.18732e+06    3.02696e+02   -1.51007e+03
   Constr. rmsd
    1.79219e-05

           Step           Time
         249000     1369.50000

   Energies (kJ/mol)
           Bond          Angle       G96Angle    Proper Dih.          LJ-14
    6.33751e+05    1.44972e+05    2.00159e+04    3.77812e+04   -2.75323e+05
     Coulomb-14        LJ (SR)   Coulomb (SR)   COM Pull En.      Potential
    0.00000e+00   -4.98186e+06   -3.84271e+04    4.10532e+05   -4.04856e+06
    Kinetic En.   Total Energy  Conserved En.    Temperature Pressure (bar)
    8.06753e+05   -3.24181e+06   -2.18616e+06    3.02510e+02   -1.50663e+03
   Constr. rmsd
    1.88468e-05

           Step           Time
         250000     1375.00000

   Energies (kJ/mol)
           Bond          Angle       G96Angle    Proper Dih.          LJ-14
    6.33170e+05    1.45649e+05    2.01391e+04    3.77048e+04   -2.75259e+05
     Coulomb-14        LJ (SR)   Coulomb (SR)   COM Pull En.      Potential
    0.00000e+00   -4.98472e+06   -3.80933e+04    4.09194e+05   -4.05222e+06
    Kinetic En.   Total Energy  Conserved En.    Temperature Pressure (bar)
    8.10516e+05   -3.24170e+06   -2.18773e+06    3.03921e+02   -1.48043e+03
   Constr. rmsd
    1.95194e-05

           Step           Time
         251000     1380.50000

   Energies (kJ/mol)
           Bond          Angle       G96Angle    Proper Dih.          LJ-14
    6.32817e+05    1.45888e+05    1.99302e+04    3.73151e+04   -2.74934e+05
     Coulomb-14        LJ (SR)   Coulomb (SR)   COM Pull En.      Potential
    0.00000e+00   -4.98494e+06   -3.82895e+04    4.09052e+05   -4.05316e+06
    Kinetic En.   Total Energy  Conserved En.    Temperature Pressure (bar)
    8.08987e+05   -3.24417e+06   -2.18712e+06    3.03347e+02   -1.49158e+03
   Constr. rmsd
    1.63796e-05

           Step           Time
         252000     1386.00000

   Energies (kJ/mol)
           Bond          Angle       G96Angle    Proper Dih.          LJ-14
    6.33078e+05    1.44436e+05    1.99033e+04    3.78255e+04   -2.74878e+05
     Coulomb-14        LJ (SR)   Coulomb (SR)   COM Pull En.      Potential
    0.00000e+00   -4.98181e+06   -3.82636e+04    4.10468e+05   -4.04925e+06
    Kinetic En.   Total Energy  Conserved En.    Temperature Pressure (bar)
    8.07106e+05   -3.24214e+06   -2.18617e+06    3.02642e+02   -1.48680e+03
   Constr. rmsd
    1.64925e-05

           Step           Time
         253000     1391.50000

   Energies (kJ/mol)
           Bond          Angle       G96Angle    Proper Dih.          LJ-14
    6.32661e+05    1.45045e+05    1.99383e+04    3.78436e+04   -2.75271e+05
     Coulomb-14        LJ (SR)   Coulomb (SR)   COM Pull En.      Potential
    0.00000e+00   -4.98465e+06   -3.82765e+04    4.10130e+05   -4.05258e+06
    Kinetic En.   Total Energy  Conserved En.    Temperature Pressure (bar)
    8.05694e+05   -3.24688e+06   -2.18584e+06    3.02112e+02   -1.49272e+03
   Constr. rmsd
    1.73273e-05

           Step           Time
         254000     1397.00000

   Energies (kJ/mol)
           Bond          Angle       G96Angle    Proper Dih.          LJ-14
    6.31768e+05    1.45385e+05    1.99941e+04    3.76066e+04   -2.75054e+05
     Coulomb-14        LJ (SR)   Coulomb (SR)   COM Pull En.      Potential
    0.00000e+00   -4.98077e+06   -3.82237e+04    4.11344e+05   -4.04794e+06
    Kinetic En.   Total Energy  Conserved En.    Temperature Pressure (bar)
    8.09846e+05   -3.23810e+06   -2.18398e+06    3.03669e+02   -1.49321e+03
   Constr. rmsd
    1.71893e-05

           Step           Time
         255000     1402.50000

   Energies (kJ/mol)
           Bond          Angle       G96Angle    Proper Dih.          LJ-14
    6.33845e+05    1.45130e+05    2.01595e+04    3.75819e+04   -2.74549e+05
     Coulomb-14        LJ (SR)   Coulomb (SR)   COM Pull En.      Potential
    0.00000e+00   -4.97986e+06   -3.82299e+04    4.10812e+05   -4.04511e+06
    Kinetic En.   Total Energy  Conserved En.    Temperature Pressure (bar)
    8.08912e+05   -3.23620e+06   -2.18302e+06    3.03319e+02   -1.50102e+03
   Constr. rmsd
    1.74364e-05

           Step           Time
         256000     1408.00000

   Energies (kJ/mol)
           Bond          Angle       G96Angle    Proper Dih.          LJ-14
    6.31895e+05    1.45780e+05    1.99165e+04    3.79141e+04   -2.75564e+05
     Coulomb-14        LJ (SR)   Coulomb (SR)   COM Pull En.      Potential
    0.00000e+00   -4.98557e+06   -3.82897e+04    4.10615e+05   -4.05330e+06
    Kinetic En.   Total Energy  Conserved En.    Temperature Pressure (bar)
    8.05950e+05   -3.24735e+06   -2.18405e+06    3.02208e+02   -1.49632e+03
   Constr. rmsd
    1.96998e-05

           Step           Time
         257000     1413.50000

   Energies (kJ/mol)
           Bond          Angle       G96Angle    Proper Dih.          LJ-14
    6.35005e+05    1.44370e+05    2.00478e+04    3.78122e+04   -2.74757e+05
     Coulomb-14        LJ (SR)   Coulomb (SR)   COM Pull En.      Potential
    0.00000e+00   -4.98271e+06   -3.82681e+04    4.08973e+05   -4.04953e+06
    Kinetic En.   Total Energy  Conserved En.    Temperature Pressure (bar)
    8.08233e+05   -3.24130e+06   -2.18270e+06    3.03064e+02   -1.50423e+03
   Constr. rmsd
    1.52284e-05

           Step           Time
         258000     1419.00000

   Energies (kJ/mol)
           Bond          Angle       G96Angle    Proper Dih.          LJ-14
    6.34743e+05    1.44594e+05    1.99816e+04    3.75033e+04   -2.74912e+05
     Coulomb-14        LJ (SR)   Coulomb (SR)   COM Pull En.      Potential
    0.00000e+00   -4.98658e+06   -3.82868e+04    4.08917e+05   -4.05404e+06
    Kinetic En.   Total Energy  Conserved En.    Temperature Pressure (bar)
    8.07706e+05   -3.24633e+06   -2.18307e+06    3.02867e+02   -1.50818e+03
   Constr. rmsd
    1.62612e-05

           Step           Time
         259000     1424.50000

   Energies (kJ/mol)
           Bond          Angle       G96Angle    Proper Dih.          LJ-14
    6.32957e+05    1.45121e+05    1.99656e+04    3.79622e+04   -2.74734e+05
     Coulomb-14        LJ (SR)   Coulomb (SR)   COM Pull En.      Potential
    0.00000e+00   -4.98418e+06   -3.81682e+04    4.08463e+05   -4.05261e+06
    Kinetic En.   Total Energy  Conserved En.    Temperature Pressure (bar)
    8.09330e+05   -3.24328e+06   -2.18395e+06    3.03476e+02   -1.47720e+03
   Constr. rmsd
    1.82771e-05

           Step           Time
         260000     1430.00000

   Energies (kJ/mol)
           Bond          Angle       G96Angle    Proper Dih.          LJ-14
    6.33571e+05    1.45438e+05    2.00816e+04    3.74345e+04   -2.75098e+05
     Coulomb-14        LJ (SR)   Coulomb (SR)   COM Pull En.      Potential
    0.00000e+00   -4.98633e+06   -3.83176e+04    4.07923e+05   -4.05530e+06
    Kinetic En.   Total Energy  Conserved En.    Temperature Pressure (bar)
    8.07360e+05   -3.24794e+06   -2.18392e+06    3.02737e+02   -1.48737e+03
   Constr. rmsd
    1.84692e-05

           Step           Time
         261000     1435.50000

   Energies (kJ/mol)
           Bond          Angle       G96Angle    Proper Dih.          LJ-14
    6.32883e+05    1.45712e+05    2.00451e+04    3.72479e+04   -2.74639e+05
     Coulomb-14        LJ (SR)   Coulomb (SR)   COM Pull En.      Potential
    0.00000e+00   -4.98624e+06   -3.83874e+04    4.09268e+05   -4.05411e+06
    Kinetic En.   Total Energy  Conserved En.    Temperature Pressure (bar)
    8.09336e+05   -3.24478e+06   -2.18325e+06    3.03478e+02   -1.47969e+03
   Constr. rmsd
    1.60370e-05

           Step           Time
         262000     1441.00000

   Energies (kJ/mol)
           Bond          Angle       G96Angle    Proper Dih.          LJ-14
    6.30892e+05    1.45463e+05    1.99259e+04    3.77247e+04   -2.74888e+05
     Coulomb-14        LJ (SR)   Coulomb (SR)   COM Pull En.      Potential
    0.00000e+00   -4.98760e+06   -3.82500e+04    4.09469e+05   -4.05727e+06
    Kinetic En.   Total Energy  Conserved En.    Temperature Pressure (bar)
    8.06660e+05   -3.25061e+06   -2.18374e+06    3.02475e+02   -1.47629e+03
   Constr. rmsd
    1.80851e-05

           Step           Time
         263000     1446.50000

   Energies (kJ/mol)
           Bond          Angle       G96Angle    Proper Dih.          LJ-14
    6.32940e+05    1.45087e+05    2.00307e+04    3.74063e+04   -2.74258e+05
     Coulomb-14        LJ (SR)   Coulomb (SR)   COM Pull En.      Potential
    0.00000e+00   -4.98696e+06   -3.82944e+04    4.07977e+05   -4.05607e+06
    Kinetic En.   Total Energy  Conserved En.    Temperature Pressure (bar)
    8.08720e+05   -3.24735e+06   -2.18126e+06    3.03247e+02   -1.49569e+03
   Constr. rmsd
    1.92105e-05

           Step           Time
         264000     1452.00000

   Energies (kJ/mol)
           Bond          Angle       G96Angle    Proper Dih.          LJ-14
    6.33358e+05    1.44987e+05    2.00157e+04    3.75293e+04   -2.74438e+05
     Coulomb-14        LJ (SR)   Coulomb (SR)   COM Pull En.      Potential
    0.00000e+00   -4.98711e+06   -3.84153e+04    4.07773e+05   -4.05630e+06
    Kinetic En.   Total Energy  Conserved En.    Temperature Pressure (bar)
    8.06850e+05   -3.24945e+06   -2.18073e+06    3.02546e+02   -1.49442e+03
   Constr. rmsd
    1.88780e-05

           Step           Time
         265000     1457.50000

   Energies (kJ/mol)
           Bond          Angle       G96Angle    Proper Dih.          LJ-14
    6.32102e+05    1.44917e+05    2.02567e+04    3.77751e+04   -2.74804e+05
     Coulomb-14        LJ (SR)   Coulomb (SR)   COM Pull En.      Potential
    0.00000e+00   -4.98948e+06   -3.83736e+04    4.08240e+05   -4.05937e+06
    Kinetic En.   Total Energy  Conserved En.    Temperature Pressure (bar)
    8.07594e+05   -3.25178e+06   -2.18034e+06    3.02825e+02   -1.50089e+03
   Constr. rmsd
    1.63517e-05

           Step           Time
         266000     1463.00000

   Energies (kJ/mol)
           Bond          Angle       G96Angle    Proper Dih.          LJ-14
    6.35278e+05    1.44634e+05    2.01889e+04    3.79959e+04   -2.74391e+05
     Coulomb-14        LJ (SR)   Coulomb (SR)   COM Pull En.      Potential
    0.00000e+00   -4.98505e+06   -3.82348e+04    4.07228e+05   -4.05235e+06
    Kinetic En.   Total Energy  Conserved En.    Temperature Pressure (bar)
    8.09444e+05   -3.24291e+06   -2.17686e+06    3.03519e+02   -1.49391e+03
   Constr. rmsd
    1.71742e-05

           Step           Time
         267000     1468.50000

   Energies (kJ/mol)
           Bond          Angle       G96Angle    Proper Dih.          LJ-14
    6.34196e+05    1.44507e+05    2.00771e+04    3.79514e+04   -2.74890e+05
     Coulomb-14        LJ (SR)   Coulomb (SR)   COM Pull En.      Potential
    0.00000e+00   -4.98496e+06   -3.84797e+04    4.07260e+05   -4.05434e+06
    Kinetic En.   Total Energy  Conserved En.    Temperature Pressure (bar)
    8.09540e+05   -3.24480e+06   -2.17680e+06    3.03554e+02   -1.47798e+03
   Constr. rmsd
    1.75629e-05

           Step           Time
         268000     1474.00000

   Energies (kJ/mol)
           Bond          Angle       G96Angle    Proper Dih.          LJ-14
    6.33658e+05    1.45377e+05    2.00653e+04    3.77166e+04   -2.75173e+05
     Coulomb-14        LJ (SR)   Coulomb (SR)   COM Pull En.      Potential
    0.00000e+00   -4.98356e+06   -3.84513e+04    4.08622e+05   -4.05175e+06
    Kinetic En.   Total Energy  Conserved En.    Temperature Pressure (bar)
    8.08875e+05   -3.24287e+06   -2.17541e+06    3.03305e+02   -1.48279e+03
   Constr. rmsd
    1.86821e-05

           Step           Time
         269000     1479.50000

   Energies (kJ/mol)
           Bond          Angle       G96Angle    Proper Dih.          LJ-14
    6.34793e+05    1.43710e+05    2.01718e+04    3.83441e+04   -2.74309e+05
     Coulomb-14        LJ (SR)   Coulomb (SR)   COM Pull En.      Potential
    0.00000e+00   -4.98741e+06   -3.83634e+04    4.08729e+05   -4.05433e+06
    Kinetic En.   Total Energy  Conserved En.    Temperature Pressure (bar)
    8.08453e+05   -3.24588e+06   -2.16808e+06    3.03147e+02   -1.51090e+03
   Constr. rmsd
    1.78628e-05

           Step           Time
         270000     1485.00000

   Energies (kJ/mol)
           Bond          Angle       G96Angle    Proper Dih.          LJ-14
    6.32107e+05    1.43767e+05    2.03118e+04    3.78730e+04   -2.74622e+05
     Coulomb-14        LJ (SR)   Coulomb (SR)   COM Pull En.      Potential
    0.00000e+00   -4.98920e+06   -3.82136e+04    4.07836e+05   -4.06014e+06
    Kinetic En.   Total Energy  Conserved En.    Temperature Pressure (bar)
    8.07396e+05   -3.25274e+06   -2.16979e+06    3.02751e+02   -1.47991e+03
   Constr. rmsd
    2.00983e-05

           Step           Time
         271000     1490.50000

   Energies (kJ/mol)
           Bond          Angle       G96Angle    Proper Dih.          LJ-14
    6.33853e+05    1.44512e+05    1.98035e+04    3.78184e+04   -2.74643e+05
     Coulomb-14        LJ (SR)   Coulomb (SR)   COM Pull En.      Potential
    0.00000e+00   -4.98805e+06   -3.84005e+04    4.07280e+05   -4.05783e+06
    Kinetic En.   Total Energy  Conserved En.    Temperature Pressure (bar)
    8.09847e+05   -3.24798e+06   -2.16789e+06    3.03670e+02   -1.49263e+03
   Constr. rmsd
    1.71150e-05

           Step           Time
         272000     1496.00000

   Energies (kJ/mol)
           Bond          Angle       G96Angle    Proper Dih.          LJ-14
    6.34203e+05    1.45305e+05    1.99047e+04    3.76348e+04   -2.74796e+05
     Coulomb-14        LJ (SR)   Coulomb (SR)   COM Pull En.      Potential
    0.00000e+00   -4.98918e+06   -3.84829e+04    4.04872e+05   -4.06054e+06
    Kinetic En.   Total Energy  Conserved En.    Temperature Pressure (bar)
    8.11149e+05   -3.24939e+06   -2.16808e+06    3.04158e+02   -1.48981e+03
   Constr. rmsd
    1.80758e-05

           Step           Time
         273000     1501.50000

   Energies (kJ/mol)
           Bond          Angle       G96Angle    Proper Dih.          LJ-14
    6.35557e+05    1.44671e+05    2.01810e+04    3.73195e+04   -2.74666e+05
     Coulomb-14        LJ (SR)   Coulomb (SR)   COM Pull En.      Potential
    0.00000e+00   -4.98804e+06   -3.84542e+04    4.05083e+05   -4.05834e+06
    Kinetic En.   Total Energy  Conserved En.    Temperature Pressure (bar)
    8.05516e+05   -3.25283e+06   -2.16704e+06    3.02046e+02   -1.50108e+03
   Constr. rmsd
    1.69741e-05

           Step           Time
         274000     1507.00000

   Energies (kJ/mol)
           Bond          Angle       G96Angle    Proper Dih.          LJ-14
    6.37210e+05    1.46060e+05    2.00398e+04    3.79434e+04   -2.74097e+05
     Coulomb-14        LJ (SR)   Coulomb (SR)   COM Pull En.      Potential
    0.00000e+00   -4.98485e+06   -3.84804e+04    4.02578e+05   -4.05359e+06
    Kinetic En.   Total Energy  Conserved En.    Temperature Pressure (bar)
    8.07885e+05   -3.24571e+06   -2.16328e+06    3.02934e+02   -1.49978e+03
   Constr. rmsd
    1.78914e-05

           Step           Time
         275000     1512.50000

   Energies (kJ/mol)
           Bond          Angle       G96Angle    Proper Dih.          LJ-14
    6.38613e+05    1.44909e+05    2.06118e+04    3.78242e+04   -2.74835e+05
     Coulomb-14        LJ (SR)   Coulomb (SR)   COM Pull En.      Potential
    0.00000e+00   -4.98263e+06   -3.84047e+04    4.02515e+05   -4.05140e+06
    Kinetic En.   Total Energy  Conserved En.    Temperature Pressure (bar)
    8.07344e+05   -3.24406e+06   -2.16215e+06    3.02731e+02   -1.50212e+03
   Constr. rmsd
    1.79181e-05

           Step           Time
         276000     1518.00000

   Energies (kJ/mol)
           Bond          Angle       G96Angle    Proper Dih.          LJ-14
    6.39072e+05    1.44795e+05    2.01191e+04    3.77357e+04   -2.74490e+05
     Coulomb-14        LJ (SR)   Coulomb (SR)   COM Pull En.      Potential
    0.00000e+00   -4.97993e+06   -3.84248e+04    4.03481e+05   -4.04764e+06
    Kinetic En.   Total Energy  Conserved En.    Temperature Pressure (bar)
    8.07995e+05   -3.23964e+06   -2.16063e+06    3.02975e+02   -1.51160e+03
   Constr. rmsd
    1.64070e-05

           Step           Time
         277000     1523.50000

   Energies (kJ/mol)
           Bond          Angle       G96Angle    Proper Dih.          LJ-14
    6.36456e+05    1.45045e+05    2.01974e+04    3.77404e+04   -2.74446e+05
     Coulomb-14        LJ (SR)   Coulomb (SR)   COM Pull En.      Potential
    0.00000e+00   -4.98079e+06   -3.84466e+04    4.05588e+05   -4.04866e+06
    Kinetic En.   Total Energy  Conserved En.    Temperature Pressure (bar)
    8.08024e+05   -3.24063e+06   -2.16020e+06    3.02986e+02   -1.51530e+03
   Constr. rmsd
    1.63268e-05

           Step           Time
         278000     1529.00000

   Energies (kJ/mol)
           Bond          Angle       G96Angle    Proper Dih.          LJ-14
    6.35711e+05    1.43871e+05    2.03387e+04    3.77273e+04   -2.74480e+05
     Coulomb-14        LJ (SR)   Coulomb (SR)   COM Pull En.      Potential
    0.00000e+00   -4.98320e+06   -3.84425e+04    4.05595e+05   -4.05288e+06
    Kinetic En.   Total Energy  Conserved En.    Temperature Pressure (bar)
    8.06323e+05   -3.24655e+06   -2.16082e+06    3.02348e+02   -1.50770e+03
   Constr. rmsd
    1.92550e-05

           Step           Time
         279000     1534.50000

   Energies (kJ/mol)
           Bond          Angle       G96Angle    Proper Dih.          LJ-14
    6.36252e+05    1.45217e+05    1.98921e+04    3.77822e+04   -2.74439e+05
     Coulomb-14        LJ (SR)   Coulomb (SR)   COM Pull En.      Potential
    0.00000e+00   -4.98213e+06   -3.83165e+04    4.05972e+05   -4.04977e+06
    Kinetic En.   Total Energy  Conserved En.    Temperature Pressure (bar)
    8.05023e+05   -3.24475e+06   -2.15902e+06    3.01861e+02   -1.51424e+03
   Constr. rmsd
    1.88797e-05

           Step           Time
         280000     1540.00000

   Energies (kJ/mol)
           Bond          Angle       G96Angle    Proper Dih.          LJ-14
    6.33607e+05    1.44933e+05    1.98272e+04    3.76780e+04   -2.74431e+05
     Coulomb-14        LJ (SR)   Coulomb (SR)   COM Pull En.      Potential
    0.00000e+00   -4.98363e+06   -3.84450e+04    4.07454e+05   -4.05301e+06
    Kinetic En.   Total Energy  Conserved En.    Temperature Pressure (bar)
    8.09183e+05   -3.24382e+06   -2.16011e+06    3.03421e+02   -1.48707e+03
   Constr. rmsd
    1.87048e-05

           Step           Time
         281000     1545.50000

   Energies (kJ/mol)
           Bond          Angle       G96Angle    Proper Dih.          LJ-14
    6.31606e+05    1.44645e+05    1.99223e+04    3.78625e+04   -2.74561e+05
     Coulomb-14        LJ (SR)   Coulomb (SR)   COM Pull En.      Potential
    0.00000e+00   -4.98411e+06   -3.82151e+04    4.09157e+05   -4.05370e+06
    Kinetic En.   Total Energy  Conserved En.    Temperature Pressure (bar)
    8.08189e+05   -3.24551e+06   -2.16006e+06    3.03048e+02   -1.49246e+03
   Constr. rmsd
    1.68290e-05

           Step           Time
         282000     1551.00000

   Energies (kJ/mol)
           Bond          Angle       G96Angle    Proper Dih.          LJ-14
    6.33504e+05    1.44334e+05    2.01459e+04    3.78667e+04   -2.74448e+05
     Coulomb-14        LJ (SR)   Coulomb (SR)   COM Pull En.      Potential
    0.00000e+00   -4.99014e+06   -3.82243e+04    4.07040e+05   -4.05992e+06
    Kinetic En.   Total Energy  Conserved En.    Temperature Pressure (bar)
    8.06905e+05   -3.25301e+06   -2.16025e+06    3.02566e+02   -1.50159e+03
   Constr. rmsd
    1.74863e-05

           Step           Time
         283000     1556.50000

   Energies (kJ/mol)
           Bond          Angle       G96Angle    Proper Dih.          LJ-14
    6.32226e+05    1.44316e+05    2.00882e+04    3.81448e+04   -2.74533e+05
     Coulomb-14        LJ (SR)   Coulomb (SR)   COM Pull En.      Potential
    0.00000e+00   -4.98888e+06   -3.83382e+04    4.06178e+05   -4.06079e+06
    Kinetic En.   Total Energy  Conserved En.    Temperature Pressure (bar)
    8.06901e+05   -3.25389e+06   -2.16147e+06    3.02565e+02   -1.47641e+03
   Constr. rmsd
    1.89674e-05

           Step           Time
         284000     1562.00000

   Energies (kJ/mol)
           Bond          Angle       G96Angle    Proper Dih.          LJ-14
    6.32646e+05    1.43589e+05    2.03158e+04    3.80964e+04   -2.74487e+05
     Coulomb-14        LJ (SR)   Coulomb (SR)   COM Pull En.      Potential
    0.00000e+00   -4.98763e+06   -3.83578e+04    4.06628e+05   -4.05920e+06
    Kinetic En.   Total Energy  Conserved En.    Temperature Pressure (bar)
    8.08242e+05   -3.25095e+06   -2.15965e+06    3.03068e+02   -1.47105e+03
   Constr. rmsd
    1.97483e-05

           Step           Time
         285000     1567.50000

   Energies (kJ/mol)
           Bond          Angle       G96Angle    Proper Dih.          LJ-14
    6.32534e+05    1.44904e+05    2.00188e+04    3.75052e+04   -2.74607e+05
     Coulomb-14        LJ (SR)   Coulomb (SR)   COM Pull En.      Potential
    0.00000e+00   -4.98863e+06   -3.83719e+04    4.05078e+05   -4.06157e+06
    Kinetic En.   Total Energy  Conserved En.    Temperature Pressure (bar)
    8.06011e+05   -3.25556e+06   -2.15888e+06    3.02231e+02   -1.47689e+03
   Constr. rmsd
    1.93870e-05

           Step           Time
         286000     1573.00000

   Energies (kJ/mol)
           Bond          Angle       G96Angle    Proper Dih.          LJ-14
    6.32511e+05    1.44541e+05    2.01050e+04    3.77488e+04   -2.74282e+05
     Coulomb-14        LJ (SR)   Coulomb (SR)   COM Pull En.      Potential
    0.00000e+00   -4.98058e+06   -3.83835e+04    4.08082e+05   -4.05025e+06
    Kinetic En.   Total Energy  Conserved En.    Temperature Pressure (bar)
    8.07096e+05   -3.24316e+06   -2.15515e+06    3.02638e+02   -1.49234e+03
   Constr. rmsd
    1.96881e-05

           Step           Time
         287000     1578.50000

   Energies (kJ/mol)
           Bond          Angle       G96Angle    Proper Dih.          LJ-14
    6.34060e+05    1.45646e+05    2.01836e+04    3.81143e+04   -2.74602e+05
     Coulomb-14        LJ (SR)   Coulomb (SR)   COM Pull En.      Potential
    0.00000e+00   -4.98538e+06   -3.83800e+04    4.04026e+05   -4.05633e+06
    Kinetic En.   Total Energy  Conserved En.    Temperature Pressure (bar)
    8.08579e+05   -3.24775e+06   -2.15532e+06    3.03194e+02   -1.49643e+03
   Constr. rmsd
    1.70912e-05

           Step           Time
         288000     1584.00000

   Energies (kJ/mol)
           Bond          Angle       G96Angle    Proper Dih.          LJ-14
    6.34895e+05    1.45636e+05    2.02186e+04    3.78746e+04   -2.74669e+05
     Coulomb-14        LJ (SR)   Coulomb (SR)   COM Pull En.      Potential
    0.00000e+00   -4.98565e+06   -3.83331e+04    4.03642e+05   -4.05638e+06
    Kinetic En.   Total Energy  Conserved En.    Temperature Pressure (bar)
    8.08036e+05   -3.24835e+06   -2.15451e+06    3.02991e+02   -1.49456e+03
   Constr. rmsd
    1.86457e-05

           Step           Time
         289000     1589.50000

   Energies (kJ/mol)
           Bond          Angle       G96Angle    Proper Dih.          LJ-14
    6.33706e+05    1.44789e+05    1.98872e+04    3.82063e+04   -2.74560e+05
     Coulomb-14        LJ (SR)   Coulomb (SR)   COM Pull En.      Potential
    0.00000e+00   -4.98404e+06   -3.83093e+04    4.04512e+05   -4.05580e+06
    Kinetic En.   Total Energy  Conserved En.    Temperature Pressure (bar)
    8.10208e+05   -3.24560e+06   -2.15389e+06    3.03805e+02   -1.49001e+03
   Constr. rmsd
    1.66484e-05

           Step           Time
         290000     1595.00000

   Energies (kJ/mol)
           Bond          Angle       G96Angle    Proper Dih.          LJ-14
    6.36171e+05    1.44055e+05    2.00604e+04    3.80150e+04   -2.74701e+05
     Coulomb-14        LJ (SR)   Coulomb (SR)   COM Pull En.      Potential
    0.00000e+00   -4.98631e+06   -3.82691e+04    4.04164e+05   -4.05682e+06
    Kinetic En.   Total Energy  Conserved En.    Temperature Pressure (bar)
    8.06500e+05   -3.25032e+06   -2.15184e+06    3.02415e+02   -1.50617e+03
   Constr. rmsd
    1.68206e-05

           Step           Time
         291000     1600.50000

   Energies (kJ/mol)
           Bond          Angle       G96Angle    Proper Dih.          LJ-14
    6.35311e+05    1.44506e+05    2.00795e+04    3.79768e+04   -2.74582e+05
     Coulomb-14        LJ (SR)   Coulomb (SR)   COM Pull En.      Potential
    0.00000e+00   -4.98642e+06   -3.83471e+04    4.03440e+05   -4.05803e+06
    Kinetic En.   Total Energy  Conserved En.    Temperature Pressure (bar)
    8.06355e+05   -3.25168e+06   -2.15232e+06    3.02360e+02   -1.49120e+03
   Constr. rmsd
    1.76698e-05

           Step           Time
         292000     1606.00000

   Energies (kJ/mol)
           Bond          Angle       G96Angle    Proper Dih.          LJ-14
    6.35133e+05    1.45448e+05    2.00273e+04    3.79393e+04   -2.74628e+05
     Coulomb-14        LJ (SR)   Coulomb (SR)   COM Pull En.      Potential
    0.00000e+00   -4.98568e+06   -3.83531e+04    4.02535e+05   -4.05757e+06
    Kinetic En.   Total Energy  Conserved En.    Temperature Pressure (bar)
    8.07702e+05   -3.24987e+06   -2.15122e+06    3.02866e+02   -1.49260e+03
   Constr. rmsd
    1.59438e-05

           Step           Time
         293000     1611.50000

   Energies (kJ/mol)
           Bond          Angle       G96Angle    Proper Dih.          LJ-14
    6.36818e+05    1.45586e+05    2.00380e+04    3.80560e+04   -2.74500e+05
     Coulomb-14        LJ (SR)   Coulomb (SR)   COM Pull En.      Potential
    0.00000e+00   -4.98371e+06   -3.83032e+04    4.01101e+05   -4.05491e+06
    Kinetic En.   Total Energy  Conserved En.    Temperature Pressure (bar)
    8.07110e+05   -3.24780e+06   -2.14999e+06    3.02643e+02   -1.49859e+03
   Constr. rmsd
    1.71855e-05

           Step           Time
         294000     1617.00000

   Energies (kJ/mol)
           Bond          Angle       G96Angle    Proper Dih.          LJ-14
    6.39162e+05    1.43888e+05    2.02378e+04    3.80627e+04   -2.74529e+05
     Coulomb-14        LJ (SR)   Coulomb (SR)   COM Pull En.      Potential
    0.00000e+00   -4.98054e+06   -3.84047e+04    4.01914e+05   -4.05021e+06
    Kinetic En.   Total Energy  Conserved En.    Temperature Pressure (bar)
    8.09781e+05   -3.24043e+06   -2.14056e+06    3.03645e+02   -1.49544e+03
   Constr. rmsd
    1.64247e-05

           Step           Time
         295000     1622.50000

   Energies (kJ/mol)
           Bond          Angle       G96Angle    Proper Dih.          LJ-14
    6.37380e+05    1.45276e+05    2.02473e+04    3.78444e+04   -2.74325e+05
     Coulomb-14        LJ (SR)   Coulomb (SR)   COM Pull En.      Potential
    0.00000e+00   -4.98200e+06   -3.84136e+04    4.02830e+05   -4.05116e+06
    Kinetic En.   Total Energy  Conserved En.    Temperature Pressure (bar)
    8.10618e+05   -3.24054e+06   -2.13905e+06    3.03959e+02   -1.50324e+03
   Constr. rmsd
    1.76510e-05

           Step           Time
         296000     1628.00000

   Energies (kJ/mol)
           Bond          Angle       G96Angle    Proper Dih.          LJ-14
    6.33093e+05    1.44926e+05    1.99179e+04    3.80599e+04   -2.74649e+05
     Coulomb-14        LJ (SR)   Coulomb (SR)   COM Pull En.      Potential
    0.00000e+00   -4.98465e+06   -3.84477e+04    4.03369e+05   -4.05838e+06
    Kinetic En.   Total Energy  Conserved En.    Temperature Pressure (bar)
    8.09181e+05   -3.24920e+06   -2.14113e+06    3.03420e+02   -1.46847e+03
   Constr. rmsd
    1.77699e-05

           Step           Time
         297000     1633.50000

   Energies (kJ/mol)
           Bond          Angle       G96Angle    Proper Dih.          LJ-14
    6.33234e+05    1.45434e+05    2.00333e+04    3.78747e+04   -2.74745e+05
     Coulomb-14        LJ (SR)   Coulomb (SR)   COM Pull En.      Potential
    0.00000e+00   -4.98585e+06   -3.85702e+04    4.02310e+05   -4.06027e+06
    Kinetic En.   Total Energy  Conserved En.    Temperature Pressure (bar)
    8.08462e+05   -3.25181e+06   -2.14115e+06    3.03150e+02   -1.47510e+03
   Constr. rmsd
    1.87700e-05

           Step           Time
         298000     1639.00000

   Energies (kJ/mol)
           Bond          Angle       G96Angle    Proper Dih.          LJ-14
    6.34286e+05    1.44426e+05    2.02101e+04    3.82489e+04   -2.74714e+05
     Coulomb-14        LJ (SR)   Coulomb (SR)   COM Pull En.      Potential
    0.00000e+00   -4.98341e+06   -3.84012e+04    4.04209e+05   -4.05515e+06
    Kinetic En.   Total Energy  Conserved En.    Temperature Pressure (bar)
    8.11823e+05   -3.24333e+06   -2.13464e+06    3.04410e+02   -1.48805e+03
   Constr. rmsd
    2.00293e-05

           Step           Time
         299000     1644.50000

   Energies (kJ/mol)
           Bond          Angle       G96Angle    Proper Dih.          LJ-14
    6.34745e+05    1.44001e+05    1.99933e+04    3.76891e+04   -2.74081e+05
     Coulomb-14        LJ (SR)   Coulomb (SR)   COM Pull En.      Potential
    0.00000e+00   -4.98573e+06   -3.82413e+04    4.02030e+05   -4.05959e+06
    Kinetic En.   Total Energy  Conserved En.    Temperature Pressure (bar)
    8.09983e+05   -3.24961e+06   -2.13586e+06    3.03721e+02   -1.48532e+03
   Constr. rmsd
    1.76432e-05

           Step           Time
         300000     1650.00000

   Energies (kJ/mol)
           Bond          Angle       G96Angle    Proper Dih.          LJ-14
    6.34380e+05    1.44340e+05    1.99986e+04    3.77597e+04   -2.73942e+05
     Coulomb-14        LJ (SR)   Coulomb (SR)   COM Pull En.      Potential
    0.00000e+00   -4.98244e+06   -3.84454e+04    4.04966e+05   -4.05339e+06
    Kinetic En.   Total Energy  Conserved En.    Temperature Pressure (bar)
    8.09279e+05   -3.24411e+06   -2.12440e+06    3.03457e+02   -1.48750e+03
   Constr. rmsd
    1.80584e-05

           Step           Time
         301000     1655.50000

   Energies (kJ/mol)
           Bond          Angle       G96Angle    Proper Dih.          LJ-14
    6.35542e+05    1.45290e+05    2.00872e+04    3.78695e+04   -2.74170e+05
     Coulomb-14        LJ (SR)   Coulomb (SR)   COM Pull En.      Potential
    0.00000e+00   -4.98460e+06   -3.83815e+04    4.02526e+05   -4.05584e+06
    Kinetic En.   Total Energy  Conserved En.    Temperature Pressure (bar)
    8.08311e+05   -3.24752e+06   -2.12348e+06    3.03094e+02   -1.49869e+03
   Constr. rmsd
    1.64093e-05

           Step           Time
         302000     1661.00000

   Energies (kJ/mol)
           Bond          Angle       G96Angle    Proper Dih.          LJ-14
    6.36319e+05    1.43576e+05    1.99800e+04    3.75920e+04   -2.74452e+05
     Coulomb-14        LJ (SR)   Coulomb (SR)   COM Pull En.      Potential
    0.00000e+00   -4.98145e+06   -3.83422e+04    4.02972e+05   -4.05381e+06
    Kinetic En.   Total Energy  Conserved En.    Temperature Pressure (bar)
    8.05350e+05   -3.24846e+06   -2.12255e+06    3.01983e+02   -1.51031e+03
   Constr. rmsd
    1.72831e-05

           Step           Time
         303000     1666.50000

   Energies (kJ/mol)
           Bond          Angle       G96Angle    Proper Dih.          LJ-14
    6.37655e+05    1.44265e+05    1.98793e+04    3.78686e+04   -2.74292e+05
     Coulomb-14        LJ (SR)   Coulomb (SR)   COM Pull En.      Potential
    0.00000e+00   -4.98440e+06   -3.84107e+04    4.01280e+05   -4.05616e+06
    Kinetic En.   Total Energy  Conserved En.    Temperature Pressure (bar)
    8.07591e+05   -3.24857e+06   -2.12014e+06    3.02824e+02   -1.49771e+03
   Constr. rmsd
    1.90761e-05

           Step           Time
         304000     1672.00000

   Energies (kJ/mol)
           Bond          Angle       G96Angle    Proper Dih.          LJ-14
    6.38766e+05    1.45283e+05    1.98970e+04    3.78781e+04   -2.74276e+05
     Coulomb-14        LJ (SR)   Coulomb (SR)   COM Pull En.      Potential
    0.00000e+00   -4.98810e+06   -3.83000e+04    3.98250e+05   -4.06060e+06
    Kinetic En.   Total Energy  Conserved En.    Temperature Pressure (bar)
    8.05298e+05   -3.25530e+06   -2.11860e+06    3.01964e+02   -1.51547e+03
   Constr. rmsd
    1.65668e-05

           Step           Time
         305000     1677.50000

   Energies (kJ/mol)
           Bond          Angle       G96Angle    Proper Dih.          LJ-14
    6.38335e+05    1.45320e+05    2.00407e+04    3.78720e+04   -2.74346e+05
     Coulomb-14        LJ (SR)   Coulomb (SR)   COM Pull En.      Potential
    0.00000e+00   -4.98758e+06   -3.82699e+04    3.97683e+05   -4.06094e+06
    Kinetic En.   Total Energy  Conserved En.    Temperature Pressure (bar)
    8.07425e+05   -3.25352e+06   -2.11809e+06    3.02761e+02   -1.51055e+03
   Constr. rmsd
    1.72773e-05

           Step           Time
         306000     1683.00000

   Energies (kJ/mol)
           Bond          Angle       G96Angle    Proper Dih.          LJ-14
    6.38999e+05    1.44794e+05    1.98852e+04    3.78643e+04   -2.74599e+05
     Coulomb-14        LJ (SR)   Coulomb (SR)   COM Pull En.      Potential
    0.00000e+00   -4.98324e+06   -3.82244e+04    3.98138e+05   -4.05638e+06
    Kinetic En.   Total Energy  Conserved En.    Temperature Pressure (bar)
    8.08124e+05   -3.24825e+06   -2.11792e+06    3.03024e+02   -1.49113e+03
   Constr. rmsd
    1.65366e-05

           Step           Time
         307000     1688.50000

   Energies (kJ/mol)
           Bond          Angle       G96Angle    Proper Dih.          LJ-14
    6.38690e+05    1.45380e+05    2.01856e+04    3.79886e+04   -2.74336e+05
     Coulomb-14        LJ (SR)   Coulomb (SR)   COM Pull En.      Potential
    0.00000e+00   -4.98407e+06   -3.81069e+04    3.98277e+05   -4.05599e+06
    Kinetic En.   Total Energy  Conserved En.    Temperature Pressure (bar)
    8.06502e+05   -3.24948e+06   -2.11616e+06    3.02416e+02   -1.51337e+03
   Constr. rmsd
    1.86610e-05

           Step           Time
         308000     1694.00000

   Energies (kJ/mol)
           Bond          Angle       G96Angle    Proper Dih.          LJ-14
    6.39096e+05    1.44454e+05    1.99962e+04    3.81236e+04   -2.74250e+05
     Coulomb-14        LJ (SR)   Coulomb (SR)   COM Pull En.      Potential
    0.00000e+00   -4.98290e+06   -3.83144e+04    3.99534e+05   -4.05426e+06
    Kinetic En.   Total Energy  Conserved En.    Temperature Pressure (bar)
    8.07563e+05   -3.24669e+06   -2.11430e+06    3.02813e+02   -1.52060e+03
   Constr. rmsd
    1.82843e-05

           Step           Time
         309000     1699.50000

   Energies (kJ/mol)
           Bond          Angle       G96Angle    Proper Dih.          LJ-14
    6.34684e+05    1.44861e+05    1.98952e+04    3.79251e+04   -2.74564e+05
     Coulomb-14        LJ (SR)   Coulomb (SR)   COM Pull En.      Potential
    0.00000e+00   -4.98682e+06   -3.83426e+04    4.00856e+05   -4.06150e+06
    Kinetic En.   Total Energy  Conserved En.    Temperature Pressure (bar)
    8.05926e+05   -3.25558e+06   -2.11464e+06    3.02200e+02   -1.50338e+03
   Constr. rmsd
    1.85157e-05

           Step           Time
         310000     1705.00000

   Energies (kJ/mol)
           Bond          Angle       G96Angle    Proper Dih.          LJ-14
    6.36389e+05    1.44048e+05    2.00966e+04    3.80003e+04   -2.74589e+05
     Coulomb-14        LJ (SR)   Coulomb (SR)   COM Pull En.      Potential
    0.00000e+00   -4.98557e+06   -3.84197e+04    4.00241e+05   -4.05980e+06
    Kinetic En.   Total Energy  Conserved En.    Temperature Pressure (bar)
    8.08008e+05   -3.25179e+06   -2.11491e+06    3.02980e+02   -1.49165e+03
   Constr. rmsd
    1.70508e-05

           Step           Time
         311000     1710.50000

   Energies (kJ/mol)
           Bond          Angle       G96Angle    Proper Dih.          LJ-14
    6.34595e+05    1.45320e+05    2.01858e+04    3.81922e+04   -2.74523e+05
     Coulomb-14        LJ (SR)   Coulomb (SR)   COM Pull En.      Potential
    0.00000e+00   -4.98599e+06   -3.84324e+04    4.01310e+05   -4.05935e+06
    Kinetic En.   Total Energy  Conserved En.    Temperature Pressure (bar)
    8.09750e+05   -3.24960e+06   -2.11403e+06    3.03633e+02   -1.49034e+03
   Constr. rmsd
    1.80580e-05

           Step           Time
         312000     1716.00000

   Energies (kJ/mol)
           Bond          Angle       G96Angle    Proper Dih.          LJ-14
    6.32991e+05    1.44777e+05    2.02390e+04    3.82991e+04   -2.74321e+05
     Coulomb-14        LJ (SR)   Coulomb (SR)   COM Pull En.      Potential
    0.00000e+00   -4.99016e+06   -3.83825e+04    4.02186e+05   -4.06437e+06
    Kinetic En.   Total Energy  Conserved En.    Temperature Pressure (bar)
    8.09004e+05   -3.25536e+06   -2.11482e+06    3.03354e+02   -1.49515e+03
   Constr. rmsd
    1.60046e-05

           Step           Time
         313000     1721.50000

   Energies (kJ/mol)
           Bond          Angle       G96Angle    Proper Dih.          LJ-14
    6.33650e+05    1.44051e+05    2.00484e+04    3.80131e+04   -2.74323e+05
     Coulomb-14        LJ (SR)   Coulomb (SR)   COM Pull En.      Potential
    0.00000e+00   -4.98700e+06   -3.81221e+04    4.03067e+05   -4.06062e+06
    Kinetic En.   Total Energy  Conserved En.    Temperature Pressure (bar)
    8.07034e+05   -3.25358e+06   -2.11251e+06    3.02615e+02   -1.48703e+03
   Constr. rmsd
    1.51079e-05

           Step           Time
         314000     1727.00000

   Energies (kJ/mol)
           Bond          Angle       G96Angle    Proper Dih.          LJ-14
    6.32297e+05    1.44616e+05    2.03172e+04    3.78550e+04   -2.74442e+05
     Coulomb-14        LJ (SR)   Coulomb (SR)   COM Pull En.      Potential
    0.00000e+00   -4.98705e+06   -3.82320e+04    4.03456e+05   -4.06118e+06
    Kinetic En.   Total Energy  Conserved En.    Temperature Pressure (bar)
    8.05228e+05   -3.25595e+06   -2.11087e+06    3.01938e+02   -1.48731e+03
   Constr. rmsd
    1.73513e-05

           Step           Time
         315000     1732.50000

   Energies (kJ/mol)
           Bond          Angle       G96Angle    Proper Dih.          LJ-14
    6.31577e+05    1.44264e+05    2.02403e+04    3.78921e+04   -2.75202e+05
     Coulomb-14        LJ (SR)   Coulomb (SR)   COM Pull En.      Potential
    0.00000e+00   -4.98553e+06   -3.84060e+04    4.04821e+05   -4.06035e+06
    Kinetic En.   Total Energy  Conserved En.    Temperature Pressure (bar)
    8.06628e+05   -3.25372e+06   -2.11002e+06    3.02463e+02   -1.48918e+03
   Constr. rmsd
    1.80530e-05

           Step           Time
         316000     1738.00000

   Energies (kJ/mol)
           Bond          Angle       G96Angle    Proper Dih.          LJ-14
    6.34667e+05    1.45841e+05    1.99079e+04    3.82452e+04   -2.74354e+05
     Coulomb-14        LJ (SR)   Coulomb (SR)   COM Pull En.      Potential
    0.00000e+00   -4.98378e+06   -3.82774e+04    4.02458e+05   -4.05529e+06
    Kinetic En.   Total Energy  Conserved En.    Temperature Pressure (bar)
    8.08816e+05   -3.24648e+06   -2.10593e+06    3.03283e+02   -1.50832e+03
   Constr. rmsd
    1.77376e-05

           Step           Time
         317000     1743.50000

   Energies (kJ/mol)
           Bond          Angle       G96Angle    Proper Dih.          LJ-14
    6.37452e+05    1.45094e+05    1.99619e+04    3.86451e+04   -2.74671e+05
     Coulomb-14        LJ (SR)   Coulomb (SR)   COM Pull En.      Potential
    0.00000e+00   -4.98442e+06   -3.83790e+04    3.99960e+05   -4.05636e+06
    Kinetic En.   Total Energy  Conserved En.    Temperature Pressure (bar)
    8.07459e+05   -3.24890e+06   -2.09982e+06    3.02774e+02   -1.51160e+03
   Constr. rmsd
    1.61315e-05

           Step           Time
         318000     1749.00000

   Energies (kJ/mol)
           Bond          Angle       G96Angle    Proper Dih.          LJ-14
    6.34552e+05    1.45567e+05    1.98156e+04    3.76111e+04   -2.74292e+05
     Coulomb-14        LJ (SR)   Coulomb (SR)   COM Pull En.      Potential
    0.00000e+00   -4.98285e+06   -3.83923e+04    4.01697e+05   -4.05629e+06
    Kinetic En.   Total Energy  Conserved En.    Temperature Pressure (bar)
    8.08248e+05   -3.24804e+06   -2.09989e+06    3.03070e+02   -1.49665e+03
   Constr. rmsd
    1.74004e-05

           Step           Time
         319000     1754.50000

   Energies (kJ/mol)
           Bond          Angle       G96Angle    Proper Dih.          LJ-14
    6.32334e+05    1.43493e+05    2.01254e+04    3.85603e+04   -2.74218e+05
     Coulomb-14        LJ (SR)   Coulomb (SR)   COM Pull En.      Potential
    0.00000e+00   -4.98567e+06   -3.81868e+04    4.04033e+05   -4.05953e+06
    Kinetic En.   Total Energy  Conserved En.    Temperature Pressure (bar)
    8.07307e+05   -3.25222e+06   -2.09935e+06    3.02717e+02   -1.48782e+03
   Constr. rmsd
    1.64765e-05

           Step           Time
         320000     1760.00000

   Energies (kJ/mol)
           Bond          Angle       G96Angle    Proper Dih.          LJ-14
    6.32145e+05    1.43633e+05    1.97595e+04    3.81849e+04   -2.74577e+05
     Coulomb-14        LJ (SR)   Coulomb (SR)   COM Pull En.      Potential
    0.00000e+00   -4.99001e+06   -3.82107e+04    4.01835e+05   -4.06724e+06
    Kinetic En.   Total Energy  Conserved En.    Temperature Pressure (bar)
    8.07148e+05   -3.26010e+06   -2.10043e+06    3.02658e+02   -1.47984e+03
   Constr. rmsd
    1.69623e-05

           Step           Time
         321000     1765.50000

   Energies (kJ/mol)
           Bond          Angle       G96Angle    Proper Dih.          LJ-14
    6.33527e+05    1.44067e+05    1.99942e+04    3.77554e+04   -2.74680e+05
     Coulomb-14        LJ (SR)   Coulomb (SR)   COM Pull En.      Potential
    0.00000e+00   -4.98934e+06   -3.82244e+04    3.99835e+05   -4.06707e+06
    Kinetic En.   Total Energy  Conserved En.    Temperature Pressure (bar)
    8.07329e+05   -3.25974e+06   -2.09984e+06    3.02725e+02   -1.48778e+03
   Constr. rmsd
    2.00996e-05

           Step           Time
         322000     1771.00000

   Energies (kJ/mol)
           Bond          Angle       G96Angle    Proper Dih.          LJ-14
    6.31305e+05    1.44548e+05    1.97188e+04    3.79071e+04   -2.74064e+05
     Coulomb-14        LJ (SR)   Coulomb (SR)   COM Pull En.      Potential
    0.00000e+00   -4.99258e+06   -3.84440e+04    4.01623e+05   -4.06999e+06
    Kinetic En.   Total Energy  Conserved En.    Temperature Pressure (bar)
    8.11671e+05   -3.25832e+06   -2.10069e+06    3.04354e+02   -1.46983e+03
   Constr. rmsd
    1.90459e-05

           Step           Time
         323000     1776.50000

   Energies (kJ/mol)
           Bond          Angle       G96Angle    Proper Dih.          LJ-14
    6.31584e+05    1.44790e+05    1.99258e+04    3.82907e+04   -2.74622e+05
     Coulomb-14        LJ (SR)   Coulomb (SR)   COM Pull En.      Potential
    0.00000e+00   -4.98876e+06   -3.83812e+04    4.00667e+05   -4.06651e+06
    Kinetic En.   Total Energy  Conserved En.    Temperature Pressure (bar)
    8.07148e+05   -3.25936e+06   -2.09976e+06    3.02658e+02   -1.46107e+03
   Constr. rmsd
    1.76643e-05

           Step           Time
         324000     1782.00000

   Energies (kJ/mol)
           Bond          Angle       G96Angle    Proper Dih.          LJ-14
    6.31178e+05    1.44428e+05    1.98717e+04    3.77015e+04   -2.74268e+05
     Coulomb-14        LJ (SR)   Coulomb (SR)   COM Pull En.      Potential
    0.00000e+00   -4.98906e+06   -3.83412e+04    4.01513e+05   -4.06698e+06
    Kinetic En.   Total Energy  Conserved En.    Temperature Pressure (bar)
    8.08117e+05   -3.25886e+06   -2.09892e+06    3.03021e+02   -1.47360e+03
   Constr. rmsd
    1.72155e-05

           Step           Time
         325000     1787.50000

   Energies (kJ/mol)
           Bond          Angle       G96Angle    Proper Dih.          LJ-14
    6.33299e+05    1.43685e+05    1.99071e+04    3.80516e+04   -2.74197e+05
     Coulomb-14        LJ (SR)   Coulomb (SR)   COM Pull En.      Potential
    0.00000e+00   -4.99188e+06   -3.81703e+04    3.99168e+05   -4.07013e+06
    Kinetic En.   Total Energy  Conserved En.    Temperature Pressure (bar)
    8.10113e+05   -3.26002e+06   -2.09850e+06    3.03769e+02   -1.47778e+03
   Constr. rmsd
    1.95847e-05

           Step           Time
         326000     1793.00000

   Energies (kJ/mol)
           Bond          Angle       G96Angle    Proper Dih.          LJ-14
    6.35909e+05    1.43839e+05    2.01617e+04    3.79248e+04   -2.74443e+05
     Coulomb-14        LJ (SR)   Coulomb (SR)   COM Pull En.      Potential
    0.00000e+00   -4.98897e+06   -3.83807e+04    3.98267e+05   -4.06569e+06
    Kinetic En.   Total Energy  Conserved En.    Temperature Pressure (bar)
    8.12510e+05   -3.25318e+06   -2.09641e+06    3.04668e+02   -1.49359e+03
   Constr. rmsd
    1.68211e-05

           Step           Time
         327000     1798.50000

   Energies (kJ/mol)
           Bond          Angle       G96Angle    Proper Dih.          LJ-14
    6.36339e+05    1.44804e+05    2.01698e+04    3.84495e+04   -2.74274e+05
     Coulomb-14        LJ (SR)   Coulomb (SR)   COM Pull En.      Potential
    0.00000e+00   -4.98736e+06   -3.82839e+04    3.99165e+05   -4.06099e+06
    Kinetic En.   Total Energy  Conserved En.    Temperature Pressure (bar)
    8.08436e+05   -3.25255e+06   -2.09405e+06    3.03141e+02   -1.50861e+03
   Constr. rmsd
    1.95768e-05

           Step           Time
         328000     1804.00000

   Energies (kJ/mol)
           Bond          Angle       G96Angle    Proper Dih.          LJ-14
    6.33210e+05    1.45486e+05    1.97324e+04    3.83392e+04   -2.74095e+05
     Coulomb-14        LJ (SR)   Coulomb (SR)   COM Pull En.      Potential
    0.00000e+00   -4.98751e+06   -3.82042e+04    4.00333e+05   -4.06270e+06
    Kinetic En.   Total Energy  Conserved En.    Temperature Pressure (bar)
    8.05190e+05   -3.25751e+06   -2.09286e+06    3.01923e+02   -1.51588e+03
   Constr. rmsd
    1.70345e-05

           Step           Time
         329000     1809.50000

   Energies (kJ/mol)
           Bond          Angle       G96Angle    Proper Dih.          LJ-14
    6.35226e+05    1.44105e+05    2.01810e+04    3.78320e+04   -2.74148e+05
     Coulomb-14        LJ (SR)   Coulomb (SR)   COM Pull En.      Potential
    0.00000e+00   -4.98366e+06   -3.83481e+04    4.01423e+05   -4.05739e+06
    Kinetic En.   Total Energy  Conserved En.    Temperature Pressure (bar)
    8.09064e+05   -3.24832e+06   -2.09181e+06    3.03376e+02   -1.50025e+03
   Constr. rmsd
    1.65932e-05

           Step           Time
         330000     1815.00000

   Energies (kJ/mol)
           Bond          Angle       G96Angle    Proper Dih.          LJ-14
    6.32063e+05    1.44334e+05    2.01364e+04    3.78519e+04   -2.74392e+05
     Coulomb-14        LJ (SR)   Coulomb (SR)   COM Pull En.      Potential
    0.00000e+00   -4.98453e+06   -3.84137e+04    4.02553e+05   -4.06040e+06
    Kinetic En.   Total Energy  Conserved En.    Temperature Pressure (bar)
    8.05820e+05   -3.25458e+06   -2.09182e+06    3.02160e+02   -1.50078e+03
   Constr. rmsd
    1.80535e-05

           Step           Time
         331000     1820.50000

   Energies (kJ/mol)
           Bond          Angle       G96Angle    Proper Dih.          LJ-14
    6.33168e+05    1.44326e+05    1.99966e+04    3.81224e+04   -2.74027e+05
     Coulomb-14        LJ (SR)   Coulomb (SR)   COM Pull En.      Potential
    0.00000e+00   -4.98837e+06   -3.84007e+04    4.00615e+05   -4.06457e+06
    Kinetic En.   Total Energy  Conserved En.    Temperature Pressure (bar)
    8.07320e+05   -3.25725e+06   -2.09284e+06    3.02722e+02   -1.48617e+03
   Constr. rmsd
    1.72878e-05

           Step           Time
         332000     1826.00000

   Energies (kJ/mol)
           Bond          Angle       G96Angle    Proper Dih.          LJ-14
    6.34536e+05    1.44042e+05    2.04055e+04    3.80628e+04   -2.74145e+05
     Coulomb-14        LJ (SR)   Coulomb (SR)   COM Pull En.      Potential
    0.00000e+00   -4.98571e+06   -3.84946e+04    3.99571e+05   -4.06174e+06
    Kinetic En.   Total Energy  Conserved En.    Temperature Pressure (bar)
    8.07270e+05   -3.25446e+06   -2.08951e+06    3.02703e+02   -1.47469e+03
   Constr. rmsd
    1.77012e-05

           Step           Time
         333000     1831.50000

   Energies (kJ/mol)
           Bond          Angle       G96Angle    Proper Dih.          LJ-14
    6.31842e+05    1.45724e+05    2.02615e+04    3.83762e+04   -2.74003e+05
     Coulomb-14        LJ (SR)   Coulomb (SR)   COM Pull En.      Potential
    0.00000e+00   -4.98463e+06   -3.84735e+04    4.00388e+05   -4.06052e+06
    Kinetic En.   Total Energy  Conserved En.    Temperature Pressure (bar)
    8.08551e+05   -3.25197e+06   -2.08691e+06    3.03184e+02   -1.48235e+03
   Constr. rmsd
    1.85077e-05

           Step           Time
         334000     1837.00000

   Energies (kJ/mol)
           Bond          Angle       G96Angle    Proper Dih.          LJ-14
    6.33959e+05    1.45261e+05    2.00930e+04    3.74544e+04   -2.74402e+05
     Coulomb-14        LJ (SR)   Coulomb (SR)   COM Pull En.      Potential
    0.00000e+00   -4.98229e+06   -3.82644e+04    3.99810e+05   -4.05838e+06
    Kinetic En.   Total Energy  Conserved En.    Temperature Pressure (bar)
    8.08044e+05   -3.25034e+06   -2.08507e+06    3.02994e+02   -1.49774e+03
   Constr. rmsd
    1.82051e-05

           Step           Time
         335000     1842.50000

   Energies (kJ/mol)
           Bond          Angle       G96Angle    Proper Dih.          LJ-14
    6.35857e+05    1.45235e+05    1.99627e+04    3.73956e+04   -2.74353e+05
     Coulomb-14        LJ (SR)   Coulomb (SR)   COM Pull En.      Potential
    0.00000e+00   -4.98165e+06   -3.81765e+04    3.98895e+05   -4.05684e+06
    Kinetic En.   Total Energy  Conserved En.    Temperature Pressure (bar)
    8.06900e+05   -3.24994e+06   -2.08405e+06    3.02565e+02   -1.50674e+03
   Constr. rmsd
    1.68389e-05

           Step           Time
         336000     1848.00000

   Energies (kJ/mol)
           Bond          Angle       G96Angle    Proper Dih.          LJ-14
    6.33722e+05    1.45679e+05    1.97221e+04    3.81349e+04   -2.74513e+05
     Coulomb-14        LJ (SR)   Coulomb (SR)   COM Pull En.      Potential
    0.00000e+00   -4.98302e+06   -3.82448e+04    3.99745e+05   -4.05877e+06
    Kinetic En.   Total Energy  Conserved En.    Temperature Pressure (bar)
    8.09172e+05   -3.24960e+06   -2.08506e+06    3.03416e+02   -1.49373e+03
   Constr. rmsd
    1.90988e-05

           Step           Time
         337000     1853.50000

   Energies (kJ/mol)
           Bond          Angle       G96Angle    Proper Dih.          LJ-14
    6.34185e+05    1.44569e+05    2.00172e+04    3.82734e+04   -2.74516e+05
     Coulomb-14        LJ (SR)   Coulomb (SR)   COM Pull En.      Potential
    0.00000e+00   -4.99017e+06   -3.83261e+04    3.98019e+05   -4.06795e+06
    Kinetic En.   Total Energy  Conserved En.    Temperature Pressure (bar)
    8.09835e+05   -3.25811e+06   -2.08534e+06    3.03665e+02   -1.49079e+03
   Constr. rmsd
    1.82976e-05

           Step           Time
         338000     1859.00000

   Energies (kJ/mol)
           Bond          Angle       G96Angle    Proper Dih.          LJ-14
    6.34209e+05    1.43971e+05    2.04315e+04    3.82704e+04   -2.74451e+05
     Coulomb-14        LJ (SR)   Coulomb (SR)   COM Pull En.      Potential
    0.00000e+00   -4.98548e+06   -3.83495e+04    3.99079e+05   -4.06231e+06
    Kinetic En.   Total Energy  Conserved En.    Temperature Pressure (bar)
    8.11516e+05   -3.25080e+06   -2.08375e+06    3.04296e+02   -1.46371e+03
   Constr. rmsd
    1.62391e-05

           Step           Time
         339000     1864.50000

   Energies (kJ/mol)
           Bond          Angle       G96Angle    Proper Dih.          LJ-14
    6.34304e+05    1.43789e+05    1.99793e+04    3.78924e+04   -2.74289e+05
     Coulomb-14        LJ (SR)   Coulomb (SR)   COM Pull En.      Potential
    0.00000e+00   -4.98996e+06   -3.81980e+04    3.98201e+05   -4.06828e+06
    Kinetic En.   Total Energy  Conserved En.    Temperature Pressure (bar)
    8.07653e+05   -3.26063e+06   -2.08413e+06    3.02847e+02   -1.47801e+03
   Constr. rmsd
    1.78694e-05

           Step           Time
         340000     1870.00000

   Energies (kJ/mol)
           Bond          Angle       G96Angle    Proper Dih.          LJ-14
    6.37667e+05    1.44705e+05    2.01216e+04    3.78844e+04   -2.73693e+05
     Coulomb-14        LJ (SR)   Coulomb (SR)   COM Pull En.      Potential
    0.00000e+00   -4.98272e+06   -3.82901e+04    3.96677e+05   -4.05764e+06
    Kinetic En.   Total Energy  Conserved En.    Temperature Pressure (bar)
    8.13266e+05   -3.24438e+06   -2.08082e+06    3.04952e+02   -1.48899e+03
   Constr. rmsd
    1.60545e-05

           Step           Time
         341000     1875.50000

   Energies (kJ/mol)
           Bond          Angle       G96Angle    Proper Dih.          LJ-14
    6.35071e+05    1.44615e+05    1.99379e+04    3.79628e+04   -2.74301e+05
     Coulomb-14        LJ (SR)   Coulomb (SR)   COM Pull En.      Potential
    0.00000e+00   -4.98293e+06   -3.83662e+04    3.99460e+05   -4.05855e+06
    Kinetic En.   Total Energy  Conserved En.    Temperature Pressure (bar)
    8.09265e+05   -3.24929e+06   -2.07991e+06    3.03451e+02   -1.49466e+03
   Constr. rmsd
    1.60894e-05

           Step           Time
         342000     1881.00000

   Energies (kJ/mol)
           Bond          Angle       G96Angle    Proper Dih.          LJ-14
    6.37427e+05    1.43365e+05    2.01710e+04    3.79696e+04   -2.74040e+05
     Coulomb-14        LJ (SR)   Coulomb (SR)   COM Pull En.      Potential
    0.00000e+00   -4.98863e+06   -3.84380e+04    3.96084e+05   -4.06610e+06
    Kinetic En.   Total Energy  Conserved En.    Temperature Pressure (bar)
    8.10913e+05   -3.25518e+06   -2.08154e+06    3.04069e+02   -1.48611e+03
   Constr. rmsd
    1.71208e-05

           Step           Time
         343000     1886.50000

   Energies (kJ/mol)
           Bond          Angle       G96Angle    Proper Dih.          LJ-14
    6.32566e+05    1.44905e+05    2.02582e+04    3.79328e+04   -2.74153e+05
     Coulomb-14        LJ (SR)   Coulomb (SR)   COM Pull En.      Potential
    0.00000e+00   -4.98747e+06   -3.86333e+04    3.98975e+05   -4.06562e+06
    Kinetic En.   Total Energy  Conserved En.    Temperature Pressure (bar)
    8.07761e+05   -3.25786e+06   -2.08052e+06    3.02887e+02   -1.48708e+03
   Constr. rmsd
    1.70057e-05

           Step           Time
         344000     1892.00000

   Energies (kJ/mol)
           Bond          Angle       G96Angle    Proper Dih.          LJ-14
    6.32980e+05    1.44408e+05    2.00983e+04    3.81005e+04   -2.74592e+05
     Coulomb-14        LJ (SR)   Coulomb (SR)   COM Pull En.      Potential
    0.00000e+00   -4.98946e+06   -3.85612e+04    3.97399e+05   -4.06962e+06
    Kinetic En.   Total Energy  Conserved En.    Temperature Pressure (bar)
    8.08263e+05   -3.26136e+06   -2.08126e+06    3.03076e+02   -1.48274e+03
   Constr. rmsd
    1.57388e-05

           Step           Time
         345000     1897.50000

   Energies (kJ/mol)
           Bond          Angle       G96Angle    Proper Dih.          LJ-14
    6.34980e+05    1.44192e+05    1.98777e+04    3.84673e+04   -2.74329e+05
     Coulomb-14        LJ (SR)   Coulomb (SR)   COM Pull En.      Potential
    0.00000e+00   -4.98616e+06   -3.84754e+04    3.98017e+05   -4.06343e+06
    Kinetic En.   Total Energy  Conserved En.    Temperature Pressure (bar)
    8.05094e+05   -3.25834e+06   -2.07742e+06    3.01887e+02   -1.49218e+03
   Constr. rmsd
    1.88145e-05

           Step           Time
         346000     1903.00000

   Energies (kJ/mol)
           Bond          Angle       G96Angle    Proper Dih.          LJ-14
    6.32269e+05    1.44019e+05    2.00745e+04    3.80004e+04   -2.74470e+05
     Coulomb-14        LJ (SR)   Coulomb (SR)   COM Pull En.      Potential
    0.00000e+00   -4.99119e+06   -3.84888e+04    3.98758e+05   -4.07103e+06
    Kinetic En.   Total Energy  Conserved En.    Temperature Pressure (bar)
    8.09394e+05   -3.26164e+06   -2.07881e+06    3.03500e+02   -1.47808e+03
   Constr. rmsd
    1.88172e-05

           Step           Time
         347000     1908.50000

   Energies (kJ/mol)
           Bond          Angle       G96Angle    Proper Dih.          LJ-14
    6.32189e+05    1.44390e+05    2.02422e+04    3.77588e+04   -2.74056e+05
     Coulomb-14        LJ (SR)   Coulomb (SR)   COM Pull En.      Potential
    0.00000e+00   -4.98577e+06   -3.86244e+04    3.99784e+05   -4.06409e+06
    Kinetic En.   Total Energy  Conserved En.    Temperature Pressure (bar)
    8.04579e+05   -3.25951e+06   -2.07665e+06    3.01694e+02   -1.47671e+03
   Constr. rmsd
    1.82458e-05

           Step           Time
         348000     1914.00000

   Energies (kJ/mol)
           Bond          Angle       G96Angle    Proper Dih.          LJ-14
    6.34547e+05    1.45048e+05    2.00154e+04    3.75661e+04   -2.73796e+05
     Coulomb-14        LJ (SR)   Coulomb (SR)   COM Pull En.      Potential
    0.00000e+00   -4.98390e+06   -3.86122e+04    3.98296e+05   -4.06084e+06
    Kinetic En.   Total Energy  Conserved En.    Temperature Pressure (bar)
    8.05001e+05   -3.25584e+06   -2.07374e+06    3.01853e+02   -1.51037e+03
   Constr. rmsd
    1.92446e-05

           Step           Time
         349000     1919.50000

   Energies (kJ/mol)
           Bond          Angle       G96Angle    Proper Dih.          LJ-14
    6.36698e+05    1.44495e+05    2.00993e+04    3.78424e+04   -2.74065e+05
     Coulomb-14        LJ (SR)   Coulomb (SR)   COM Pull En.      Potential
    0.00000e+00   -4.98137e+06   -3.86509e+04    3.97978e+05   -4.05697e+06
    Kinetic En.   Total Energy  Conserved En.    Temperature Pressure (bar)
    8.04545e+05   -3.25242e+06   -2.07285e+06    3.01682e+02   -1.50794e+03
   Constr. rmsd
    1.70726e-05

           Step           Time
         350000     1925.00000

   Energies (kJ/mol)
           Bond          Angle       G96Angle    Proper Dih.          LJ-14
    6.34492e+05    1.44524e+05    2.00519e+04    3.79296e+04   -2.73684e+05
     Coulomb-14        LJ (SR)   Coulomb (SR)   COM Pull En.      Potential
    0.00000e+00   -4.98792e+06   -3.83955e+04    3.97197e+05   -4.06581e+06
    Kinetic En.   Total Energy  Conserved En.    Temperature Pressure (bar)
    8.09199e+05   -3.25661e+06   -2.07406e+06    3.03427e+02   -1.51327e+03
   Constr. rmsd
    1.92231e-05

           Step           Time
         351000     1930.50000

   Energies (kJ/mol)
           Bond          Angle       G96Angle    Proper Dih.          LJ-14
    6.32842e+05    1.44024e+05    2.01858e+04    3.83139e+04   -2.73604e+05
     Coulomb-14        LJ (SR)   Coulomb (SR)   COM Pull En.      Potential
    0.00000e+00   -4.98476e+06   -3.85512e+04    3.99065e+05   -4.06248e+06
    Kinetic En.   Total Energy  Conserved En.    Temperature Pressure (bar)
    8.09566e+05   -3.25292e+06   -2.07137e+06    3.03564e+02   -1.47510e+03
   Constr. rmsd
    1.73205e-05

           Step           Time
         352000     1936.00000

   Energies (kJ/mol)
           Bond          Angle       G96Angle    Proper Dih.          LJ-14
    6.37284e+05    1.43887e+05    2.00059e+04    3.80712e+04   -2.74006e+05
     Coulomb-14        LJ (SR)   Coulomb (SR)   COM Pull En.      Potential
    0.00000e+00   -4.98232e+06   -3.85192e+04    3.96125e+05   -4.05947e+06
    Kinetic En.   Total Energy  Conserved En.    Temperature Pressure (bar)
    8.11220e+05   -3.24825e+06   -2.06929e+06    3.04185e+02   -1.49074e+03
   Constr. rmsd
    1.93906e-05

           Step           Time
         353000     1941.50000

   Energies (kJ/mol)
           Bond          Angle       G96Angle    Proper Dih.          LJ-14
    6.36426e+05    1.44919e+05    2.01609e+04    3.82264e+04   -2.73966e+05
     Coulomb-14        LJ (SR)   Coulomb (SR)   COM Pull En.      Potential
    0.00000e+00   -4.98533e+06   -3.86270e+04    3.94156e+05   -4.06403e+06
    Kinetic En.   Total Energy  Conserved En.    Temperature Pressure (bar)
    8.08187e+05   -3.25585e+06   -2.07050e+06    3.03047e+02   -1.48234e+03
   Constr. rmsd
    1.78261e-05

           Step           Time
         354000     1947.00000

   Energies (kJ/mol)
           Bond          Angle       G96Angle    Proper Dih.          LJ-14
    6.37607e+05    1.45393e+05    1.98625e+04    3.85724e+04   -2.73327e+05
     Coulomb-14        LJ (SR)   Coulomb (SR)   COM Pull En.      Potential
    0.00000e+00   -4.98555e+06   -3.85284e+04    3.92077e+05   -4.06389e+06
    Kinetic En.   Total Energy  Conserved En.    Temperature Pressure (bar)
    8.07420e+05   -3.25647e+06   -2.06992e+06    3.02760e+02   -1.47796e+03
   Constr. rmsd
    1.75462e-05

           Step           Time
         355000     1952.50000

   Energies (kJ/mol)
           Bond          Angle       G96Angle    Proper Dih.          LJ-14
    6.38206e+05    1.45018e+05    2.01736e+04    3.82883e+04   -2.74069e+05
     Coulomb-14        LJ (SR)   Coulomb (SR)   COM Pull En.      Potential
    0.00000e+00   -4.98275e+06   -3.86382e+04    3.94299e+05   -4.05947e+06
    Kinetic En.   Total Energy  Conserved En.    Temperature Pressure (bar)
    8.09542e+05   -3.24993e+06   -2.06719e+06    3.03556e+02   -1.49832e+03
   Constr. rmsd
    1.76665e-05

           Step           Time
         356000     1958.00000

   Energies (kJ/mol)
           Bond          Angle       G96Angle    Proper Dih.          LJ-14
    6.37027e+05    1.44080e+05    1.99612e+04    3.80928e+04   -2.73576e+05
     Coulomb-14        LJ (SR)   Coulomb (SR)   COM Pull En.      Potential
    0.00000e+00   -4.98455e+06   -3.86300e+04    3.94296e+05   -4.06330e+06
    Kinetic En.   Total Energy  Conserved En.    Temperature Pressure (bar)
    8.09997e+05   -3.25330e+06   -2.06478e+06    3.03726e+02   -1.48434e+03
   Constr. rmsd
    1.80282e-05

           Step           Time
         357000     1963.50000

   Energies (kJ/mol)
           Bond          Angle       G96Angle    Proper Dih.          LJ-14
    6.34370e+05    1.44476e+05    2.02678e+04    3.80812e+04   -2.73433e+05
     Coulomb-14        LJ (SR)   Coulomb (SR)   COM Pull En.      Potential
    0.00000e+00   -4.99122e+06   -3.86319e+04    3.94670e+05   -4.07142e+06
    Kinetic En.   Total Energy  Conserved En.    Temperature Pressure (bar)
    8.10658e+05   -3.26077e+06   -2.06691e+06    3.03974e+02   -1.47319e+03
   Constr. rmsd
    1.82164e-05

           Step           Time
         358000     1969.00000

   Energies (kJ/mol)
           Bond          Angle       G96Angle    Proper Dih.          LJ-14
    6.36442e+05    1.44356e+05    2.03508e+04    3.78753e+04   -2.73411e+05
     Coulomb-14        LJ (SR)   Coulomb (SR)   COM Pull En.      Potential
    0.00000e+00   -4.98948e+06   -3.84737e+04    3.92088e+05   -4.07025e+06
    Kinetic En.   Total Energy  Conserved En.    Temperature Pressure (bar)
    8.11117e+05   -3.25914e+06   -2.06639e+06    3.04146e+02   -1.46412e+03
   Constr. rmsd
    2.09407e-05

           Step           Time
         359000     1974.50000

   Energies (kJ/mol)
           Bond          Angle       G96Angle    Proper Dih.          LJ-14
    6.35188e+05    1.44515e+05    2.02555e+04    3.77878e+04   -2.72911e+05
     Coulomb-14        LJ (SR)   Coulomb (SR)   COM Pull En.      Potential
    0.00000e+00   -4.98782e+06   -3.85247e+04    3.94245e+05   -4.06727e+06
    Kinetic En.   Total Energy  Conserved En.    Temperature Pressure (bar)
    8.09745e+05   -3.25752e+06   -2.06463e+06    3.03631e+02   -1.45640e+03
   Constr. rmsd
    1.79074e-05

           Step           Time
         360000     1980.00000

   Energies (kJ/mol)
           Bond          Angle       G96Angle    Proper Dih.          LJ-14
    6.34990e+05    1.44093e+05    2.03622e+04    3.81242e+04   -2.73755e+05
     Coulomb-14        LJ (SR)   Coulomb (SR)   COM Pull En.      Potential
    0.00000e+00   -4.98968e+06   -3.86145e+04    3.93018e+05   -4.07147e+06
    Kinetic En.   Total Energy  Conserved En.    Temperature Pressure (bar)
    8.12417e+05   -3.25905e+06   -2.06424e+06    3.04633e+02   -1.45206e+03
   Constr. rmsd
    1.61240e-05

           Step           Time
         361000     1985.50000

   Energies (kJ/mol)
           Bond          Angle       G96Angle    Proper Dih.          LJ-14
    6.34687e+05    1.43905e+05    2.03337e+04    3.79455e+04   -2.73521e+05
     Coulomb-14        LJ (SR)   Coulomb (SR)   COM Pull En.      Potential
    0.00000e+00   -4.98747e+06   -3.86088e+04    3.94135e+05   -4.06860e+06
    Kinetic En.   Total Energy  Conserved En.    Temperature Pressure (bar)
    8.09174e+05   -3.25942e+06   -2.06249e+06    3.03417e+02   -1.47313e+03
   Constr. rmsd
    2.08566e-05

           Step           Time
         362000     1991.00000

   Energies (kJ/mol)
           Bond          Angle       G96Angle    Proper Dih.          LJ-14
    6.37451e+05    1.45015e+05    2.01036e+04    3.78576e+04   -2.73736e+05
     Coulomb-14        LJ (SR)   Coulomb (SR)   COM Pull En.      Potential
    0.00000e+00   -4.98629e+06   -3.85882e+04    3.92688e+05   -4.06550e+06
    Kinetic En.   Total Energy  Conserved En.    Temperature Pressure (bar)
    8.09965e+05   -3.25553e+06   -2.06051e+06    3.03714e+02   -1.49005e+03
   Constr. rmsd
    2.02639e-05

           Step           Time
         363000     1996.50000

   Energies (kJ/mol)
           Bond          Angle       G96Angle    Proper Dih.          LJ-14
    6.38958e+05    1.44185e+05    2.01377e+04    3.76489e+04   -2.73705e+05
     Coulomb-14        LJ (SR)   Coulomb (SR)   COM Pull En.      Potential
    0.00000e+00   -4.98485e+06   -3.85817e+04    3.91052e+05   -4.06515e+06
    Kinetic En.   Total Energy  Conserved En.    Temperature Pressure (bar)
    8.08959e+05   -3.25620e+06   -2.06015e+06    3.03337e+02   -1.47553e+03
   Constr. rmsd
    1.91661e-05

           Step           Time
         364000     2002.00000

   Energies (kJ/mol)
           Bond          Angle       G96Angle    Proper Dih.          LJ-14
    6.38897e+05    1.46181e+05    2.02124e+04    3.78212e+04   -2.73413e+05
     Coulomb-14        LJ (SR)   Coulomb (SR)   COM Pull En.      Potential
    0.00000e+00   -4.98427e+06   -3.84171e+04    3.89897e+05   -4.06309e+06
    Kinetic En.   Total Energy  Conserved En.    Temperature Pressure (bar)
    8.05151e+05   -3.25794e+06   -2.05907e+06    3.01909e+02   -1.49874e+03
   Constr. rmsd
    1.78068e-05

           Step           Time
         365000     2007.50000

   Energies (kJ/mol)
           Bond          Angle       G96Angle    Proper Dih.          LJ-14
    6.39559e+05    1.45623e+05    2.00287e+04    3.83399e+04   -2.73791e+05
     Coulomb-14        LJ (SR)   Coulomb (SR)   COM Pull En.      Potential
    0.00000e+00   -4.98307e+06   -3.84907e+04    3.90248e+05   -4.06155e+06
    Kinetic En.   Total Energy  Conserved En.    Temperature Pressure (bar)
    8.08645e+05   -3.25290e+06   -2.05882e+06    3.03219e+02   -1.48700e+03
   Constr. rmsd
    1.82252e-05

           Step           Time
         366000     2013.00000

   Energies (kJ/mol)
           Bond          Angle       G96Angle    Proper Dih.          LJ-14
    6.36067e+05    1.45296e+05    1.97555e+04    3.84925e+04   -2.73175e+05
     Coulomb-14        LJ (SR)   Coulomb (SR)   COM Pull En.      Potential
    0.00000e+00   -4.98674e+06   -3.85349e+04    3.90649e+05   -4.06819e+06
    Kinetic En.   Total Energy  Conserved En.    Temperature Pressure (bar)
    8.10163e+05   -3.25803e+06   -2.06132e+06    3.03788e+02   -1.45768e+03
   Constr. rmsd
    1.78339e-05

           Step           Time
         367000     2018.50000

   Energies (kJ/mol)
           Bond          Angle       G96Angle    Proper Dih.          LJ-14
    6.36066e+05    1.44552e+05    1.99476e+04    3.82324e+04   -2.73314e+05
     Coulomb-14        LJ (SR)   Coulomb (SR)   COM Pull En.      Potential
    0.00000e+00   -4.98863e+06   -3.84588e+04    3.91959e+05   -4.06965e+06
    Kinetic En.   Total Energy  Conserved En.    Temperature Pressure (bar)
    8.10685e+05   -3.25896e+06   -2.06053e+06    3.03984e+02   -1.47234e+03
   Constr. rmsd
    2.10880e-05

           Step           Time
         368000     2024.00000

   Energies (kJ/mol)
           Bond          Angle       G96Angle    Proper Dih.          LJ-14
    6.35287e+05    1.44087e+05    2.00337e+04    3.80626e+04   -2.73625e+05
     Coulomb-14        LJ (SR)   Coulomb (SR)   COM Pull En.      Potential
    0.00000e+00   -4.98851e+06   -3.84484e+04    3.93577e+05   -4.06954e+06
    Kinetic En.   Total Energy  Conserved En.    Temperature Pressure (bar)
    8.10288e+05   -3.25925e+06   -2.05861e+06    3.03835e+02   -1.46920e+03
   Constr. rmsd
    1.80374e-05

           Step           Time
         369000     2029.50000

   Energies (kJ/mol)
           Bond          Angle       G96Angle    Proper Dih.          LJ-14
    6.34602e+05    1.44441e+05    1.99583e+04    3.80840e+04   -2.73338e+05
     Coulomb-14        LJ (SR)   Coulomb (SR)   COM Pull En.      Potential
    0.00000e+00   -4.98721e+06   -3.85928e+04    3.93826e+05   -4.06823e+06
    Kinetic En.   Total Energy  Conserved En.    Temperature Pressure (bar)
    8.10596e+05   -3.25763e+06   -2.05827e+06    3.03951e+02   -1.47375e+03
   Constr. rmsd
    1.79099e-05

           Step           Time
         370000     2035.00000

   Energies (kJ/mol)
           Bond          Angle       G96Angle    Proper Dih.          LJ-14
    6.36024e+05    1.44636e+05    2.01226e+04    3.79156e+04   -2.73187e+05
     Coulomb-14        LJ (SR)   Coulomb (SR)   COM Pull En.      Potential
    0.00000e+00   -4.98355e+06   -3.85370e+04    3.93159e+05   -4.06342e+06
    Kinetic En.   Total Energy  Conserved En.    Temperature Pressure (bar)
    8.09235e+05   -3.25418e+06   -2.05613e+06    3.03440e+02   -1.48658e+03
   Constr. rmsd
    1.56145e-05

           Step           Time
         371000     2040.50000

   Energies (kJ/mol)
           Bond          Angle       G96Angle    Proper Dih.          LJ-14
    6.36053e+05    1.44686e+05    2.03205e+04    3.81636e+04   -2.73390e+05
     Coulomb-14        LJ (SR)   Coulomb (SR)   COM Pull En.      Potential
    0.00000e+00   -4.98366e+06   -3.84505e+04    3.92474e+05   -4.06380e+06
    Kinetic En.   Total Energy  Conserved En.    Temperature Pressure (bar)
    8.08918e+05   -3.25488e+06   -2.05559e+06    3.03321e+02   -1.48916e+03
   Constr. rmsd
    1.84787e-05

           Step           Time
         372000     2046.00000

   Energies (kJ/mol)
           Bond          Angle       G96Angle    Proper Dih.          LJ-14
    6.36534e+05    1.44017e+05    2.01407e+04    3.80574e+04   -2.73649e+05
     Coulomb-14        LJ (SR)   Coulomb (SR)   COM Pull En.      Potential
    0.00000e+00   -4.98523e+06   -3.84691e+04    3.93297e+05   -4.06530e+06
    Kinetic En.   Total Energy  Conserved En.    Temperature Pressure (bar)
    8.11681e+05   -3.25362e+06   -2.05642e+06    3.04357e+02   -1.47470e+03
   Constr. rmsd
    1.79079e-05

           Step           Time
         373000     2051.50000

   Energies (kJ/mol)
           Bond          Angle       G96Angle    Proper Dih.          LJ-14
    6.36946e+05    1.44999e+05    2.03463e+04    3.80945e+04   -2.73438e+05
     Coulomb-14        LJ (SR)   Coulomb (SR)   COM Pull En.      Potential
    0.00000e+00   -4.98514e+06   -3.84699e+04    3.91550e+05   -4.06511e+06
    Kinetic En.   Total Energy  Conserved En.    Temperature Pressure (bar)
    8.11843e+05   -3.25326e+06   -2.05547e+06    3.04418e+02   -1.48040e+03
   Constr. rmsd
    1.80605e-05

           Step           Time
         374000     2057.00000

   Energies (kJ/mol)
           Bond          Angle       G96Angle    Proper Dih.          LJ-14
    6.35648e+05    1.44601e+05    2.01110e+04    3.82395e+04   -2.73741e+05
     Coulomb-14        LJ (SR)   Coulomb (SR)   COM Pull En.      Potential
    0.00000e+00   -4.98786e+06   -3.87014e+04    3.91815e+05   -4.06989e+06
    Kinetic En.   Total Energy  Conserved En.    Temperature Pressure (bar)
    8.13235e+05   -3.25666e+06   -2.05627e+06    3.04940e+02   -1.46815e+03
   Constr. rmsd
    1.74232e-05

           Step           Time
         375000     2062.50000

   Energies (kJ/mol)
           Bond          Angle       G96Angle    Proper Dih.          LJ-14
    6.33921e+05    1.44670e+05    2.02812e+04    3.80713e+04   -2.73145e+05
     Coulomb-14        LJ (SR)   Coulomb (SR)   COM Pull En.      Potential
    0.00000e+00   -4.98609e+06   -3.86255e+04    3.93771e+05   -4.06715e+06
    Kinetic En.   Total Energy  Conserved En.    Temperature Pressure (bar)
    8.08277e+05   -3.25887e+06   -2.05475e+06    3.03081e+02   -1.47612e+03
   Constr. rmsd
    1.85963e-05

           Step           Time
         376000     2068.00000

   Energies (kJ/mol)
           Bond          Angle       G96Angle    Proper Dih.          LJ-14
    6.38138e+05    1.44792e+05    2.00407e+04    3.81204e+04   -2.73202e+05
     Coulomb-14        LJ (SR)   Coulomb (SR)   COM Pull En.      Potential
    0.00000e+00   -4.98724e+06   -3.85607e+04    3.89722e+05   -4.06819e+06
    Kinetic En.   Total Energy  Conserved En.    Temperature Pressure (bar)
    8.07146e+05   -3.26105e+06   -2.05395e+06    3.02657e+02   -1.48524e+03
   Constr. rmsd
    1.89321e-05

           Step           Time
         377000     2073.50000

   Energies (kJ/mol)
           Bond          Angle       G96Angle    Proper Dih.          LJ-14
    6.36048e+05    1.44011e+05    2.00520e+04    3.81991e+04   -2.73480e+05
     Coulomb-14        LJ (SR)   Coulomb (SR)   COM Pull En.      Potential
    0.00000e+00   -4.98918e+06   -3.85062e+04    3.91450e+05   -4.07140e+06
    Kinetic En.   Total Energy  Conserved En.    Temperature Pressure (bar)
    8.09363e+05   -3.26204e+06   -2.05457e+06    3.03488e+02   -1.47926e+03
   Constr. rmsd
    1.74815e-05

           Step           Time
         378000     2079.00000

   Energies (kJ/mol)
           Bond          Angle       G96Angle    Proper Dih.          LJ-14
    6.35327e+05    1.45429e+05    2.01191e+04    3.82451e+04   -2.73346e+05
     Coulomb-14        LJ (SR)   Coulomb (SR)   COM Pull En.      Potential
    0.00000e+00   -4.98392e+06   -3.84285e+04    3.91723e+05   -4.06485e+06
    Kinetic En.   Total Energy  Conserved En.    Temperature Pressure (bar)
    8.12748e+05   -3.25211e+06   -2.04553e+06    3.04758e+02   -1.46083e+03
   Constr. rmsd
    1.85939e-05

           Step           Time
         379000     2084.50000

   Energies (kJ/mol)
           Bond          Angle       G96Angle    Proper Dih.          LJ-14
    6.36073e+05    1.44757e+05    2.02728e+04    3.82934e+04   -2.73281e+05
     Coulomb-14        LJ (SR)   Coulomb (SR)   COM Pull En.      Potential
    0.00000e+00   -4.98371e+06   -3.85767e+04    3.92375e+05   -4.06379e+06
    Kinetic En.   Total Energy  Conserved En.    Temperature Pressure (bar)
    8.11079e+05   -3.25272e+06   -2.04478e+06    3.04132e+02   -1.47032e+03
   Constr. rmsd
    1.83694e-05

           Step           Time
         380000     2090.00000

   Energies (kJ/mol)
           Bond          Angle       G96Angle    Proper Dih.          LJ-14
    6.35701e+05    1.44462e+05    1.99958e+04    3.84162e+04   -2.73121e+05
     Coulomb-14        LJ (SR)   Coulomb (SR)   COM Pull En.      Potential
    0.00000e+00   -4.99072e+06   -3.85923e+04    3.90842e+05   -4.07301e+06
    Kinetic En.   Total Energy  Conserved En.    Temperature Pressure (bar)
    8.07457e+05   -3.26556e+06   -2.04573e+06    3.02773e+02   -1.48183e+03
   Constr. rmsd
    1.70139e-05

           Step           Time
         381000     2095.50000

   Energies (kJ/mol)
           Bond          Angle       G96Angle    Proper Dih.          LJ-14
    6.37031e+05    1.44419e+05    2.02059e+04    3.79607e+04   -2.72961e+05
     Coulomb-14        LJ (SR)   Coulomb (SR)   COM Pull En.      Potential
    0.00000e+00   -4.98503e+06   -3.85603e+04    3.90519e+05   -4.06642e+06
    Kinetic En.   Total Energy  Conserved En.    Temperature Pressure (bar)
    8.08018e+05   -3.25840e+06   -2.04152e+06    3.02984e+02   -1.48024e+03
   Constr. rmsd
    1.82748e-05

           Step           Time
         382000     2101.00000

   Energies (kJ/mol)
           Bond          Angle       G96Angle    Proper Dih.          LJ-14
    6.35441e+05    1.45203e+05    2.03270e+04    3.86428e+04   -2.73146e+05
     Coulomb-14        LJ (SR)   Coulomb (SR)   COM Pull En.      Potential
    0.00000e+00   -4.98684e+06   -3.85020e+04    3.91553e+05   -4.06732e+06
    Kinetic En.   Total Energy  Conserved En.    Temperature Pressure (bar)
    8.11941e+05   -3.25538e+06   -2.03788e+06    3.04455e+02   -1.47368e+03
   Constr. rmsd
    1.63607e-05

           Step           Time
         383000     2106.50000

   Energies (kJ/mol)
           Bond          Angle       G96Angle    Proper Dih.          LJ-14
    6.36794e+05    1.44905e+05    2.01453e+04    3.83560e+04   -2.73588e+05
     Coulomb-14        LJ (SR)   Coulomb (SR)   COM Pull En.      Potential
    0.00000e+00   -4.98336e+06   -3.86966e+04    3.92492e+05   -4.06295e+06
    Kinetic En.   Total Energy  Conserved En.    Temperature Pressure (bar)
    8.11478e+05   -3.25147e+06   -2.03410e+06    3.04281e+02   -1.49707e+03
   Constr. rmsd
    1.69054e-05

           Step           Time
         384000     2112.00000

   Energies (kJ/mol)
           Bond          Angle       G96Angle    Proper Dih.          LJ-14
    6.37398e+05    1.44557e+05    2.04046e+04    3.85463e+04   -2.73265e+05
     Coulomb-14        LJ (SR)   Coulomb (SR)   COM Pull En.      Potential
    0.00000e+00   -4.98498e+06   -3.86808e+04    3.90795e+05   -4.06523e+06
    Kinetic En.   Total Energy  Conserved En.    Temperature Pressure (bar)
    8.10835e+05   -3.25440e+06   -2.03435e+06    3.04040e+02   -1.49393e+03
   Constr. rmsd
    1.66633e-05

           Step           Time
         385000     2117.50000

   Energies (kJ/mol)
           Bond          Angle       G96Angle    Proper Dih.          LJ-14
    6.35335e+05    1.44667e+05    2.03560e+04    3.84123e+04   -2.72871e+05
     Coulomb-14        LJ (SR)   Coulomb (SR)   COM Pull En.      Potential
    0.00000e+00   -4.98563e+06   -3.86177e+04    3.91852e+05   -4.06650e+06
    Kinetic En.   Total Energy  Conserved En.    Temperature Pressure (bar)
    8.09440e+05   -3.25706e+06   -2.03339e+06    3.03517e+02   -1.47740e+03
   Constr. rmsd
    1.77038e-05

           Step           Time
         386000     2123.00000

   Energies (kJ/mol)
           Bond          Angle       G96Angle    Proper Dih.          LJ-14
    6.34975e+05    1.43989e+05    2.04504e+04    3.85203e+04   -2.73198e+05
     Coulomb-14        LJ (SR)   Coulomb (SR)   COM Pull En.      Potential
    0.00000e+00   -4.98714e+06   -3.86903e+04    3.93044e+05   -4.06805e+06
    Kinetic En.   Total Energy  Conserved En.    Temperature Pressure (bar)
    8.10652e+05   -3.25739e+06   -2.02685e+06    3.03971e+02   -1.48436e+03
   Constr. rmsd
    1.59096e-05

           Step           Time
         387000     2128.50000

   Energies (kJ/mol)
           Bond          Angle       G96Angle    Proper Dih.          LJ-14
    6.33945e+05    1.44331e+05    2.01227e+04    3.85349e+04   -2.73116e+05
     Coulomb-14        LJ (SR)   Coulomb (SR)   COM Pull En.      Potential
    0.00000e+00   -4.98610e+06   -3.86244e+04    3.93678e+05   -4.06723e+06
    Kinetic En.   Total Energy  Conserved En.    Temperature Pressure (bar)
    8.06804e+05   -3.26043e+06   -2.02558e+06    3.02529e+02   -1.48418e+03
   Constr. rmsd
    1.67852e-05

           Step           Time
         388000     2134.00000

   Energies (kJ/mol)
           Bond          Angle       G96Angle    Proper Dih.          LJ-14
    6.36294e+05    1.44303e+05    2.05755e+04    3.81820e+04   -2.73147e+05
     Coulomb-14        LJ (SR)   Coulomb (SR)   COM Pull En.      Potential
    0.00000e+00   -4.98381e+06   -3.86693e+04    3.92896e+05   -4.06338e+06
    Kinetic En.   Total Energy  Conserved En.    Temperature Pressure (bar)
    8.08427e+05   -3.25495e+06   -2.02415e+06    3.03137e+02   -1.49564e+03
   Constr. rmsd
    1.81227e-05

           Step           Time
         389000     2139.50000

   Energies (kJ/mol)
           Bond          Angle       G96Angle    Proper Dih.          LJ-14
    6.34864e+05    1.44386e+05    2.02980e+04    3.82714e+04   -2.73003e+05
     Coulomb-14        LJ (SR)   Coulomb (SR)   COM Pull En.      Potential
    0.00000e+00   -4.98567e+06   -3.86566e+04    3.90482e+05   -4.06903e+06
    Kinetic En.   Total Energy  Conserved En.    Temperature Pressure (bar)
    8.10303e+05   -3.25873e+06   -2.02519e+06    3.03841e+02   -1.48737e+03
   Constr. rmsd
    1.67869e-05

           Step           Time
         390000     2145.00000

   Energies (kJ/mol)
           Bond          Angle       G96Angle    Proper Dih.          LJ-14
    6.35649e+05    1.44383e+05    2.03562e+04    3.80191e+04   -2.73128e+05
     Coulomb-14        LJ (SR)   Coulomb (SR)   COM Pull En.      Potential
    0.00000e+00   -4.98349e+06   -3.87226e+04    3.91994e+05   -4.06494e+06
    Kinetic En.   Total Energy  Conserved En.    Temperature Pressure (bar)
    8.10473e+05   -3.25446e+06   -2.02345e+06    3.03904e+02   -1.48637e+03
   Constr. rmsd
    1.86977e-05

           Step           Time
         391000     2150.50000

   Energies (kJ/mol)
           Bond          Angle       G96Angle    Proper Dih.          LJ-14
    6.36512e+05    1.43949e+05    2.02191e+04    3.80858e+04   -2.73145e+05
     Coulomb-14        LJ (SR)   Coulomb (SR)   COM Pull En.      Potential
    0.00000e+00   -4.98377e+06   -3.85829e+04    3.91612e+05   -4.06512e+06
    Kinetic En.   Total Energy  Conserved En.    Temperature Pressure (bar)
    8.10221e+05   -3.25490e+06   -2.02344e+06    3.03810e+02   -1.49023e+03
   Constr. rmsd
    1.90618e-05

           Step           Time
         392000     2156.00000

   Energies (kJ/mol)
           Bond          Angle       G96Angle    Proper Dih.          LJ-14
    6.35782e+05    1.43960e+05    2.02838e+04    3.80002e+04   -2.73450e+05
     Coulomb-14        LJ (SR)   Coulomb (SR)   COM Pull En.      Potential
    0.00000e+00   -4.98760e+06   -3.87176e+04    3.89695e+05   -4.07204e+06
    Kinetic En.   Total Energy  Conserved En.    Temperature Pressure (bar)
    8.08868e+05   -3.26317e+06   -2.02484e+06    3.03303e+02   -1.47797e+03
   Constr. rmsd
    1.63257e-05

           Step           Time
         393000     2161.50000

   Energies (kJ/mol)
           Bond          Angle       G96Angle    Proper Dih.          LJ-14
    6.36493e+05    1.44883e+05    2.01417e+04    3.81171e+04   -2.73131e+05
     Coulomb-14        LJ (SR)   Coulomb (SR)   COM Pull En.      Potential
    0.00000e+00   -4.98856e+06   -3.86335e+04    3.89016e+05   -4.07167e+06
    Kinetic En.   Total Energy  Conserved En.    Temperature Pressure (bar)
    8.07679e+05   -3.26399e+06   -2.02397e+06    3.02857e+02   -1.49133e+03
   Constr. rmsd
    1.67108e-05

           Step           Time
         394000     2167.00000

   Energies (kJ/mol)
           Bond          Angle       G96Angle    Proper Dih.          LJ-14
    6.35921e+05    1.43878e+05    2.01542e+04    3.82038e+04   -2.73049e+05
     Coulomb-14        LJ (SR)   Coulomb (SR)   COM Pull En.      Potential
    0.00000e+00   -4.98728e+06   -3.85639e+04    3.90197e+05   -4.07053e+06
    Kinetic En.   Total Energy  Conserved En.    Temperature Pressure (bar)
    8.05242e+05   -3.26529e+06   -2.02305e+06    3.01943e+02   -1.49168e+03
   Constr. rmsd
    1.85595e-05

           Step           Time
         395000     2172.50000

   Energies (kJ/mol)
           Bond          Angle       G96Angle    Proper Dih.          LJ-14
    6.36875e+05    1.45215e+05    2.01404e+04    3.80063e+04   -2.72699e+05
     Coulomb-14        LJ (SR)   Coulomb (SR)   COM Pull En.      Potential
    0.00000e+00   -4.98685e+06   -3.86820e+04    3.89364e+05   -4.06863e+06
    Kinetic En.   Total Energy  Conserved En.    Temperature Pressure (bar)
    8.03662e+05   -3.26497e+06   -2.02153e+06    3.01351e+02   -1.50314e+03
   Constr. rmsd
    1.78794e-05

           Step           Time
         396000     2178.00000

   Energies (kJ/mol)
           Bond          Angle       G96Angle    Proper Dih.          LJ-14
    6.37431e+05    1.44799e+05    2.01667e+04    3.78491e+04   -2.72586e+05
     Coulomb-14        LJ (SR)   Coulomb (SR)   COM Pull En.      Potential
    0.00000e+00   -4.98640e+06   -3.86637e+04    3.88980e+05   -4.06842e+06
    Kinetic En.   Total Energy  Conserved En.    Temperature Pressure (bar)
    8.08633e+05   -3.25979e+06   -2.02106e+06    3.03215e+02   -1.50798e+03
   Constr. rmsd
    1.91718e-05

           Step           Time
         397000     2183.50000

   Energies (kJ/mol)
           Bond          Angle       G96Angle    Proper Dih.          LJ-14
    6.39160e+05    1.45175e+05    2.01368e+04    3.78972e+04   -2.72491e+05
     Coulomb-14        LJ (SR)   Coulomb (SR)   COM Pull En.      Potential
    0.00000e+00   -4.98790e+06   -3.88034e+04    3.85261e+05   -4.07157e+06
    Kinetic En.   Total Energy  Conserved En.    Temperature Pressure (bar)
    8.06859e+05   -3.26471e+06   -2.02060e+06    3.02549e+02   -1.48663e+03
   Constr. rmsd
    1.79792e-05

           Step           Time
         398000     2189.00000

   Energies (kJ/mol)
           Bond          Angle       G96Angle    Proper Dih.          LJ-14
    6.40693e+05    1.44216e+05    2.03928e+04    3.74483e+04   -2.72358e+05
     Coulomb-14        LJ (SR)   Coulomb (SR)   COM Pull En.      Potential
    0.00000e+00   -4.98631e+06   -3.87616e+04    3.85624e+05   -4.06905e+06
    Kinetic En.   Total Energy  Conserved En.    Temperature Pressure (bar)
    8.07634e+05   -3.26142e+06   -2.01934e+06    3.02840e+02   -1.50256e+03
   Constr. rmsd
    1.81796e-05

           Step           Time
         399000     2194.50000

   Energies (kJ/mol)
           Bond          Angle       G96Angle    Proper Dih.          LJ-14
    6.38610e+05    1.45249e+05    2.01877e+04    3.78449e+04   -2.72700e+05
     Coulomb-14        LJ (SR)   Coulomb (SR)   COM Pull En.      Potential
    0.00000e+00   -4.98344e+06   -3.88050e+04    3.87953e+05   -4.06510e+06
    Kinetic En.   Total Energy  Conserved En.    Temperature Pressure (bar)
    8.07739e+05   -3.25736e+06   -2.01665e+06    3.02879e+02   -1.50662e+03
   Constr. rmsd
    1.75058e-05

           Step           Time
         400000     2200.00000

   Energies (kJ/mol)
           Bond          Angle       G96Angle    Proper Dih.          LJ-14
    6.36136e+05    1.44870e+05    1.98135e+04    3.80874e+04   -2.72311e+05
     Coulomb-14        LJ (SR)   Coulomb (SR)   COM Pull En.      Potential
    0.00000e+00   -4.98352e+06   -3.87888e+04    3.90866e+05   -4.06484e+06
    Kinetic En.   Total Energy  Conserved En.    Temperature Pressure (bar)
    8.04273e+05   -3.26057e+06   -2.01597e+06    3.01580e+02   -1.50177e+03
   Constr. rmsd
    1.93746e-05

           Step           Time
         401000     2205.50000

   Energies (kJ/mol)
           Bond          Angle       G96Angle    Proper Dih.          LJ-14
    6.36421e+05    1.45499e+05    1.99928e+04    3.80307e+04   -2.72893e+05
     Coulomb-14        LJ (SR)   Coulomb (SR)   COM Pull En.      Potential
    0.00000e+00   -4.98383e+06   -3.87343e+04    3.89720e+05   -4.06579e+06
    Kinetic En.   Total Energy  Conserved En.    Temperature Pressure (bar)
    8.05373e+05   -3.26042e+06   -2.01511e+06    3.01992e+02   -1.50577e+03
   Constr. rmsd
    1.70857e-05

           Step           Time
         402000     2211.00000

   Energies (kJ/mol)
           Bond          Angle       G96Angle    Proper Dih.          LJ-14
    6.33766e+05    1.44812e+05    2.01765e+04    3.85492e+04   -2.72415e+05
     Coulomb-14        LJ (SR)   Coulomb (SR)   COM Pull En.      Potential
    0.00000e+00   -4.98894e+06   -3.87629e+04    3.90513e+05   -4.07230e+06
    Kinetic En.   Total Energy  Conserved En.    Temperature Pressure (bar)
    8.09916e+05   -3.26239e+06   -2.01812e+06    3.03696e+02   -1.47538e+03
   Constr. rmsd
    1.60863e-05

           Step           Time
         403000     2216.50000

   Energies (kJ/mol)
           Bond          Angle       G96Angle    Proper Dih.          LJ-14
    6.31994e+05    1.44448e+05    2.02862e+04    3.82910e+04   -2.72925e+05
     Coulomb-14        LJ (SR)   Coulomb (SR)   COM Pull En.      Potential
    0.00000e+00   -4.98955e+06   -3.87448e+04    3.92198e+05   -4.07400e+06
    Kinetic En.   Total Energy  Conserved En.    Temperature Pressure (bar)
    8.10930e+05   -3.26307e+06   -2.01762e+06    3.04076e+02   -1.47286e+03
   Constr. rmsd
    1.82427e-05

           Step           Time
         404000     2222.00000

   Energies (kJ/mol)
           Bond          Angle       G96Angle    Proper Dih.          LJ-14
    6.32630e+05    1.44467e+05    1.98193e+04    3.80444e+04   -2.72572e+05
     Coulomb-14        LJ (SR)   Coulomb (SR)   COM Pull En.      Potential
    0.00000e+00   -4.98798e+06   -3.88644e+04    3.90210e+05   -4.07425e+06
    Kinetic En.   Total Energy  Conserved En.    Temperature Pressure (bar)
    8.09556e+05   -3.26469e+06   -2.01769e+06    3.03561e+02   -1.46025e+03
   Constr. rmsd
    1.72668e-05



Received the INT signal, stopping within 100 steps

           Step           Time
         404720     2225.96000

Writing checkpoint, step 404720 at Mon May 18 14:46:27 2026


   Energies (kJ/mol)
           Bond          Angle       G96Angle    Proper Dih.          LJ-14
    6.35199e+05    1.44495e+05    2.03557e+04    3.80079e+04   -2.72969e+05
     Coulomb-14        LJ (SR)   Coulomb (SR)   COM Pull En.      Potential
    0.00000e+00   -4.98846e+06   -3.88002e+04    3.89388e+05   -4.07279e+06
    Kinetic En.   Total Energy  Conserved En.    Temperature Pressure (bar)
    8.09943e+05   -3.26284e+06   -2.01681e+06    3.03706e+02   -1.47116e+03
   Constr. rmsd
    1.85776e-05


Energy conservation over simulation part #1 of length 2225.96 ps, time 0 to 2225.96 ps
  Conserved energy drift: 1.16e-03 kJ/mol/ps per atom


	<======  ###############  ==>
	<====  A V E R A G E S  ====>
	<==  ###############  ======>

	Statistics over 404721 steps using 4048 frames

   Energies (kJ/mol)
           Bond          Angle       G96Angle    Proper Dih.          LJ-14
    6.23123e+05    1.45617e+05    2.02714e+04    3.71580e+04   -2.76178e+05
     Coulomb-14        LJ (SR)   Coulomb (SR)   COM Pull En.      Potential
    0.00000e+00   -4.98159e+06   -3.82897e+04    4.32701e+05   -4.03719e+06
    Kinetic En.   Total Energy  Conserved En.    Temperature Pressure (bar)
    8.09328e+05   -3.22786e+06   -2.25428e+06    3.03475e+02   -1.48898e+03
   Constr. rmsd
    0.00000e+00

          Box-X          Box-Y          Box-Z
    1.46805e+01    1.46805e+01    1.07657e+02

   Total Virial (kJ/mol)
    2.38109e+05    1.12939e+02    3.51178e+01
    1.12946e+02    2.38634e+05    2.04593e+02
    3.51286e+01    2.04624e+02    3.45331e+06

   Pressure (bar)
    4.36973e+01   -1.24556e-01   -7.44755e-02
   -1.24566e-01    4.29914e+01   -2.95287e-01
   -7.44908e-02   -2.95331e-01   -4.55364e+03

      T-Protein  T-non-Protein
    3.04348e+02    3.03250e+02


	M E G A - F L O P S   A C C O U N T I N G

 NB=Group-cutoff nonbonded kernels    NxN=N-by-N cluster Verlet kernels
 RF=Reaction-Field  VdW=Van der Waals  QSTab=quadratic-spline table
 W3=SPC/TIP3p  W4=TIP4p (single or pairs)
 V&F=Potential and force  V=Potential only  F=Force only

 Computing:                               M-Number         M-Flops  % Flops
-----------------------------------------------------------------------------
 Pair Search distance check          741933.271104     6677399.440     0.5
 NxN RF Elec. + LJ [F]             31752731.856064  1206603810.530    97.4
 NxN RF Elec. + LJ [V&F]             320878.670400    17327448.202     1.4
 1,4 nonbonded interactions           15206.177412     1368555.967     0.1
 Shift-X                               4913.422178       29480.533     0.0
 Bonds                                15776.834022      930833.207     0.1
 Angles                               18882.662976     3172287.380     0.3
 Propers                              10421.161029     2386445.876     0.2
 Virial                                 983.255111       17698.592     0.0
 Stop-CM                                983.072906        9830.729     0.0
 Calc-Ekin                             3931.077654      106139.097     0.0
 Lincs                                 3449.858852      206991.531     0.0
 Lincs-Mat                            17382.043404       69528.174     0.0
 Constraint-V                          6899.700656       62097.306     0.0
 Constraint-Vir                          34.513676         828.328     0.0
 Virtual Site N                       10676.254860      160143.823     0.0
-----------------------------------------------------------------------------
 Total                                              1239129518.715   100.0
-----------------------------------------------------------------------------


      R E A L   C Y C L E   A N D   T I M E   A C C O U N T I N G

On 1 MPI rank, each using 8 OpenMP threads

 Activity:              Num   Num      Call    Wall time         Giga-Cycles
                        Ranks Threads  Count      (s)         total sum    %
--------------------------------------------------------------------------------
 Vsite constr.             1    8     404721      28.466        603.476   4.0
 Neighbor search           1    8      20237     270.659       5737.998  38.1
 Launch PP GPU ops.        1    8     789205      17.067        361.827   2.4
 Force                     1    8     404721      88.874       1884.131  12.5
 Wait Bonded GPU           1    8       4049       0.014          0.303   0.0
 Wait GPU NB local         1    8     404721       1.676         35.528   0.2
 Wait GPU state copy       1    8     400672     101.162       2144.631  14.2
 NB X/F buffer ops.        1    8       4049       1.289         27.330   0.2
 Vsite spread              1    8     408770      65.711       1393.075   9.3
 COM pull force            1    8     404721       3.978         84.335   0.6
 Write traj.               1    8        406       5.605        118.822   0.8
 Update                    1    8     404721      63.380       1343.668   8.9
 Constraints               1    8     404723      45.904        973.159   6.5
 Kinetic energy            1    8      16190       2.895         61.378   0.4
 Rest                                             13.498        286.155   1.9
--------------------------------------------------------------------------------
 Total                                           710.178      15055.816 100.0
--------------------------------------------------------------------------------

NOTE: 38 % of the run time was spent in pair search,
      you might want to increase nstlist (this has no effect on accuracy)

               Core t (s)   Wall t (s)        (%)
       Time:     5681.407      710.178      800.0
                 (ns/day)    (hour/ns)    (ms/step)  (Matom*steps/s) 
Performance:      270.810        0.089        1.755          138.365 
Finished mdrun on rank 0 Mon May 18 14:46:27 2026

